AMDuProfPcm Report,,,,,,,,,,,,,,,,,,,,,,,,,,,,,,,,,,,,,,,,,,,,,,,,,,,,,,,,,,,,,,,,,,,,,,,,,,,,,,,,,,,,,,,,,,,,,,,,,,,,,,,,,,,,,,,,,,,,,,,,,,,,,,,,,,,,,,,,,,,,,,,,,,,,,,,,,,,,,,,,,,,,,,,,,,,,,,,,,,,,,,,,,,,,,,,,,,,,,,,,,,,,,,,,,,,,,,,,,,,,,,,,,,,,,,,,,,,,,,,,,,,,,,,,,,,,,,,,,,,,,,,,,,,,,,,,,,,,,,,,,,,,,,,,,,,,,,,,,,,,,,,,,,,,,,,,,,,,,,,,,,,,,,,,,,,,,,,,,,,,,,,,,,,,,,,,,,,,,,,,,,,,,,,,,,,,,,,,,,,,,,,,,,,,,,,,,,,,,,,,,,,,,,,,,,,,,,,,,,,,,,,,,,,,,,,,,,,,,,,,,,,,,,,,,,,,,,,,,,,,,,,,,,,,,,,,,,,,,,,,,,,,,,,,,,,,,,,,,,,,,,,,,,,,,,,,,,,,,,,,,,,,,,,,,,,,,,,,,,,,,,,,,,,,,,,,,,,,,,,,,,,,,,,,,,,,,,,,,,,,,,,,,,,,,,,,,,,,,,,,,,,,,,,,,,,,,,,,,,,,,,,,,,,,,,,,,,,,,,,,,,,,
,,,,,,,,,,,,,,,,,,,,,,,,,,,,,,,,,,,,,,,,,,,,,,,,,,,,,,,,,,,,,,,,,,,,,,,,,,,,,,,,,,,,,,,,,,,,,,,,,,,,,,,,,,,,,,,,,,,,,,,,,,,,,,,,,,,,,,,,,,,,,,,,,,,,,,,,,,,,,,,,,,,,,,,,,,,,,,,,,,,,,,,,,,,,,,,,,,,,,,,,,,,,,,,,,,,,,,,,,,,,,,,,,,,,,,,,,,,,,,,,,,,,,,,,,,,,,,,,,,,,,,,,,,,,,,,,,,,,,,,,,,,,,,,,,,,,,,,,,,,,,,,,,,,,,,,,,,,,,,,,,,,,,,,,,,,,,,,,,,,,,,,,,,,,,,,,,,,,,,,,,,,,,,,,,,,,,,,,,,,,,,,,,,,,,,,,,,,,,,,,,,,,,,,,,,,,,,,,,,,,,,,,,,,,,,,,,,,,,,,,,,,,,,,,,,,,,,,,,,,,,,,,,,,,,,,,,,,,,,,,,,,,,,,,,,,,,,,,,,,,,,,,,,,,,,,,,,,,,,,,,,,,,,,,,,,,,,,,,,,,,,,,,,,,,,,,,,,,,,,,,,,,,,,,,,,,,,,,,,,,,,,,,,,,,,,,,,,,,,,,,,,,,,,,,,,,,,,,,,,,,,,,,,,,,,,,,,,,,,,,,,,,
Processor Name:,AMD Ryzen 7 7735H with Radeon Graphics,,,,,,,,,,,,,,,,,,,,,,,,,,,,,,,,,,,,,,,,,,,,,,,,,,,,,,,,,,,,,,,,,,,,,,,,,,,,,,,,,,,,,,,,,,,,,,,,,,,,,,,,,,,,,,,,,,,,,,,,,,,,,,,,,,,,,,,,,,,,,,,,,,,,,,,,,,,,,,,,,,,,,,,,,,,,,,,,,,,,,,,,,,,,,,,,,,,,,,,,,,,,,,,,,,,,,,,,,,,,,,,,,,,,,,,,,,,,,,,,,,,,,,,,,,,,,,,,,,,,,,,,,,,,,,,,,,,,,,,,,,,,,,,,,,,,,,,,,,,,,,,,,,,,,,,,,,,,,,,,,,,,,,,,,,,,,,,,,,,,,,,,,,,,,,,,,,,,,,,,,,,,,,,,,,,,,,,,,,,,,,,,,,,,,,,,,,,,,,,,,,,,,,,,,,,,,,,,,,,,,,,,,,,,,,,,,,,,,,,,,,,,,,,,,,,,,,,,,,,,,,,,,,,,,,,,,,,,,,,,,,,,,,,,,,,,,,,,,,,,,,,,,,,,,,,,,,,,,,,,,,,,,,,,,,,,,,,,,,,,,,,,,,,,,,,,,,,,,,,,,,,,,,,,,,,,,,,,,,,,,,,,,,,,,,,,,,,,,,,,,,,,,,,,,,,,,,,,,,,,,,,,,,,,,,,,,,,,,,,,,,,
System:,Family(0x19) Model(0x44) Stepping(0x1),,,,,,,,,,,,,,,,,,,,,,,,,,,,,,,,,,,,,,,,,,,,,,,,,,,,,,,,,,,,,,,,,,,,,,,,,,,,,,,,,,,,,,,,,,,,,,,,,,,,,,,,,,,,,,,,,,,,,,,,,,,,,,,,,,,,,,,,,,,,,,,,,,,,,,,,,,,,,,,,,,,,,,,,,,,,,,,,,,,,,,,,,,,,,,,,,,,,,,,,,,,,,,,,,,,,,,,,,,,,,,,,,,,,,,,,,,,,,,,,,,,,,,,,,,,,,,,,,,,,,,,,,,,,,,,,,,,,,,,,,,,,,,,,,,,,,,,,,,,,,,,,,,,,,,,,,,,,,,,,,,,,,,,,,,,,,,,,,,,,,,,,,,,,,,,,,,,,,,,,,,,,,,,,,,,,,,,,,,,,,,,,,,,,,,,,,,,,,,,,,,,,,,,,,,,,,,,,,,,,,,,,,,,,,,,,,,,,,,,,,,,,,,,,,,,,,,,,,,,,,,,,,,,,,,,,,,,,,,,,,,,,,,,,,,,,,,,,,,,,,,,,,,,,,,,,,,,,,,,,,,,,,,,,,,,,,,,,,,,,,,,,,,,,,,,,,,,,,,,,,,,,,,,,,,,,,,,,,,,,,,,,,,,,,,,,,,,,,,,,,,,,,,,,,,,,,,,,,,,,,,,,,,,,,,,,,,,,,,,,,,,
Number of Sockets :,1,,,,,,,,,,,,,,,,,,,,,,,,,,,,,,,,,,,,,,,,,,,,,,,,,,,,,,,,,,,,,,,,,,,,,,,,,,,,,,,,,,,,,,,,,,,,,,,,,,,,,,,,,,,,,,,,,,,,,,,,,,,,,,,,,,,,,,,,,,,,,,,,,,,,,,,,,,,,,,,,,,,,,,,,,,,,,,,,,,,,,,,,,,,,,,,,,,,,,,,,,,,,,,,,,,,,,,,,,,,,,,,,,,,,,,,,,,,,,,,,,,,,,,,,,,,,,,,,,,,,,,,,,,,,,,,,,,,,,,,,,,,,,,,,,,,,,,,,,,,,,,,,,,,,,,,,,,,,,,,,,,,,,,,,,,,,,,,,,,,,,,,,,,,,,,,,,,,,,,,,,,,,,,,,,,,,,,,,,,,,,,,,,,,,,,,,,,,,,,,,,,,,,,,,,,,,,,,,,,,,,,,,,,,,,,,,,,,,,,,,,,,,,,,,,,,,,,,,,,,,,,,,,,,,,,,,,,,,,,,,,,,,,,,,,,,,,,,,,,,,,,,,,,,,,,,,,,,,,,,,,,,,,,,,,,,,,,,,,,,,,,,,,,,,,,,,,,,,,,,,,,,,,,,,,,,,,,,,,,,,,,,,,,,,,,,,,,,,,,,,,,,,,,,,,,,,,,,,,,,,,,,,,,,,,,,,,,,,,,,,,,,
Number of Core Complexes(CCX) :,1,,,,,,,,,,,,,,,,,,,,,,,,,,,,,,,,,,,,,,,,,,,,,,,,,,,,,,,,,,,,,,,,,,,,,,,,,,,,,,,,,,,,,,,,,,,,,,,,,,,,,,,,,,,,,,,,,,,,,,,,,,,,,,,,,,,,,,,,,,,,,,,,,,,,,,,,,,,,,,,,,,,,,,,,,,,,,,,,,,,,,,,,,,,,,,,,,,,,,,,,,,,,,,,,,,,,,,,,,,,,,,,,,,,,,,,,,,,,,,,,,,,,,,,,,,,,,,,,,,,,,,,,,,,,,,,,,,,,,,,,,,,,,,,,,,,,,,,,,,,,,,,,,,,,,,,,,,,,,,,,,,,,,,,,,,,,,,,,,,,,,,,,,,,,,,,,,,,,,,,,,,,,,,,,,,,,,,,,,,,,,,,,,,,,,,,,,,,,,,,,,,,,,,,,,,,,,,,,,,,,,,,,,,,,,,,,,,,,,,,,,,,,,,,,,,,,,,,,,,,,,,,,,,,,,,,,,,,,,,,,,,,,,,,,,,,,,,,,,,,,,,,,,,,,,,,,,,,,,,,,,,,,,,,,,,,,,,,,,,,,,,,,,,,,,,,,,,,,,,,,,,,,,,,,,,,,,,,,,,,,,,,,,,,,,,,,,,,,,,,,,,,,,,,,,,,,,,,,,,,,,,,,,,,,,,,,,,,,,,,,,,,
Number of Cores :,8,,,,,,,,,,,,,,,,,,,,,,,,,,,,,,,,,,,,,,,,,,,,,,,,,,,,,,,,,,,,,,,,,,,,,,,,,,,,,,,,,,,,,,,,,,,,,,,,,,,,,,,,,,,,,,,,,,,,,,,,,,,,,,,,,,,,,,,,,,,,,,,,,,,,,,,,,,,,,,,,,,,,,,,,,,,,,,,,,,,,,,,,,,,,,,,,,,,,,,,,,,,,,,,,,,,,,,,,,,,,,,,,,,,,,,,,,,,,,,,,,,,,,,,,,,,,,,,,,,,,,,,,,,,,,,,,,,,,,,,,,,,,,,,,,,,,,,,,,,,,,,,,,,,,,,,,,,,,,,,,,,,,,,,,,,,,,,,,,,,,,,,,,,,,,,,,,,,,,,,,,,,,,,,,,,,,,,,,,,,,,,,,,,,,,,,,,,,,,,,,,,,,,,,,,,,,,,,,,,,,,,,,,,,,,,,,,,,,,,,,,,,,,,,,,,,,,,,,,,,,,,,,,,,,,,,,,,,,,,,,,,,,,,,,,,,,,,,,,,,,,,,,,,,,,,,,,,,,,,,,,,,,,,,,,,,,,,,,,,,,,,,,,,,,,,,,,,,,,,,,,,,,,,,,,,,,,,,,,,,,,,,,,,,,,,,,,,,,,,,,,,,,,,,,,,,,,,,,,,,,,,,,,,,,,,,,,,,,,,,,,,,
Number of Threads :,16,,,,,,,,,,,,,,,,,,,,,,,,,,,,,,,,,,,,,,,,,,,,,,,,,,,,,,,,,,,,,,,,,,,,,,,,,,,,,,,,,,,,,,,,,,,,,,,,,,,,,,,,,,,,,,,,,,,,,,,,,,,,,,,,,,,,,,,,,,,,,,,,,,,,,,,,,,,,,,,,,,,,,,,,,,,,,,,,,,,,,,,,,,,,,,,,,,,,,,,,,,,,,,,,,,,,,,,,,,,,,,,,,,,,,,,,,,,,,,,,,,,,,,,,,,,,,,,,,,,,,,,,,,,,,,,,,,,,,,,,,,,,,,,,,,,,,,,,,,,,,,,,,,,,,,,,,,,,,,,,,,,,,,,,,,,,,,,,,,,,,,,,,,,,,,,,,,,,,,,,,,,,,,,,,,,,,,,,,,,,,,,,,,,,,,,,,,,,,,,,,,,,,,,,,,,,,,,,,,,,,,,,,,,,,,,,,,,,,,,,,,,,,,,,,,,,,,,,,,,,,,,,,,,,,,,,,,,,,,,,,,,,,,,,,,,,,,,,,,,,,,,,,,,,,,,,,,,,,,,,,,,,,,,,,,,,,,,,,,,,,,,,,,,,,,,,,,,,,,,,,,,,,,,,,,,,,,,,,,,,,,,,,,,,,,,,,,,,,,,,,,,,,,,,,,,,,,,,,,,,,,,,,,,,,,,,,,,,,,,,,,,
SMT Enabled in HW:,TRUE,,,,,,,,,,,,,,,,,,,,,,,,,,,,,,,,,,,,,,,,,,,,,,,,,,,,,,,,,,,,,,,,,,,,,,,,,,,,,,,,,,,,,,,,,,,,,,,,,,,,,,,,,,,,,,,,,,,,,,,,,,,,,,,,,,,,,,,,,,,,,,,,,,,,,,,,,,,,,,,,,,,,,,,,,,,,,,,,,,,,,,,,,,,,,,,,,,,,,,,,,,,,,,,,,,,,,,,,,,,,,,,,,,,,,,,,,,,,,,,,,,,,,,,,,,,,,,,,,,,,,,,,,,,,,,,,,,,,,,,,,,,,,,,,,,,,,,,,,,,,,,,,,,,,,,,,,,,,,,,,,,,,,,,,,,,,,,,,,,,,,,,,,,,,,,,,,,,,,,,,,,,,,,,,,,,,,,,,,,,,,,,,,,,,,,,,,,,,,,,,,,,,,,,,,,,,,,,,,,,,,,,,,,,,,,,,,,,,,,,,,,,,,,,,,,,,,,,,,,,,,,,,,,,,,,,,,,,,,,,,,,,,,,,,,,,,,,,,,,,,,,,,,,,,,,,,,,,,,,,,,,,,,,,,,,,,,,,,,,,,,,,,,,,,,,,,,,,,,,,,,,,,,,,,,,,,,,,,,,,,,,,,,,,,,,,,,,,,,,,,,,,,,,,,,,,,,,,,,,,,,,,,,,,,,,,,,,,,,,,,,,,
,,,,,,,,,,,,,,,,,,,,,,,,,,,,,,,,,,,,,,,,,,,,,,,,,,,,,,,,,,,,,,,,,,,,,,,,,,,,,,,,,,,,,,,,,,,,,,,,,,,,,,,,,,,,,,,,,,,,,,,,,,,,,,,,,,,,,,,,,,,,,,,,,,,,,,,,,,,,,,,,,,,,,,,,,,,,,,,,,,,,,,,,,,,,,,,,,,,,,,,,,,,,,,,,,,,,,,,,,,,,,,,,,,,,,,,,,,,,,,,,,,,,,,,,,,,,,,,,,,,,,,,,,,,,,,,,,,,,,,,,,,,,,,,,,,,,,,,,,,,,,,,,,,,,,,,,,,,,,,,,,,,,,,,,,,,,,,,,,,,,,,,,,,,,,,,,,,,,,,,,,,,,,,,,,,,,,,,,,,,,,,,,,,,,,,,,,,,,,,,,,,,,,,,,,,,,,,,,,,,,,,,,,,,,,,,,,,,,,,,,,,,,,,,,,,,,,,,,,,,,,,,,,,,,,,,,,,,,,,,,,,,,,,,,,,,,,,,,,,,,,,,,,,,,,,,,,,,,,,,,,,,,,,,,,,,,,,,,,,,,,,,,,,,,,,,,,,,,,,,,,,,,,,,,,,,,,,,,,,,,,,,,,,,,,,,,,,,,,,,,,,,,,,,,,,,,,,,,,,,,,,,,,,,,,,,,,,,,,,,,,,,,
CPU Topology:,,,,,,,,,,,,,,,,,,,,,,,,,,,,,,,,,,,,,,,,,,,,,,,,,,,,,,,,,,,,,,,,,,,,,,,,,,,,,,,,,,,,,,,,,,,,,,,,,,,,,,,,,,,,,,,,,,,,,,,,,,,,,,,,,,,,,,,,,,,,,,,,,,,,,,,,,,,,,,,,,,,,,,,,,,,,,,,,,,,,,,,,,,,,,,,,,,,,,,,,,,,,,,,,,,,,,,,,,,,,,,,,,,,,,,,,,,,,,,,,,,,,,,,,,,,,,,,,,,,,,,,,,,,,,,,,,,,,,,,,,,,,,,,,,,,,,,,,,,,,,,,,,,,,,,,,,,,,,,,,,,,,,,,,,,,,,,,,,,,,,,,,,,,,,,,,,,,,,,,,,,,,,,,,,,,,,,,,,,,,,,,,,,,,,,,,,,,,,,,,,,,,,,,,,,,,,,,,,,,,,,,,,,,,,,,,,,,,,,,,,,,,,,,,,,,,,,,,,,,,,,,,,,,,,,,,,,,,,,,,,,,,,,,,,,,,,,,,,,,,,,,,,,,,,,,,,,,,,,,,,,,,,,,,,,,,,,,,,,,,,,,,,,,,,,,,,,,,,,,,,,,,,,,,,,,,,,,,,,,,,,,,,,,,,,,,,,,,,,,,,,,,,,,,,,,,,,,,,,,,,,,,,,,,,,,,,,,,,,,,,,,,
Socket, CCX, Core(s),,,,,,,,,,,,,,,,,,,,,,,,,,,,,,,,,,,,,,,,,,,,,,,,,,,,,,,,,,,,,,,,,,,,,,,,,,,,,,,,,,,,,,,,,,,,,,,,,,,,,,,,,,,,,,,,,,,,,,,,,,,,,,,,,,,,,,,,,,,,,,,,,,,,,,,,,,,,,,,,,,,,,,,,,,,,,,,,,,,,,,,,,,,,,,,,,,,,,,,,,,,,,,,,,,,,,,,,,,,,,,,,,,,,,,,,,,,,,,,,,,,,,,,,,,,,,,,,,,,,,,,,,,,,,,,,,,,,,,,,,,,,,,,,,,,,,,,,,,,,,,,,,,,,,,,,,,,,,,,,,,,,,,,,,,,,,,,,,,,,,,,,,,,,,,,,,,,,,,,,,,,,,,,,,,,,,,,,,,,,,,,,,,,,,,,,,,,,,,,,,,,,,,,,,,,,,,,,,,,,,,,,,,,,,,,,,,,,,,,,,,,,,,,,,,,,,,,,,,,,,,,,,,,,,,,,,,,,,,,,,,,,,,,,,,,,,,,,,,,,,,,,,,,,,,,,,,,,,,,,,,,,,,,,,,,,,,,,,,,,,,,,,,,,,,,,,,,,,,,,,,,,,,,,,,,,,,,,,,,,,,,,,,,,,,,,,,,,,,,,,,,,,,,,,,,,,,,,,,,,,,,,,,,,,,,,,,,,,,,,,,
0,0, 0 1 2 3 4 5 6 7 8 9 10 11 12 13 14 15,,,,,,,,,,,,,,,,,,,,,,,,,,,,,,,,,,,,,,,,,,,,,,,,,,,,,,,,,,,,,,,,,,,,,,,,,,,,,,,,,,,,,,,,,,,,,,,,,,,,,,,,,,,,,,,,,,,,,,,,,,,,,,,,,,,,,,,,,,,,,,,,,,,,,,,,,,,,,,,,,,,,,,,,,,,,,,,,,,,,,,,,,,,,,,,,,,,,,,,,,,,,,,,,,,,,,,,,,,,,,,,,,,,,,,,,,,,,,,,,,,,,,,,,,,,,,,,,,,,,,,,,,,,,,,,,,,,,,,,,,,,,,,,,,,,,,,,,,,,,,,,,,,,,,,,,,,,,,,,,,,,,,,,,,,,,,,,,,,,,,,,,,,,,,,,,,,,,,,,,,,,,,,,,,,,,,,,,,,,,,,,,,,,,,,,,,,,,,,,,,,,,,,,,,,,,,,,,,,,,,,,,,,,,,,,,,,,,,,,,,,,,,,,,,,,,,,,,,,,,,,,,,,,,,,,,,,,,,,,,,,,,,,,,,,,,,,,,,,,,,,,,,,,,,,,,,,,,,,,,,,,,,,,,,,,,,,,,,,,,,,,,,,,,,,,,,,,,,,,,,,,,,,,,,,,,,,,,,,,,,,,,,,,,,,,,,,,,,,,,,,,,,,,,,,,,,,,,,,,,,,,,,,,,,,,,,,,,,,,,,,
,,,,,,,,,,,,,,,,,,,,,,,,,,,,,,,,,,,,,,,,,,,,,,,,,,,,,,,,,,,,,,,,,,,,,,,,,,,,,,,,,,,,,,,,,,,,,,,,,,,,,,,,,,,,,,,,,,,,,,,,,,,,,,,,,,,,,,,,,,,,,,,,,,,,,,,,,,,,,,,,,,,,,,,,,,,,,,,,,,,,,,,,,,,,,,,,,,,,,,,,,,,,,,,,,,,,,,,,,,,,,,,,,,,,,,,,,,,,,,,,,,,,,,,,,,,,,,,,,,,,,,,,,,,,,,,,,,,,,,,,,,,,,,,,,,,,,,,,,,,,,,,,,,,,,,,,,,,,,,,,,,,,,,,,,,,,,,,,,,,,,,,,,,,,,,,,,,,,,,,,,,,,,,,,,,,,,,,,,,,,,,,,,,,,,,,,,,,,,,,,,,,,,,,,,,,,,,,,,,,,,,,,,,,,,,,,,,,,,,,,,,,,,,,,,,,,,,,,,,,,,,,,,,,,,,,,,,,,,,,,,,,,,,,,,,,,,,,,,,,,,,,,,,,,,,,,,,,,,,,,,,,,,,,,,,,,,,,,,,,,,,,,,,,,,,,,,,,,,,,,,,,,,,,,,,,,,,,,,,,,,,,,,,,,,,,,,,,,,,,,,,,,,,,,,,,,,,,,,,,,,,,,,,,,,,,,,,,,,,,,,,,,
Core P0 state frequency (MHz):,3200,,,,,,,,,,,,,,,,,,,,,,,,,,,,,,,,,,,,,,,,,,,,,,,,,,,,,,,,,,,,,,,,,,,,,,,,,,,,,,,,,,,,,,,,,,,,,,,,,,,,,,,,,,,,,,,,,,,,,,,,,,,,,,,,,,,,,,,,,,,,,,,,,,,,,,,,,,,,,,,,,,,,,,,,,,,,,,,,,,,,,,,,,,,,,,,,,,,,,,,,,,,,,,,,,,,,,,,,,,,,,,,,,,,,,,,,,,,,,,,,,,,,,,,,,,,,,,,,,,,,,,,,,,,,,,,,,,,,,,,,,,,,,,,,,,,,,,,,,,,,,,,,,,,,,,,,,,,,,,,,,,,,,,,,,,,,,,,,,,,,,,,,,,,,,,,,,,,,,,,,,,,,,,,,,,,,,,,,,,,,,,,,,,,,,,,,,,,,,,,,,,,,,,,,,,,,,,,,,,,,,,,,,,,,,,,,,,,,,,,,,,,,,,,,,,,,,,,,,,,,,,,,,,,,,,,,,,,,,,,,,,,,,,,,,,,,,,,,,,,,,,,,,,,,,,,,,,,,,,,,,,,,,,,,,,,,,,,,,,,,,,,,,,,,,,,,,,,,,,,,,,,,,,,,,,,,,,,,,,,,,,,,,,,,,,,,,,,,,,,,,,,,,,,,,,,,,,,,,,,,,,,,,,,,,,,,,,,,,,,,,,,
Multiplex interval (ms):,100,,,,,,,,,,,,,,,,,,,,,,,,,,,,,,,,,,,,,,,,,,,,,,,,,,,,,,,,,,,,,,,,,,,,,,,,,,,,,,,,,,,,,,,,,,,,,,,,,,,,,,,,,,,,,,,,,,,,,,,,,,,,,,,,,,,,,,,,,,,,,,,,,,,,,,,,,,,,,,,,,,,,,,,,,,,,,,,,,,,,,,,,,,,,,,,,,,,,,,,,,,,,,,,,,,,,,,,,,,,,,,,,,,,,,,,,,,,,,,,,,,,,,,,,,,,,,,,,,,,,,,,,,,,,,,,,,,,,,,,,,,,,,,,,,,,,,,,,,,,,,,,,,,,,,,,,,,,,,,,,,,,,,,,,,,,,,,,,,,,,,,,,,,,,,,,,,,,,,,,,,,,,,,,,,,,,,,,,,,,,,,,,,,,,,,,,,,,,,,,,,,,,,,,,,,,,,,,,,,,,,,,,,,,,,,,,,,,,,,,,,,,,,,,,,,,,,,,,,,,,,,,,,,,,,,,,,,,,,,,,,,,,,,,,,,,,,,,,,,,,,,,,,,,,,,,,,,,,,,,,,,,,,,,,,,,,,,,,,,,,,,,,,,,,,,,,,,,,,,,,,,,,,,,,,,,,,,,,,,,,,,,,,,,,,,,,,,,,,,,,,,,,,,,,,,,,,,,,,,,,,,,,,,,,,,,,,,,,,,,,,,,
Sample interval (ms):,1400,,,,,,,,,,,,,,,,,,,,,,,,,,,,,,,,,,,,,,,,,,,,,,,,,,,,,,,,,,,,,,,,,,,,,,,,,,,,,,,,,,,,,,,,,,,,,,,,,,,,,,,,,,,,,,,,,,,,,,,,,,,,,,,,,,,,,,,,,,,,,,,,,,,,,,,,,,,,,,,,,,,,,,,,,,,,,,,,,,,,,,,,,,,,,,,,,,,,,,,,,,,,,,,,,,,,,,,,,,,,,,,,,,,,,,,,,,,,,,,,,,,,,,,,,,,,,,,,,,,,,,,,,,,,,,,,,,,,,,,,,,,,,,,,,,,,,,,,,,,,,,,,,,,,,,,,,,,,,,,,,,,,,,,,,,,,,,,,,,,,,,,,,,,,,,,,,,,,,,,,,,,,,,,,,,,,,,,,,,,,,,,,,,,,,,,,,,,,,,,,,,,,,,,,,,,,,,,,,,,,,,,,,,,,,,,,,,,,,,,,,,,,,,,,,,,,,,,,,,,,,,,,,,,,,,,,,,,,,,,,,,,,,,,,,,,,,,,,,,,,,,,,,,,,,,,,,,,,,,,,,,,,,,,,,,,,,,,,,,,,,,,,,,,,,,,,,,,,,,,,,,,,,,,,,,,,,,,,,,,,,,,,,,,,,,,,,,,,,,,,,,,,,,,,,,,,,,,,,,,,,,,,,,,,,,,,,,,,,,,,,,,
Data Collection Driver:,MSR Driver,,,,,,,,,,,,,,,,,,,,,,,,,,,,,,,,,,,,,,,,,,,,,,,,,,,,,,,,,,,,,,,,,,,,,,,,,,,,,,,,,,,,,,,,,,,,,,,,,,,,,,,,,,,,,,,,,,,,,,,,,,,,,,,,,,,,,,,,,,,,,,,,,,,,,,,,,,,,,,,,,,,,,,,,,,,,,,,,,,,,,,,,,,,,,,,,,,,,,,,,,,,,,,,,,,,,,,,,,,,,,,,,,,,,,,,,,,,,,,,,,,,,,,,,,,,,,,,,,,,,,,,,,,,,,,,,,,,,,,,,,,,,,,,,,,,,,,,,,,,,,,,,,,,,,,,,,,,,,,,,,,,,,,,,,,,,,,,,,,,,,,,,,,,,,,,,,,,,,,,,,,,,,,,,,,,,,,,,,,,,,,,,,,,,,,,,,,,,,,,,,,,,,,,,,,,,,,,,,,,,,,,,,,,,,,,,,,,,,,,,,,,,,,,,,,,,,,,,,,,,,,,,,,,,,,,,,,,,,,,,,,,,,,,,,,,,,,,,,,,,,,,,,,,,,,,,,,,,,,,,,,,,,,,,,,,,,,,,,,,,,,,,,,,,,,,,,,,,,,,,,,,,,,,,,,,,,,,,,,,,,,,,,,,,,,,,,,,,,,,,,,,,,,,,,,,,,,,,,,,,,,,,,,,,,,,,,,,,,,,,,,,
Version:,5.2.431.0 (Public),,,,,,,,,,,,,,,,,,,,,,,,,,,,,,,,,,,,,,,,,,,,,,,,,,,,,,,,,,,,,,,,,,,,,,,,,,,,,,,,,,,,,,,,,,,,,,,,,,,,,,,,,,,,,,,,,,,,,,,,,,,,,,,,,,,,,,,,,,,,,,,,,,,,,,,,,,,,,,,,,,,,,,,,,,,,,,,,,,,,,,,,,,,,,,,,,,,,,,,,,,,,,,,,,,,,,,,,,,,,,,,,,,,,,,,,,,,,,,,,,,,,,,,,,,,,,,,,,,,,,,,,,,,,,,,,,,,,,,,,,,,,,,,,,,,,,,,,,,,,,,,,,,,,,,,,,,,,,,,,,,,,,,,,,,,,,,,,,,,,,,,,,,,,,,,,,,,,,,,,,,,,,,,,,,,,,,,,,,,,,,,,,,,,,,,,,,,,,,,,,,,,,,,,,,,,,,,,,,,,,,,,,,,,,,,,,,,,,,,,,,,,,,,,,,,,,,,,,,,,,,,,,,,,,,,,,,,,,,,,,,,,,,,,,,,,,,,,,,,,,,,,,,,,,,,,,,,,,,,,,,,,,,,,,,,,,,,,,,,,,,,,,,,,,,,,,,,,,,,,,,,,,,,,,,,,,,,,,,,,,,,,,,,,,,,,,,,,,,,,,,,,,,,,,,,,,,,,,,,,,,,,,,,,,,,,,,,,,,,,,,,
,,,,,,,,,,,,,,,,,,,,,,,,,,,,,,,,,,,,,,,,,,,,,,,,,,,,,,,,,,,,,,,,,,,,,,,,,,,,,,,,,,,,,,,,,,,,,,,,,,,,,,,,,,,,,,,,,,,,,,,,,,,,,,,,,,,,,,,,,,,,,,,,,,,,,,,,,,,,,,,,,,,,,,,,,,,,,,,,,,,,,,,,,,,,,,,,,,,,,,,,,,,,,,,,,,,,,,,,,,,,,,,,,,,,,,,,,,,,,,,,,,,,,,,,,,,,,,,,,,,,,,,,,,,,,,,,,,,,,,,,,,,,,,,,,,,,,,,,,,,,,,,,,,,,,,,,,,,,,,,,,,,,,,,,,,,,,,,,,,,,,,,,,,,,,,,,,,,,,,,,,,,,,,,,,,,,,,,,,,,,,,,,,,,,,,,,,,,,,,,,,,,,,,,,,,,,,,,,,,,,,,,,,,,,,,,,,,,,,,,,,,,,,,,,,,,,,,,,,,,,,,,,,,,,,,,,,,,,,,,,,,,,,,,,,,,,,,,,,,,,,,,,,,,,,,,,,,,,,,,,,,,,,,,,,,,,,,,,,,,,,,,,,,,,,,,,,,,,,,,,,,,,,,,,,,,,,,,,,,,,,,,,,,,,,,,,,,,,,,,,,,,,,,,,,,,,,,,,,,,,,,,,,,,,,,,,,,,,,,,,,,,,
Hypervisor Info:,,,,,,,,,,,,,,,,,,,,,,,,,,,,,,,,,,,,,,,,,,,,,,,,,,,,,,,,,,,,,,,,,,,,,,,,,,,,,,,,,,,,,,,,,,,,,,,,,,,,,,,,,,,,,,,,,,,,,,,,,,,,,,,,,,,,,,,,,,,,,,,,,,,,,,,,,,,,,,,,,,,,,,,,,,,,,,,,,,,,,,,,,,,,,,,,,,,,,,,,,,,,,,,,,,,,,,,,,,,,,,,,,,,,,,,,,,,,,,,,,,,,,,,,,,,,,,,,,,,,,,,,,,,,,,,,,,,,,,,,,,,,,,,,,,,,,,,,,,,,,,,,,,,,,,,,,,,,,,,,,,,,,,,,,,,,,,,,,,,,,,,,,,,,,,,,,,,,,,,,,,,,,,,,,,,,,,,,,,,,,,,,,,,,,,,,,,,,,,,,,,,,,,,,,,,,,,,,,,,,,,,,,,,,,,,,,,,,,,,,,,,,,,,,,,,,,,,,,,,,,,,,,,,,,,,,,,,,,,,,,,,,,,,,,,,,,,,,,,,,,,,,,,,,,,,,,,,,,,,,,,,,,,,,,,,,,,,,,,,,,,,,,,,,,,,,,,,,,,,,,,,,,,,,,,,,,,,,,,,,,,,,,,,,,,,,,,,,,,,,,,,,,,,,,,,,,,,,,,,,,,,,,,,,,,,,,,,,,,,,,,,,
Hypervisor Enabled:,TRUE,,,,,,,,,,,,,,,,,,,,,,,,,,,,,,,,,,,,,,,,,,,,,,,,,,,,,,,,,,,,,,,,,,,,,,,,,,,,,,,,,,,,,,,,,,,,,,,,,,,,,,,,,,,,,,,,,,,,,,,,,,,,,,,,,,,,,,,,,,,,,,,,,,,,,,,,,,,,,,,,,,,,,,,,,,,,,,,,,,,,,,,,,,,,,,,,,,,,,,,,,,,,,,,,,,,,,,,,,,,,,,,,,,,,,,,,,,,,,,,,,,,,,,,,,,,,,,,,,,,,,,,,,,,,,,,,,,,,,,,,,,,,,,,,,,,,,,,,,,,,,,,,,,,,,,,,,,,,,,,,,,,,,,,,,,,,,,,,,,,,,,,,,,,,,,,,,,,,,,,,,,,,,,,,,,,,,,,,,,,,,,,,,,,,,,,,,,,,,,,,,,,,,,,,,,,,,,,,,,,,,,,,,,,,,,,,,,,,,,,,,,,,,,,,,,,,,,,,,,,,,,,,,,,,,,,,,,,,,,,,,,,,,,,,,,,,,,,,,,,,,,,,,,,,,,,,,,,,,,,,,,,,,,,,,,,,,,,,,,,,,,,,,,,,,,,,,,,,,,,,,,,,,,,,,,,,,,,,,,,,,,,,,,,,,,,,,,,,,,,,,,,,,,,,,,,,,,,,,,,,,,,,,,,,,,,,,,,,,,,,,,,
Hypervisor Supported:,TRUE,,,,,,,,,,,,,,,,,,,,,,,,,,,,,,,,,,,,,,,,,,,,,,,,,,,,,,,,,,,,,,,,,,,,,,,,,,,,,,,,,,,,,,,,,,,,,,,,,,,,,,,,,,,,,,,,,,,,,,,,,,,,,,,,,,,,,,,,,,,,,,,,,,,,,,,,,,,,,,,,,,,,,,,,,,,,,,,,,,,,,,,,,,,,,,,,,,,,,,,,,,,,,,,,,,,,,,,,,,,,,,,,,,,,,,,,,,,,,,,,,,,,,,,,,,,,,,,,,,,,,,,,,,,,,,,,,,,,,,,,,,,,,,,,,,,,,,,,,,,,,,,,,,,,,,,,,,,,,,,,,,,,,,,,,,,,,,,,,,,,,,,,,,,,,,,,,,,,,,,,,,,,,,,,,,,,,,,,,,,,,,,,,,,,,,,,,,,,,,,,,,,,,,,,,,,,,,,,,,,,,,,,,,,,,,,,,,,,,,,,,,,,,,,,,,,,,,,,,,,,,,,,,,,,,,,,,,,,,,,,,,,,,,,,,,,,,,,,,,,,,,,,,,,,,,,,,,,,,,,,,,,,,,,,,,,,,,,,,,,,,,,,,,,,,,,,,,,,,,,,,,,,,,,,,,,,,,,,,,,,,,,,,,,,,,,,,,,,,,,,,,,,,,,,,,,,,,,,,,,,,,,,,,,,,,,,,,,,,,,,,,,
Hypervisor Vendor:,Microsoft Hyper-V,,,,,,,,,,,,,,,,,,,,,,,,,,,,,,,,,,,,,,,,,,,,,,,,,,,,,,,,,,,,,,,,,,,,,,,,,,,,,,,,,,,,,,,,,,,,,,,,,,,,,,,,,,,,,,,,,,,,,,,,,,,,,,,,,,,,,,,,,,,,,,,,,,,,,,,,,,,,,,,,,,,,,,,,,,,,,,,,,,,,,,,,,,,,,,,,,,,,,,,,,,,,,,,,,,,,,,,,,,,,,,,,,,,,,,,,,,,,,,,,,,,,,,,,,,,,,,,,,,,,,,,,,,,,,,,,,,,,,,,,,,,,,,,,,,,,,,,,,,,,,,,,,,,,,,,,,,,,,,,,,,,,,,,,,,,,,,,,,,,,,,,,,,,,,,,,,,,,,,,,,,,,,,,,,,,,,,,,,,,,,,,,,,,,,,,,,,,,,,,,,,,,,,,,,,,,,,,,,,,,,,,,,,,,,,,,,,,,,,,,,,,,,,,,,,,,,,,,,,,,,,,,,,,,,,,,,,,,,,,,,,,,,,,,,,,,,,,,,,,,,,,,,,,,,,,,,,,,,,,,,,,,,,,,,,,,,,,,,,,,,,,,,,,,,,,,,,,,,,,,,,,,,,,,,,,,,,,,,,,,,,,,,,,,,,,,,,,,,,,,,,,,,,,,,,,,,,,,,,,,,,,,,,,,,,,,,,,,,,,,,,,
Root/Host Partition:,1,,,,,,,,,,,,,,,,,,,,,,,,,,,,,,,,,,,,,,,,,,,,,,,,,,,,,,,,,,,,,,,,,,,,,,,,,,,,,,,,,,,,,,,,,,,,,,,,,,,,,,,,,,,,,,,,,,,,,,,,,,,,,,,,,,,,,,,,,,,,,,,,,,,,,,,,,,,,,,,,,,,,,,,,,,,,,,,,,,,,,,,,,,,,,,,,,,,,,,,,,,,,,,,,,,,,,,,,,,,,,,,,,,,,,,,,,,,,,,,,,,,,,,,,,,,,,,,,,,,,,,,,,,,,,,,,,,,,,,,,,,,,,,,,,,,,,,,,,,,,,,,,,,,,,,,,,,,,,,,,,,,,,,,,,,,,,,,,,,,,,,,,,,,,,,,,,,,,,,,,,,,,,,,,,,,,,,,,,,,,,,,,,,,,,,,,,,,,,,,,,,,,,,,,,,,,,,,,,,,,,,,,,,,,,,,,,,,,,,,,,,,,,,,,,,,,,,,,,,,,,,,,,,,,,,,,,,,,,,,,,,,,,,,,,,,,,,,,,,,,,,,,,,,,,,,,,,,,,,,,,,,,,,,,,,,,,,,,,,,,,,,,,,,,,,,,,,,,,,,,,,,,,,,,,,,,,,,,,,,,,,,,,,,,,,,,,,,,,,,,,,,,,,,,,,,,,,,,,,,,,,,,,,,,,,,,,,,,,,,,,,,
Command:,"AMDuProfPcm -m ipc,l1,l2,l3 -a --html -o a.csv BX_lab01_1.exe",,,,,,,,,,,,,,,,,,,,,,,,,,,,,,,,,,,,,,,,,,,,,,,,,,,,,,,,,,,,,,,,,,,,,,,,,,,,,,,,,,,,,,,,,,,,,,,,,,,,,,,,,,,,,,,,,,,,,,,,,,,,,,,,,,,,,,,,,,,,,,,,,,,,,,,,,,,,,,,,,,,,,,,,,,,,,,,,,,,,,,,,,,,,,,,,,,,,,,,,,,,,,,,,,,,,,,,,,,,,,,,,,,,,,,,,,,,,,,,,,,,,,,,,,,,,,,,,,,,,,,,,,,,,,,,,,,,,,,,,,,,,,,,,,,,,,,,,,,,,,,,,,,,,,,,,,,,,,,,,,,,,,,,,,,,,,,,,,,,,,,,,,,,,,,,,,,,,,,,,,,,,,,,,,,,,,,,,,,,,,,,,,,,,,,,,,,,,,,,,,,,,,,,,,,,,,,,,,,,,,,,,,,,,,,,,,,,,,,,,,,,,,,,,,,,,,,,,,,,,,,,,,,,,,,,,,,,,,,,,,,,,,,,,,,,,,,,,,,,,,,,,,,,,,,,,,,,,,,,,,,,,,,,,,,,,,,,,,,,,,,,,,,,,,,,,,,,,,,,,,,,,,,,,,,,,,,,,,,,,,,,,,,,,,,,,,,,,,,,,,,,,,,,,,,,,,,,,,,,,,,,,,,,,,,,,,,,,,,,,,,,
,,,,,,,,,,,,,,,,,,,,,,,,,,,,,,,,,,,,,,,,,,,,,,,,,,,,,,,,,,,,,,,,,,,,,,,,,,,,,,,,,,,,,,,,,,,,,,,,,,,,,,,,,,,,,,,,,,,,,,,,,,,,,,,,,,,,,,,,,,,,,,,,,,,,,,,,,,,,,,,,,,,,,,,,,,,,,,,,,,,,,,,,,,,,,,,,,,,,,,,,,,,,,,,,,,,,,,,,,,,,,,,,,,,,,,,,,,,,,,,,,,,,,,,,,,,,,,,,,,,,,,,,,,,,,,,,,,,,,,,,,,,,,,,,,,,,,,,,,,,,,,,,,,,,,,,,,,,,,,,,,,,,,,,,,,,,,,,,,,,,,,,,,,,,,,,,,,,,,,,,,,,,,,,,,,,,,,,,,,,,,,,,,,,,,,,,,,,,,,,,,,,,,,,,,,,,,,,,,,,,,,,,,,,,,,,,,,,,,,,,,,,,,,,,,,,,,,,,,,,,,,,,,,,,,,,,,,,,,,,,,,,,,,,,,,,,,,,,,,,,,,,,,,,,,,,,,,,,,,,,,,,,,,,,,,,,,,,,,,,,,,,,,,,,,,,,,,,,,,,,,,,,,,,,,,,,,,,,,,,,,,,,,,,,,,,,,,,,,,,,,,,,,,,,,,,,,,,,,,,,,,,,,,,,,,,,,,,,,,,,,,,,
Abbreviation :,,,,,,,,,,,,,,,,,,,,,,,,,,,,,,,,,,,,,,,,,,,,,,,,,,,,,,,,,,,,,,,,,,,,,,,,,,,,,,,,,,,,,,,,,,,,,,,,,,,,,,,,,,,,,,,,,,,,,,,,,,,,,,,,,,,,,,,,,,,,,,,,,,,,,,,,,,,,,,,,,,,,,,,,,,,,,,,,,,,,,,,,,,,,,,,,,,,,,,,,,,,,,,,,,,,,,,,,,,,,,,,,,,,,,,,,,,,,,,,,,,,,,,,,,,,,,,,,,,,,,,,,,,,,,,,,,,,,,,,,,,,,,,,,,,,,,,,,,,,,,,,,,,,,,,,,,,,,,,,,,,,,,,,,,,,,,,,,,,,,,,,,,,,,,,,,,,,,,,,,,,,,,,,,,,,,,,,,,,,,,,,,,,,,,,,,,,,,,,,,,,,,,,,,,,,,,,,,,,,,,,,,,,,,,,,,,,,,,,,,,,,,,,,,,,,,,,,,,,,,,,,,,,,,,,,,,,,,,,,,,,,,,,,,,,,,,,,,,,,,,,,,,,,,,,,,,,,,,,,,,,,,,,,,,,,,,,,,,,,,,,,,,,,,,,,,,,,,,,,,,,,,,,,,,,,,,,,,,,,,,,,,,,,,,,,,,,,,,,,,,,,,,,,,,,,,,,,,,,,,,,,,,,,,,,,,,,,,,,,,,,,,
IPC    : Instructions Per CPU Cycle,,,,,,,,,,,,,,,,,,,,,,,,,,,,,,,,,,,,,,,,,,,,,,,,,,,,,,,,,,,,,,,,,,,,,,,,,,,,,,,,,,,,,,,,,,,,,,,,,,,,,,,,,,,,,,,,,,,,,,,,,,,,,,,,,,,,,,,,,,,,,,,,,,,,,,,,,,,,,,,,,,,,,,,,,,,,,,,,,,,,,,,,,,,,,,,,,,,,,,,,,,,,,,,,,,,,,,,,,,,,,,,,,,,,,,,,,,,,,,,,,,,,,,,,,,,,,,,,,,,,,,,,,,,,,,,,,,,,,,,,,,,,,,,,,,,,,,,,,,,,,,,,,,,,,,,,,,,,,,,,,,,,,,,,,,,,,,,,,,,,,,,,,,,,,,,,,,,,,,,,,,,,,,,,,,,,,,,,,,,,,,,,,,,,,,,,,,,,,,,,,,,,,,,,,,,,,,,,,,,,,,,,,,,,,,,,,,,,,,,,,,,,,,,,,,,,,,,,,,,,,,,,,,,,,,,,,,,,,,,,,,,,,,,,,,,,,,,,,,,,,,,,,,,,,,,,,,,,,,,,,,,,,,,,,,,,,,,,,,,,,,,,,,,,,,,,,,,,,,,,,,,,,,,,,,,,,,,,,,,,,,,,,,,,,,,,,,,,,,,,,,,,,,,,,,,,,,,,,,,,,,,,,,,,,,,,,,,,,,,,,,,,
CPI    : CPU Cycles Per Instructions,,,,,,,,,,,,,,,,,,,,,,,,,,,,,,,,,,,,,,,,,,,,,,,,,,,,,,,,,,,,,,,,,,,,,,,,,,,,,,,,,,,,,,,,,,,,,,,,,,,,,,,,,,,,,,,,,,,,,,,,,,,,,,,,,,,,,,,,,,,,,,,,,,,,,,,,,,,,,,,,,,,,,,,,,,,,,,,,,,,,,,,,,,,,,,,,,,,,,,,,,,,,,,,,,,,,,,,,,,,,,,,,,,,,,,,,,,,,,,,,,,,,,,,,,,,,,,,,,,,,,,,,,,,,,,,,,,,,,,,,,,,,,,,,,,,,,,,,,,,,,,,,,,,,,,,,,,,,,,,,,,,,,,,,,,,,,,,,,,,,,,,,,,,,,,,,,,,,,,,,,,,,,,,,,,,,,,,,,,,,,,,,,,,,,,,,,,,,,,,,,,,,,,,,,,,,,,,,,,,,,,,,,,,,,,,,,,,,,,,,,,,,,,,,,,,,,,,,,,,,,,,,,,,,,,,,,,,,,,,,,,,,,,,,,,,,,,,,,,,,,,,,,,,,,,,,,,,,,,,,,,,,,,,,,,,,,,,,,,,,,,,,,,,,,,,,,,,,,,,,,,,,,,,,,,,,,,,,,,,,,,,,,,,,,,,,,,,,,,,,,,,,,,,,,,,,,,,,,,,,,,,,,,,,,,,,,,,,,,,,,,,,
pti    : Per Thousand Instructions,,,,,,,,,,,,,,,,,,,,,,,,,,,,,,,,,,,,,,,,,,,,,,,,,,,,,,,,,,,,,,,,,,,,,,,,,,,,,,,,,,,,,,,,,,,,,,,,,,,,,,,,,,,,,,,,,,,,,,,,,,,,,,,,,,,,,,,,,,,,,,,,,,,,,,,,,,,,,,,,,,,,,,,,,,,,,,,,,,,,,,,,,,,,,,,,,,,,,,,,,,,,,,,,,,,,,,,,,,,,,,,,,,,,,,,,,,,,,,,,,,,,,,,,,,,,,,,,,,,,,,,,,,,,,,,,,,,,,,,,,,,,,,,,,,,,,,,,,,,,,,,,,,,,,,,,,,,,,,,,,,,,,,,,,,,,,,,,,,,,,,,,,,,,,,,,,,,,,,,,,,,,,,,,,,,,,,,,,,,,,,,,,,,,,,,,,,,,,,,,,,,,,,,,,,,,,,,,,,,,,,,,,,,,,,,,,,,,,,,,,,,,,,,,,,,,,,,,,,,,,,,,,,,,,,,,,,,,,,,,,,,,,,,,,,,,,,,,,,,,,,,,,,,,,,,,,,,,,,,,,,,,,,,,,,,,,,,,,,,,,,,,,,,,,,,,,,,,,,,,,,,,,,,,,,,,,,,,,,,,,,,,,,,,,,,,,,,,,,,,,,,,,,,,,,,,,,,,,,,,,,,,,,,,,,,,,,,,,,,,,,,,
ptc    : Per Thousand CPU Cycles,,,,,,,,,,,,,,,,,,,,,,,,,,,,,,,,,,,,,,,,,,,,,,,,,,,,,,,,,,,,,,,,,,,,,,,,,,,,,,,,,,,,,,,,,,,,,,,,,,,,,,,,,,,,,,,,,,,,,,,,,,,,,,,,,,,,,,,,,,,,,,,,,,,,,,,,,,,,,,,,,,,,,,,,,,,,,,,,,,,,,,,,,,,,,,,,,,,,,,,,,,,,,,,,,,,,,,,,,,,,,,,,,,,,,,,,,,,,,,,,,,,,,,,,,,,,,,,,,,,,,,,,,,,,,,,,,,,,,,,,,,,,,,,,,,,,,,,,,,,,,,,,,,,,,,,,,,,,,,,,,,,,,,,,,,,,,,,,,,,,,,,,,,,,,,,,,,,,,,,,,,,,,,,,,,,,,,,,,,,,,,,,,,,,,,,,,,,,,,,,,,,,,,,,,,,,,,,,,,,,,,,,,,,,,,,,,,,,,,,,,,,,,,,,,,,,,,,,,,,,,,,,,,,,,,,,,,,,,,,,,,,,,,,,,,,,,,,,,,,,,,,,,,,,,,,,,,,,,,,,,,,,,,,,,,,,,,,,,,,,,,,,,,,,,,,,,,,,,,,,,,,,,,,,,,,,,,,,,,,,,,,,,,,,,,,,,,,,,,,,,,,,,,,,,,,,,,,,,,,,,,,,,,,,,,,,,,,,,,,,,,,,
pto    : Per Thousand Operations,,,,,,,,,,,,,,,,,,,,,,,,,,,,,,,,,,,,,,,,,,,,,,,,,,,,,,,,,,,,,,,,,,,,,,,,,,,,,,,,,,,,,,,,,,,,,,,,,,,,,,,,,,,,,,,,,,,,,,,,,,,,,,,,,,,,,,,,,,,,,,,,,,,,,,,,,,,,,,,,,,,,,,,,,,,,,,,,,,,,,,,,,,,,,,,,,,,,,,,,,,,,,,,,,,,,,,,,,,,,,,,,,,,,,,,,,,,,,,,,,,,,,,,,,,,,,,,,,,,,,,,,,,,,,,,,,,,,,,,,,,,,,,,,,,,,,,,,,,,,,,,,,,,,,,,,,,,,,,,,,,,,,,,,,,,,,,,,,,,,,,,,,,,,,,,,,,,,,,,,,,,,,,,,,,,,,,,,,,,,,,,,,,,,,,,,,,,,,,,,,,,,,,,,,,,,,,,,,,,,,,,,,,,,,,,,,,,,,,,,,,,,,,,,,,,,,,,,,,,,,,,,,,,,,,,,,,,,,,,,,,,,,,,,,,,,,,,,,,,,,,,,,,,,,,,,,,,,,,,,,,,,,,,,,,,,,,,,,,,,,,,,,,,,,,,,,,,,,,,,,,,,,,,,,,,,,,,,,,,,,,,,,,,,,,,,,,,,,,,,,,,,,,,,,,,,,,,,,,,,,,,,,,,,,,,,,,,,,,,,,,,,
,,,,,,,,,,,,,,,,,,,,,,,,,,,,,,,,,,,,,,,,,,,,,,,,,,,,,,,,,,,,,,,,,,,,,,,,,,,,,,,,,,,,,,,,,,,,,,,,,,,,,,,,,,,,,,,,,,,,,,,,,,,,,,,,,,,,,,,,,,,,,,,,,,,,,,,,,,,,,,,,,,,,,,,,,,,,,,,,,,,,,,,,,,,,,,,,,,,,,,,,,,,,,,,,,,,,,,,,,,,,,,,,,,,,,,,,,,,,,,,,,,,,,,,,,,,,,,,,,,,,,,,,,,,,,,,,,,,,,,,,,,,,,,,,,,,,,,,,,,,,,,,,,,,,,,,,,,,,,,,,,,,,,,,,,,,,,,,,,,,,,,,,,,,,,,,,,,,,,,,,,,,,,,,,,,,,,,,,,,,,,,,,,,,,,,,,,,,,,,,,,,,,,,,,,,,,,,,,,,,,,,,,,,,,,,,,,,,,,,,,,,,,,,,,,,,,,,,,,,,,,,,,,,,,,,,,,,,,,,,,,,,,,,,,,,,,,,,,,,,,,,,,,,,,,,,,,,,,,,,,,,,,,,,,,,,,,,,,,,,,,,,,,,,,,,,,,,,,,,,,,,,,,,,,,,,,,,,,,,,,,,,,,,,,,,,,,,,,,,,,,,,,,,,,,,,,,,,,,,,,,,,,,,,,,,,,,,,,,,,,,,,,
Profile Time: 2026/04/02 14:35:17:246,,,,,,,,,,,,,,,,,,,,,,,,,,,,,,,,,,,,,,,,,,,,,,,,,,,,,,,,,,,,,,,,,,,,,,,,,,,,,,,,,,,,,,,,,,,,,,,,,,,,,,,,,,,,,,,,,,,,,,,,,,,,,,,,,,,,,,,,,,,,,,,,,,,,,,,,,,,,,,,,,,,,,,,,,,,,,,,,,,,,,,,,,,,,,,,,,,,,,,,,,,,,,,,,,,,,,,,,,,,,,,,,,,,,,,,,,,,,,,,,,,,,,,,,,,,,,,,,,,,,,,,,,,,,,,,,,,,,,,,,,,,,,,,,,,,,,,,,,,,,,,,,,,,,,,,,,,,,,,,,,,,,,,,,,,,,,,,,,,,,,,,,,,,,,,,,,,,,,,,,,,,,,,,,,,,,,,,,,,,,,,,,,,,,,,,,,,,,,,,,,,,,,,,,,,,,,,,,,,,,,,,,,,,,,,,,,,,,,,,,,,,,,,,,,,,,,,,,,,,,,,,,,,,,,,,,,,,,,,,,,,,,,,,,,,,,,,,,,,,,,,,,,,,,,,,,,,,,,,,,,,,,,,,,,,,,,,,,,,,,,,,,,,,,,,,,,,,,,,,,,,,,,,,,,,,,,,,,,,,,,,,,,,,,,,,,,,,,,,,,,,,,,,,,,,,,,,,,,,,,,,,,,,,,,,,,,,,,,,,,,,,,
CORE METRICS,,,,,,,,,,,,,,,,,,,,,,,,,,,,,,,,,,,,,,,,,,,,,,,,,,,,,,,,,,,,,,,,,,,,,,,,,,,,,,,,,,,,,,,,,,,,,,,,,,,,,,,,,,,,,,,,,,,,,,,,,,,,,,,,,,,,,,,,,,,,,,,,,,,,,,,,,,,,,,,,,,,,,,,,,,,,,,,,,,,,,,,,,,,,,,,,,,,,,,,,,,,,,,,,,,,,,,,,,,,,,,,,,,,,,,,,,,,,,,,,,,,,,,,,,,,,,,,,,,,,,,,,,,,,,,,,,,,,,,,,,,,,,,,,,,,,,,,,,,,,,,,,,,,,,,,,,,,,,,,,,,,,,,,,,,,,,,,,,,,,,,,,,,,,,,,,,,,,,,,,,,,,,,,,,,,,,,,,,,,,,,,,,,,,,,,,,,,,,,,,,,,,,,,,,,,,,,,,,,,,,,,,,,,,,,,,,,,,,,,,,,,,,,,,,,,,,,,,,,,,,,,,,,,,,,,,,,,,,,,,,,,,,,,,,,,,,,,,,,,,,,,,,,,,,,,,,,,,,,,,,,,,,,,,,,,,,,,,,,,,,,,,,,,,,,,,,,,,,,,,,,,,,,,,,,,,,,,,,,,,,,,,,,,,,,,,,,,,,,,,,,,,,,,,,,,,,,,,,,,,,,,,,,,L3 METRICS,,,,,,,,,,,,,,,,,
System (Aggregated),,,,,,,,,,,,,,,,,,,,,,,,,,,,,,,,,Package (Aggregated)-0,,,,,,,,,,,,,,,,,,,,,,,,,,,,,,,,,CCX (Aggregated)-0,,,,,,,,,,,,,,,,,,,,,,,,,,,,,,,,,Core-0,,,,,,,,,,,,,,,,,,,,,,,,,,,,,,,,,Core-1,,,,,,,,,,,,,,,,,,,,,,,,,,,,,,,,,Core-2,,,,,,,,,,,,,,,,,,,,,,,,,,,,,,,,,Core-3,,,,,,,,,,,,,,,,,,,,,,,,,,,,,,,,,Core-4,,,,,,,,,,,,,,,,,,,,,,,,,,,,,,,,,Core-5,,,,,,,,,,,,,,,,,,,,,,,,,,,,,,,,,Core-6,,,,,,,,,,,,,,,,,,,,,,,,,,,,,,,,,Core-7,,,,,,,,,,,,,,,,,,,,,,,,,,,,,,,,,Core-8,,,,,,,,,,,,,,,,,,,,,,,,,,,,,,,,,Core-9,,,,,,,,,,,,,,,,,,,,,,,,,,,,,,,,,Core-10,,,,,,,,,,,,,,,,,,,,,,,,,,,,,,,,,Core-11,,,,,,,,,,,,,,,,,,,,,,,,,,,,,,,,,Core-12,,,,,,,,,,,,,,,,,,,,,,,,,,,,,,,,,Core-13,,,,,,,,,,,,,,,,,,,,,,,,,,,,,,,,,Core-14,,,,,,,,,,,,,,,,,,,,,,,,,,,,,,,,,Core-15,,,,,,,,,,,,,,,,,,,,,,,,,,,,,,,,,System (Aggregated),,,,,,Package (Aggregated)-0,,,,,,CCX-0,,,,,
Utilization (%),System time (%),User time (%),System instructions (%),User instructions (%),Eff Freq (MHz),IPC (Sys + User),IPC (Sys),IPC (User),CPI (Sys + User),CPI (Sys),CPI (User),Giga Instructions Per Sec,Locked Instructions (pti),Retired Branches (pti),Retired Branches Mispredicted (pti),IC (32B) Fetch Miss Ratio,Op Cache (64B) Fetch Miss Ratio,IC Access (pti),IC Miss (pti),DC Access (pti),L2 Access (pti),L2 Access from IC Miss (pti),L2 Access from DC Miss (pti),L2 Access from L2 HWPF (pti),L2 Miss (pti),L2 Miss from IC Miss (pti),L2 Miss from DC Miss (pti),L2 Miss from L2 HWPF (pti),L2 Hit (pti),L2 Hit from IC Miss (pti),L2 Hit from DC Miss (pti),L2 Hit from L2 HWPF (pti),Utilization (%),System time (%),User time (%),System instructions (%),User instructions (%),Eff Freq (MHz),IPC (Sys + User),IPC (Sys),IPC (User),CPI (Sys + User),CPI (Sys),CPI (User),Giga Instructions Per Sec,Locked Instructions (pti),Retired Branches (pti),Retired Branches Mispredicted (pti),IC (32B) Fetch Miss Ratio,Op Cache (64B) Fetch Miss Ratio,IC Access (pti),IC Miss (pti),DC Access (pti),L2 Access (pti),L2 Access from IC Miss (pti),L2 Access from DC Miss (pti),L2 Access from L2 HWPF (pti),L2 Miss (pti),L2 Miss from IC Miss (pti),L2 Miss from DC Miss (pti),L2 Miss from L2 HWPF (pti),L2 Hit (pti),L2 Hit from IC Miss (pti),L2 Hit from DC Miss (pti),L2 Hit from L2 HWPF (pti),Utilization (%),System time (%),User time (%),System instructions (%),User instructions (%),Eff Freq (MHz),IPC (Sys + User),IPC (Sys),IPC (User),CPI (Sys + User),CPI (Sys),CPI (User),Giga Instructions Per Sec,Locked Instructions (pti),Retired Branches (pti),Retired Branches Mispredicted (pti),IC (32B) Fetch Miss Ratio,Op Cache (64B) Fetch Miss Ratio,IC Access (pti),IC Miss (pti),DC Access (pti),L2 Access (pti),L2 Access from IC Miss (pti),L2 Access from DC Miss (pti),L2 Access from L2 HWPF (pti),L2 Miss (pti),L2 Miss from IC Miss (pti),L2 Miss from DC Miss (pti),L2 Miss from L2 HWPF (pti),L2 Hit (pti),L2 Hit from IC Miss (pti),L2 Hit from DC Miss (pti),L2 Hit from L2 HWPF (pti),Utilization (%),System time (%),User time (%),System instructions (%),User instructions (%),Eff Freq (MHz),IPC (Sys + User),IPC (Sys),IPC (User),CPI (Sys + User),CPI (Sys),CPI (User),Giga Instructions Per Sec,Locked Instructions (pti),Retired Branches (pti),Retired Branches Mispredicted (pti),IC (32B) Fetch Miss Ratio,Op Cache (64B) Fetch Miss Ratio,IC Access (pti),IC Miss (pti),DC Access (pti),L2 Access (pti),L2 Access from IC Miss (pti),L2 Access from DC Miss (pti),L2 Access from L2 HWPF (pti),L2 Miss (pti),L2 Miss from IC Miss (pti),L2 Miss from DC Miss (pti),L2 Miss from L2 HWPF (pti),L2 Hit (pti),L2 Hit from IC Miss (pti),L2 Hit from DC Miss (pti),L2 Hit from L2 HWPF (pti),Utilization (%),System time (%),User time (%),System instructions (%),User instructions (%),Eff Freq (MHz),IPC (Sys + User),IPC (Sys),IPC (User),CPI (Sys + User),CPI (Sys),CPI (User),Giga Instructions Per Sec,Locked Instructions (pti),Retired Branches (pti),Retired Branches Mispredicted (pti),IC (32B) Fetch Miss Ratio,Op Cache (64B) Fetch Miss Ratio,IC Access (pti),IC Miss (pti),DC Access (pti),L2 Access (pti),L2 Access from IC Miss (pti),L2 Access from DC Miss (pti),L2 Access from L2 HWPF (pti),L2 Miss (pti),L2 Miss from IC Miss (pti),L2 Miss from DC Miss (pti),L2 Miss from L2 HWPF (pti),L2 Hit (pti),L2 Hit from IC Miss (pti),L2 Hit from DC Miss (pti),L2 Hit from L2 HWPF (pti),Utilization (%),System time (%),User time (%),System instructions (%),User instructions (%),Eff Freq (MHz),IPC (Sys + User),IPC (Sys),IPC (User),CPI (Sys + User),CPI (Sys),CPI (User),Giga Instructions Per Sec,Locked Instructions (pti),Retired Branches (pti),Retired Branches Mispredicted (pti),IC (32B) Fetch Miss Ratio,Op Cache (64B) Fetch Miss Ratio,IC Access (pti),IC Miss (pti),DC Access (pti),L2 Access (pti),L2 Access from IC Miss (pti),L2 Access from DC Miss (pti),L2 Access from L2 HWPF (pti),L2 Miss (pti),L2 Miss from IC Miss (pti),L2 Miss from DC Miss (pti),L2 Miss from L2 HWPF (pti),L2 Hit (pti),L2 Hit from IC Miss (pti),L2 Hit from DC Miss (pti),L2 Hit from L2 HWPF (pti),Utilization (%),System time (%),User time (%),System instructions (%),User instructions (%),Eff Freq (MHz),IPC (Sys + User),IPC (Sys),IPC (User),CPI (Sys + User),CPI (Sys),CPI (User),Giga Instructions Per Sec,Locked Instructions (pti),Retired Branches (pti),Retired Branches Mispredicted (pti),IC (32B) Fetch Miss Ratio,Op Cache (64B) Fetch Miss Ratio,IC Access (pti),IC Miss (pti),DC Access (pti),L2 Access (pti),L2 Access from IC Miss (pti),L2 Access from DC Miss (pti),L2 Access from L2 HWPF (pti),L2 Miss (pti),L2 Miss from IC Miss (pti),L2 Miss from DC Miss (pti),L2 Miss from L2 HWPF (pti),L2 Hit (pti),L2 Hit from IC Miss (pti),L2 Hit from DC Miss (pti),L2 Hit from L2 HWPF (pti),Utilization (%),System time (%),User time (%),System instructions (%),User instructions (%),Eff Freq (MHz),IPC (Sys + User),IPC (Sys),IPC (User),CPI (Sys + User),CPI (Sys),CPI (User),Giga Instructions Per Sec,Locked Instructions (pti),Retired Branches (pti),Retired Branches Mispredicted (pti),IC (32B) Fetch Miss Ratio,Op Cache (64B) Fetch Miss Ratio,IC Access (pti),IC Miss (pti),DC Access (pti),L2 Access (pti),L2 Access from IC Miss (pti),L2 Access from DC Miss (pti),L2 Access from L2 HWPF (pti),L2 Miss (pti),L2 Miss from IC Miss (pti),L2 Miss from DC Miss (pti),L2 Miss from L2 HWPF (pti),L2 Hit (pti),L2 Hit from IC Miss (pti),L2 Hit from DC Miss (pti),L2 Hit from L2 HWPF (pti),Utilization (%),System time (%),User time (%),System instructions (%),User instructions (%),Eff Freq (MHz),IPC (Sys + User),IPC (Sys),IPC (User),CPI (Sys + User),CPI (Sys),CPI (User),Giga Instructions Per Sec,Locked Instructions (pti),Retired Branches (pti),Retired Branches Mispredicted (pti),IC (32B) Fetch Miss Ratio,Op Cache (64B) Fetch Miss Ratio,IC Access (pti),IC Miss (pti),DC Access (pti),L2 Access (pti),L2 Access from IC Miss (pti),L2 Access from DC Miss (pti),L2 Access from L2 HWPF (pti),L2 Miss (pti),L2 Miss from IC Miss (pti),L2 Miss from DC Miss (pti),L2 Miss from L2 HWPF (pti),L2 Hit (pti),L2 Hit from IC Miss (pti),L2 Hit from DC Miss (pti),L2 Hit from L2 HWPF (pti),Utilization (%),System time (%),User time (%),System instructions (%),User instructions (%),Eff Freq (MHz),IPC (Sys + User),IPC (Sys),IPC (User),CPI (Sys + User),CPI (Sys),CPI (User),Giga Instructions Per Sec,Locked Instructions (pti),Retired Branches (pti),Retired Branches Mispredicted (pti),IC (32B) Fetch Miss Ratio,Op Cache (64B) Fetch Miss Ratio,IC Access (pti),IC Miss (pti),DC Access (pti),L2 Access (pti),L2 Access from IC Miss (pti),L2 Access from DC Miss (pti),L2 Access from L2 HWPF (pti),L2 Miss (pti),L2 Miss from IC Miss (pti),L2 Miss from DC Miss (pti),L2 Miss from L2 HWPF (pti),L2 Hit (pti),L2 Hit from IC Miss (pti),L2 Hit from DC Miss (pti),L2 Hit from L2 HWPF (pti),Utilization (%),System time (%),User time (%),System instructions (%),User instructions (%),Eff Freq (MHz),IPC (Sys + User),IPC (Sys),IPC (User),CPI (Sys + User),CPI (Sys),CPI (User),Giga Instructions Per Sec,Locked Instructions (pti),Retired Branches (pti),Retired Branches Mispredicted (pti),IC (32B) Fetch Miss Ratio,Op Cache (64B) Fetch Miss Ratio,IC Access (pti),IC Miss (pti),DC Access (pti),L2 Access (pti),L2 Access from IC Miss (pti),L2 Access from DC Miss (pti),L2 Access from L2 HWPF (pti),L2 Miss (pti),L2 Miss from IC Miss (pti),L2 Miss from DC Miss (pti),L2 Miss from L2 HWPF (pti),L2 Hit (pti),L2 Hit from IC Miss (pti),L2 Hit from DC Miss (pti),L2 Hit from L2 HWPF (pti),Utilization (%),System time (%),User time (%),System instructions (%),User instructions (%),Eff Freq (MHz),IPC (Sys + User),IPC (Sys),IPC (User),CPI (Sys + User),CPI (Sys),CPI (User),Giga Instructions Per Sec,Locked Instructions (pti),Retired Branches (pti),Retired Branches Mispredicted (pti),IC (32B) Fetch Miss Ratio,Op Cache (64B) Fetch Miss Ratio,IC Access (pti),IC Miss (pti),DC Access (pti),L2 Access (pti),L2 Access from IC Miss (pti),L2 Access from DC Miss (pti),L2 Access from L2 HWPF (pti),L2 Miss (pti),L2 Miss from IC Miss (pti),L2 Miss from DC Miss (pti),L2 Miss from L2 HWPF (pti),L2 Hit (pti),L2 Hit from IC Miss (pti),L2 Hit from DC Miss (pti),L2 Hit from L2 HWPF (pti),Utilization (%),System time (%),User time (%),System instructions (%),User instructions (%),Eff Freq (MHz),IPC (Sys + User),IPC (Sys),IPC (User),CPI (Sys + User),CPI (Sys),CPI (User),Giga Instructions Per Sec,Locked Instructions (pti),Retired Branches (pti),Retired Branches Mispredicted (pti),IC (32B) Fetch Miss Ratio,Op Cache (64B) Fetch Miss Ratio,IC Access (pti),IC Miss (pti),DC Access (pti),L2 Access (pti),L2 Access from IC Miss (pti),L2 Access from DC Miss (pti),L2 Access from L2 HWPF (pti),L2 Miss (pti),L2 Miss from IC Miss (pti),L2 Miss from DC Miss (pti),L2 Miss from L2 HWPF (pti),L2 Hit (pti),L2 Hit from IC Miss (pti),L2 Hit from DC Miss (pti),L2 Hit from L2 HWPF (pti),Utilization (%),System time (%),User time (%),System instructions (%),User instructions (%),Eff Freq (MHz),IPC (Sys + User),IPC (Sys),IPC (User),CPI (Sys + User),CPI (Sys),CPI (User),Giga Instructions Per Sec,Locked Instructions (pti),Retired Branches (pti),Retired Branches Mispredicted (pti),IC (32B) Fetch Miss Ratio,Op Cache (64B) Fetch Miss Ratio,IC Access (pti),IC Miss (pti),DC Access (pti),L2 Access (pti),L2 Access from IC Miss (pti),L2 Access from DC Miss (pti),L2 Access from L2 HWPF (pti),L2 Miss (pti),L2 Miss from IC Miss (pti),L2 Miss from DC Miss (pti),L2 Miss from L2 HWPF (pti),L2 Hit (pti),L2 Hit from IC Miss (pti),L2 Hit from DC Miss (pti),L2 Hit from L2 HWPF (pti),Utilization (%),System time (%),User time (%),System instructions (%),User instructions (%),Eff Freq (MHz),IPC (Sys + User),IPC (Sys),IPC (User),CPI (Sys + User),CPI (Sys),CPI (User),Giga Instructions Per Sec,Locked Instructions (pti),Retired Branches (pti),Retired Branches Mispredicted (pti),IC (32B) Fetch Miss Ratio,Op Cache (64B) Fetch Miss Ratio,IC Access (pti),IC Miss (pti),DC Access (pti),L2 Access (pti),L2 Access from IC Miss (pti),L2 Access from DC Miss (pti),L2 Access from L2 HWPF (pti),L2 Miss (pti),L2 Miss from IC Miss (pti),L2 Miss from DC Miss (pti),L2 Miss from L2 HWPF (pti),L2 Hit (pti),L2 Hit from IC Miss (pti),L2 Hit from DC Miss (pti),L2 Hit from L2 HWPF (pti),Utilization (%),System time (%),User time (%),System instructions (%),User instructions (%),Eff Freq (MHz),IPC (Sys + User),IPC (Sys),IPC (User),CPI (Sys + User),CPI (Sys),CPI (User),Giga Instructions Per Sec,Locked Instructions (pti),Retired Branches (pti),Retired Branches Mispredicted (pti),IC (32B) Fetch Miss Ratio,Op Cache (64B) Fetch Miss Ratio,IC Access (pti),IC Miss (pti),DC Access (pti),L2 Access (pti),L2 Access from IC Miss (pti),L2 Access from DC Miss (pti),L2 Access from L2 HWPF (pti),L2 Miss (pti),L2 Miss from IC Miss (pti),L2 Miss from DC Miss (pti),L2 Miss from L2 HWPF (pti),L2 Hit (pti),L2 Hit from IC Miss (pti),L2 Hit from DC Miss (pti),L2 Hit from L2 HWPF (pti),Utilization (%),System time (%),User time (%),System instructions (%),User instructions (%),Eff Freq (MHz),IPC (Sys + User),IPC (Sys),IPC (User),CPI (Sys + User),CPI (Sys),CPI (User),Giga Instructions Per Sec,Locked Instructions (pti),Retired Branches (pti),Retired Branches Mispredicted (pti),IC (32B) Fetch Miss Ratio,Op Cache (64B) Fetch Miss Ratio,IC Access (pti),IC Miss (pti),DC Access (pti),L2 Access (pti),L2 Access from IC Miss (pti),L2 Access from DC Miss (pti),L2 Access from L2 HWPF (pti),L2 Miss (pti),L2 Miss from IC Miss (pti),L2 Miss from DC Miss (pti),L2 Miss from L2 HWPF (pti),L2 Hit (pti),L2 Hit from IC Miss (pti),L2 Hit from DC Miss (pti),L2 Hit from L2 HWPF (pti),Utilization (%),System time (%),User time (%),System instructions (%),User instructions (%),Eff Freq (MHz),IPC (Sys + User),IPC (Sys),IPC (User),CPI (Sys + User),CPI (Sys),CPI (User),Giga Instructions Per Sec,Locked Instructions (pti),Retired Branches (pti),Retired Branches Mispredicted (pti),IC (32B) Fetch Miss Ratio,Op Cache (64B) Fetch Miss Ratio,IC Access (pti),IC Miss (pti),DC Access (pti),L2 Access (pti),L2 Access from IC Miss (pti),L2 Access from DC Miss (pti),L2 Access from L2 HWPF (pti),L2 Miss (pti),L2 Miss from IC Miss (pti),L2 Miss from DC Miss (pti),L2 Miss from L2 HWPF (pti),L2 Hit (pti),L2 Hit from IC Miss (pti),L2 Hit from DC Miss (pti),L2 Hit from L2 HWPF (pti),Utilization (%),System time (%),User time (%),System instructions (%),User instructions (%),Eff Freq (MHz),IPC (Sys + User),IPC (Sys),IPC (User),CPI (Sys + User),CPI (Sys),CPI (User),Giga Instructions Per Sec,Locked Instructions (pti),Retired Branches (pti),Retired Branches Mispredicted (pti),IC (32B) Fetch Miss Ratio,Op Cache (64B) Fetch Miss Ratio,IC Access (pti),IC Miss (pti),DC Access (pti),L2 Access (pti),L2 Access from IC Miss (pti),L2 Access from DC Miss (pti),L2 Access from L2 HWPF (pti),L2 Miss (pti),L2 Miss from IC Miss (pti),L2 Miss from DC Miss (pti),L2 Miss from L2 HWPF (pti),L2 Hit (pti),L2 Hit from IC Miss (pti),L2 Hit from DC Miss (pti),L2 Hit from L2 HWPF (pti),L3 Access,L3 Miss,L3 Access (pti),L3 Miss (pti),L3 Miss %,Ave L3 Miss Latency,L3 Access,L3 Miss,L3 Access (pti),L3 Miss (pti),L3 Miss %,Ave L3 Miss Latency,L3 Access,L3 Miss,L3 Access (pti),L3 Miss (pti),L3 Miss %,Ave L3 Miss Latency
18.18,21.18,78.85,7.64,92.36,3452.94,1.58,0.57,1.85,0.63,1.76,0.54,15.83,0,149.9,1.16,0.29,0.07,13.23,3.79,475.54,45.31,2.41,24.01,16.01,24.28,2.36,10.96,10.96,21.39,1.46,14.84,5.05,18.18,21.18,78.85,7.64,92.36,3452.94,1.58,0.57,1.85,0.63,1.76,0.54,15.83,0,149.9,1.16,0.29,0.07,13.23,3.79,475.54,45.31,2.41,24.01,16.01,24.28,2.36,10.96,10.96,21.39,1.46,14.84,5.05,18.18,21.18,78.85,7.64,92.36,3452.94,1.58,0.57,1.85,0.63,1.76,0.54,15.83,0,149.9,1.16,0.29,0.07,13.23,3.79,475.54,45.31,2.41,24.01,16.01,24.28,2.36,10.96,10.96,21.39,1.46,14.84,5.05,0.65,105.33,1.13,99.92,0.08,1734.86,0.54,0.55,0.04,1.84,1.82,23.22,0.01,0,181.25,6.3,0.43,0.69,418.88,180.04,744.34,52.81,104,37.95,8.8,42.62,25.66,10.35,6.61,26.06,7.69,16.07,2.19,0.25,100.44,0,100,0,1963.29,0.74,0.74,0,1.36,1.36,0,0,0,164.98,5.29,0.49,0.65,274.94,134.92,709.78,72.02,105.71,47.02,10.84,65.59,42.36,15.03,8.19,22.94,1.57,18.65,2.65,29.71,32.57,67.4,7.13,92.87,2745.53,1.97,0.43,2.71,0.51,2.32,0.37,1.61,0,226.55,1.64,0.28,0.15,41.27,11.58,387.07,66.01,2.05,37.19,26.35,38.85,4.24,17.52,17.08,29.28,1.44,18.57,9.27,21.27,35.17,65.04,8.52,91.48,2908.89,1.87,0.45,2.64,0.53,2.2,0.38,1.16,0,180.69,3.83,0.26,0.1,28.64,7.39,380.25,64.79,7.57,31.17,22.15,35.1,6.33,14.24,14.54,75.51,44.97,20.74,7.61,0.28,105.32,0,100,0,1765.29,0.68,0.68,0,1.48,1.48,0,0,0,164.94,10.82,0.48,0.68,357.35,169.94,754.83,181.74,147.61,31.18,8.44,33.98,23.14,7.33,3.5,177.06,126.3,24.26,4.94,0.27,100.44,0,100,0,1765.23,0.73,0.73,0,1.38,1.38,0,0,0,165.2,5.32,0.5,0.66,272.77,136.24,705.57,150.14,120.8,29.54,5.28,6.94,0.66,4.74,1.54,172.31,120.7,25.24,3.73,64.07,31.84,68.21,9.17,90.83,3350.66,1.78,0.51,2.37,0.56,1.95,0.42,3.83,0,222.7,1.63,0.28,0.07,13.81,3.92,379.98,41.71,0.67,13.18,10.78,13.26,0.79,4.88,7.59,15.84,1.28,11.36,3.19,63.07,12.42,87.57,3.92,96.08,3455.6,1.59,0.5,1.75,0.63,1.99,0.57,3.47,0,130.16,0.77,0.26,0.11,23.44,6,493.44,35.87,2.84,19.21,13.18,20.86,1.52,9.46,9.87,16.7,0.69,12.7,3.31,0.28,102.45,0,100,0,1770.16,0.7,0.7,0,1.44,1.44,0,0,0,164.91,8.95,0.43,0.68,401.85,173.72,762.64,179.05,147.83,30.59,6.61,32.19,22.85,6.57,2.77,177.92,127.56,23.64,3.84,0.27,104.32,0,100,0,1807.69,0.71,0.71,0,1.41,1.41,0,0,0,168.88,8.36,0.45,0.68,359.46,161.9,735.38,179.25,146.4,32.03,7,36.73,25.65,7.8,3.28,171.79,121.24,25.02,3.72,62.86,18.68,81.34,13.09,86.91,3905.39,1.28,0.9,1.37,0.78,1.12,0.73,3.14,0,129.57,1.09,0.34,0.04,5.28,1.79,532.61,56.94,3.29,36.67,20.32,33.28,2.36,17.41,13.5,26.3,0.72,18.76,6.82,46.85,9.93,89.98,2.32,97.68,3782.6,1.46,0.34,1.59,0.68,2.93,0.63,2.59,0,98.68,0.75,0.32,0.01,2.37,0.75,511.12,21.64,0.94,37.95,8.32,29.49,4.54,18.93,6.02,22.25,0.73,19.21,2.3,0.28,103.6,0,100,0,1773.17,0.68,0.68,0,1.47,1.47,0,0,0,165.03,9.02,0.4,0.74,495.65,198.87,767.6,177.35,148.18,28.84,5.3,30.25,22.2,6.22,1.82,174.32,128.73,22.52,3.49,0.25,103.55,0,100,0,1764.95,0.74,0.74,0,1.36,1.36,0,0,0,165.28,5.34,0.49,0.66,284.05,137.88,718.55,152.9,120.83,30.86,4.99,7.46,1.26,4.86,1.33,173,121.21,26.3,3.66,0.27,104.16,0,100,0,1765.75,0.68,0.68,0,1.47,1.47,0,0,0,165.25,9.01,0.44,0.67,359.25,159.13,759.26,178.21,148.03,29.1,6,30.14,21.58,6.09,2.47,176.01,128.64,23.65,3.54,0.25,104.66,0,100,0,1766.05,0.74,0.74,0,1.36,1.36,0,0,0,165.18,5.32,0.49,0.65,269.86,132.27,728.98,149.7,121.97,29.71,4.67,6.67,0.41,4.73,1.53,170.7,122.15,24.7,3.13,673460245,28421724,32.11,1.36,4.22,440.29,673460245,28421724,32.11,1.36,4.22,440.29,673460245,28421724,32.11,1.36,4.22,440.29
14.53,10.56,89.46,2.83,97.17,3204.52,1.46,0.39,1.59,0.68,2.55,0.63,10.9,0,163.06,1.02,0.33,0.07,17.44,5.78,454.25,86.83,7.35,45.08,31.56,49.07,6.18,22.14,20.76,34.59,1.63,22.09,10.81,14.53,10.56,89.46,2.83,97.17,3204.52,1.46,0.39,1.59,0.68,2.55,0.63,10.9,0,163.06,1.02,0.33,0.07,17.44,5.78,454.25,86.83,7.35,45.08,31.56,49.07,6.18,22.14,20.76,34.59,1.63,22.09,10.81,14.53,10.56,89.46,2.83,97.17,3204.52,1.46,0.39,1.59,0.68,2.55,0.63,10.9,0,163.06,1.02,0.33,0.07,17.44,5.78,454.25,86.83,7.35,45.08,31.56,49.07,6.18,22.14,20.76,34.59,1.63,22.09,10.81,0.65,107.69,0,100,0,1787.91,0.53,0.53,0,1.88,1.88,0,0.01,0,191.58,9.33,0.33,0.07,20.26,6.63,466.96,80.15,15.22,38.03,32.74,45.11,8.5,16.61,20,37.7,5.82,18.96,12.74,0.25,100.93,0,100,0,1928.8,0.75,0.75,0,1.34,1.34,0,0,0,168.39,3.49,0.27,0.16,39.05,10.61,527.58,80.03,27.85,38.05,32.02,50.38,14.24,16.5,19.64,32.84,2.04,18.34,12.38,19.1,20.35,79.92,3.9,96.1,2382.11,2.2,0.42,2.65,0.45,2.37,0.38,1,0,232.87,1.69,0.35,0.07,21.91,7.65,380.78,78.88,18.25,38.35,31.43,47.53,10.83,17.34,19.35,38.61,7.11,19.41,12.08,14.63,37.35,62.3,9.52,90.48,2422.96,1.62,0.41,2.34,0.62,2.43,0.43,0.57,0,229.75,1.58,0.32,0.15,45.62,14.81,420.72,87.45,72.84,39.8,27.03,64.9,34.19,13.66,17.04,90.33,52.98,24.02,9.99,0.27,102.45,0,100,0,1791.91,0.7,0.7,0,1.43,1.43,0,0,0,166.71,7.29,0.45,0.69,356.45,161.14,759.64,188.71,147.21,33.57,10.37,39.87,26.25,8.25,5.37,176.15,119.65,23.66,5,0.25,104.85,0,100,0,1764.85,0.77,0.77,0,1.3,1.3,0,0,0,166.98,3.27,0.51,0.67,261.8,134.7,719.09,159.91,118.76,33.35,6.73,13.85,5.6,5.58,2.67,171.28,119.95,25.41,4.06,30.58,24.44,75.54,4.06,95.94,2839.67,1.93,0.32,2.45,0.52,3.12,0.41,1.68,0,166.25,0.93,0.32,0.06,11.52,3.72,450.13,86.82,5.78,41.36,23.11,40.91,5.97,19.62,15.32,28.84,0.4,20.65,7.79,77.56,3.06,96.97,0.86,99.14,3518.39,1.39,0.39,1.42,0.72,2.58,0.71,3.79,0,218.88,1.31,0.32,0.05,7.1,2.25,472.01,85.72,1.87,58.27,34.23,57.39,3.36,31.04,23,33.18,2.84,19.07,11.23,0.27,104.67,0,100,0,1770.11,0.71,0.71,0,1.41,1.41,0,0,0,167.47,7.23,0.46,0.69,352.89,161.85,767.38,187.39,148.93,34.37,8.93,38.44,25.9,7.77,4.76,174.5,126.42,26.16,4.17,0.3,103.92,0,100,0,1764.36,0.67,0.67,0,1.49,1.49,0,0,0,168.76,4.49,0.45,0.69,356.24,161.34,734.21,169.95,139.09,34.23,6.81,33.28,22.25,7.91,3.12,164.18,117.33,26.87,3.69,37.43,11.87,87.96,2.71,97.29,3052.19,1.65,0.38,1.83,0.6,2.66,0.55,1.89,0,75.84,0.41,0.34,0.05,15.26,5.17,493.4,88.7,4.95,42.82,35.76,50.8,6.25,20.99,23.56,38.73,1.61,24.91,12.2,49.95,3.95,96.07,1.28,98.72,3683.59,1.05,0.34,1.08,0.95,2.93,0.93,1.93,0,60.01,0.4,0.33,0.05,14.21,4.67,483.19,95.73,2.13,39.74,36.15,48.75,4.52,19.15,25.09,38.35,0.56,26.69,11.06,0.36,101.81,0,100,0,1773.59,0.64,0.64,0,1.56,1.56,0,0,0,167.79,7.32,0.45,0.69,353.99,160.94,760.67,187.6,149.62,32.68,7.72,42.51,30.55,8.56,3.4,178.92,128.29,23.83,4.32,0.25,102.71,0,100,0,1768.43,0.76,0.76,0,1.31,1.31,0,0,0,166.67,3.32,0.51,0.67,260.75,134.09,721.43,160.56,124.16,32.87,6.42,14.99,6.44,6.07,2.48,173.73,120.87,26.63,3.94,0.27,102.73,0,100,0,1792,0.71,0.71,0,1.41,1.41,0,0,0,175.27,10.85,0.45,0.68,351.28,159.21,794.98,186.81,149.02,34.17,7.31,36.59,25.89,7.2,3.5,178.21,128.57,23.64,3.81,0.24,104.34,0,100,0,1772.58,0.79,0.79,0,1.27,1.27,0,0,0,167.82,3.4,0.51,0.67,262.18,133.66,734.59,157.12,124.7,33.35,5.73,21.56,12.98,6.29,2.28,173.23,121.8,25.36,3.44,811112253,50536258,48.12,3,6.23,353.7,811112253,50536258,48.12,3,6.23,353.7,811112253,50536258,48.12,3,6.23,353.7
16.94,22.06,77.98,10.13,89.87,3098.66,1.24,0.57,1.43,0.8,1.75,0.7,10.45,0,158.91,1.09,0.36,0.05,12.18,4.43,450.3,83.56,3.5,45.93,35.03,50.26,4.84,22.93,22.5,37.42,2.45,22.38,12.52,16.94,22.06,77.98,10.13,89.87,3098.66,1.24,0.57,1.43,0.8,1.75,0.7,10.45,0,158.91,1.09,0.36,0.05,12.18,4.43,450.3,83.56,3.5,45.93,35.03,50.26,4.84,22.93,22.5,37.42,2.45,22.38,12.52,16.94,22.06,77.98,10.13,89.87,3098.66,1.24,0.57,1.43,0.8,1.75,0.7,10.45,0,158.91,1.09,0.36,0.05,12.18,4.43,450.3,83.56,3.5,45.93,35.03,50.26,4.84,22.93,22.5,37.42,2.45,22.38,12.52,3.05,99.78,3.08,99.29,0.71,3030.73,0.47,0.48,0.11,2.14,2.09,9.09,0.04,0,186.01,9.77,0.43,0.7,397.91,172.84,724.87,202.5,166.14,32.03,11.34,89.85,68.82,13.28,7.75,80.73,36.98,38.09,3.59,2.3,45.2,53.47,28.13,71.87,2902.07,0.66,0.4,0.87,1.52,2.48,1.15,0.04,0,162.2,3.33,0.51,0.66,264.41,134.37,720.5,153.14,118.82,29.44,5.31,9.45,2.33,5.31,1.81,170.95,119.67,26.2,3.5,32.55,19.43,80.4,2.7,97.3,2491.64,2.19,0.3,2.65,0.46,3.29,0.38,1.77,0,219.03,1.96,0.38,0.06,15.98,6.09,383.46,72.48,2.5,37.35,33.72,42.95,4.89,17.65,20.41,33.83,1.99,18.53,13.3,13.54,86.8,13.55,73.25,26.75,2761.99,1.09,0.93,2.16,0.92,1.08,0.46,0.41,0,229.67,1.65,0.33,0.09,30.71,10.03,410.64,76.07,10.35,35.9,33.3,44.71,7.76,16.95,20,57.89,18.01,26.21,13.3,0.27,104.81,0,100,0,1760.38,0.7,0.7,0,1.43,1.43,0,0,0,166.04,7.34,0.46,0.68,350.91,160.39,774.95,181.61,161.57,34.66,8.25,93.25,75.58,14.3,3.36,179.94,128.84,24.72,4.89,0.25,105.93,0,100,0,1765.56,0.76,0.76,0,1.31,1.31,0,0,0,167.2,3.26,0.51,0.66,258.72,133.15,718.11,151.57,117.78,29.78,5.41,8.21,1.56,4.97,1.67,174.12,122.78,25.85,3.74,78.34,5.56,94.42,2.32,97.68,3530.59,1.05,0.44,1.09,0.95,2.28,0.92,2.91,0,184.66,1.07,0.36,0.07,22.19,7.9,499.47,72.52,3.5,40.23,32.41,44.3,5.09,19.18,20.02,37.29,2.15,22.73,12.39,38.07,40.38,59.64,12.24,87.76,2671.18,1.64,0.5,2.41,0.61,2.01,0.41,1.67,0,119.33,0.66,0.35,0.04,7.56,2.63,556.41,82.45,2.19,46.6,34.94,50.26,4.41,23.56,22.29,35.75,3.51,19.59,12.65,0.27,121.19,0,100,0,1763.19,0.6,0.6,0,1.67,1.67,0,0,0,167.71,7.39,0.46,0.68,349.62,160.22,761.21,195.19,152.41,31.85,8.72,47.54,34.51,8.34,4.69,179.43,134.97,25.18,4.03,0.31,107.07,0,100,0,1765.8,0.63,0.63,0,1.58,1.58,0,0,0,170.16,5.69,0.47,0.68,327.97,154.23,725.35,180.07,137.58,31.95,6.8,29.55,18.97,7.34,3.24,166.82,119.2,25.23,3.56,44.43,26.93,73.2,17.76,82.24,3336.31,0.83,0.55,0.94,1.2,1.82,1.07,1.24,0,186.61,1.42,0.36,0.05,10.43,3.73,411.15,87.06,2.61,47.8,35.92,51.74,4.27,23.94,23.53,36.28,1.46,22.38,12.39,56.5,14.06,85.8,5.78,94.22,3091.14,1.34,0.55,1.47,0.75,1.82,0.68,2.33,0,85.77,0.66,0.34,0.03,5.73,1.96,385.26,96.98,2.58,61.28,38.16,63.03,4.39,32.69,25.95,39.18,0.8,26.19,12.21,0.27,108.99,0,100,0,1737.02,0.69,0.69,0,1.45,1.45,0,0,0,165.13,7.32,0.46,0.68,355.26,162.39,762.55,187.11,146.51,30.99,8.39,41.33,29.92,7.07,4.34,176.74,128.17,23.97,4.05,0.25,104.99,0,100,0,1766.03,0.76,0.76,0,1.31,1.31,0,0,0,164.83,3.28,0.52,0.66,263.53,137.08,720.58,151.92,119.3,30.6,5.82,8.3,1.33,5.21,1.76,172.45,121,26.1,4.06,0.27,106.74,0,100,0,1739.05,0.7,0.7,0,1.42,1.42,0,0,0,166.21,7.38,0.49,0.68,355.26,172.55,772.52,184.41,152.6,30.22,8.98,41.74,29.39,7.04,5.31,176.8,128.97,24.19,3.67,0.24,104.77,0,100,0,1767.65,0.78,0.78,0,1.29,1.29,0,0,0,165.71,3.3,0.51,0.66,265.88,136.56,724.11,152,126.11,29.63,4.86,20.14,12.02,6.36,1.76,170.43,121.61,24.64,3.1,786532968,40207073,47.87,2.45,5.11,353.25,786532968,40207073,47.87,2.45,5.11,353.25,786532968,40207073,47.87,2.45,5.11,353.25
18.11,17.87,82.12,5.1,94.9,3535.94,1.67,0.48,1.93,0.6,2.1,0.52,17.09,0,143.64,1.72,0.32,0.14,30.73,9.88,515.79,42.59,7.92,18.23,14.41,19.33,3.85,6.03,9.46,20.39,5.04,10.39,4.95,18.11,17.87,82.12,5.1,94.9,3535.94,1.67,0.48,1.93,0.6,2.1,0.52,17.09,0,143.64,1.72,0.32,0.14,30.73,9.88,515.79,42.59,7.92,18.23,14.41,19.33,3.85,6.03,9.46,20.39,5.04,10.39,4.95,18.11,17.87,82.12,5.1,94.9,3535.94,1.67,0.48,1.93,0.6,2.1,0.52,17.09,0,143.64,1.72,0.32,0.14,30.73,9.88,515.79,42.59,7.92,18.23,14.41,19.33,3.85,6.03,9.46,20.39,5.04,10.39,4.95,1.95,81.32,19.64,97.46,2.54,1978.79,0.57,0.69,0.07,1.74,1.44,13.35,0.02,0,194.72,10.13,0.43,0.71,421.92,182.83,559.02,211.05,150.04,29.5,9.89,59.27,43.77,9.18,6.32,157.83,122.66,20.92,3.57,0.26,97.56,0,100,0,1764.96,0.79,0.79,0,1.26,1.26,0,0,0,171.31,5.72,0.51,0.67,267.77,135.46,718.43,163.27,120.57,28.93,6.63,9.15,1.24,4.9,3,171.73,122.1,25.1,3.63,19.22,33.07,67.06,11.49,88.51,3799.96,1.58,0.55,2.09,0.63,1.81,0.48,1.16,0,197.44,8.73,0.37,0.09,22.28,8.18,444.32,64.89,8.78,8.97,26.05,20.34,3.08,1.06,16.2,34.79,7.08,17.85,9.85,15.11,48.59,51.23,15.67,84.33,2969.47,1.58,0.51,2.59,0.63,1.97,0.39,0.71,0,212.15,7.88,0.32,0.1,24.14,7.78,425.71,74.32,6.44,31.06,29.54,37.19,5.24,13.87,18.08,30.7,6.14,13.09,11.46,0.26,104.25,0,100,0,1767.12,0.72,0.72,0,1.39,1.39,0,0,0,169.36,8.86,0.46,0.68,355.35,162.65,758.65,191.19,150.14,32.88,9.59,42.39,29.43,8.57,4.39,177.17,127.3,26.2,5.19,0.24,104.47,0,100,0,1765.25,0.79,0.79,0,1.26,1.26,0,0,0,170.94,5.2,0.52,0.67,264.57,136.78,721.28,162.91,119.83,29.38,7.01,8.89,0.84,5.17,2.88,170.48,119.4,26.54,4.13,45.46,37.34,62.5,10.95,89.05,3279.7,1.44,0.42,2.04,0.7,2.38,0.49,2.14,0,175.4,2.04,0.3,0.13,27.3,8.29,554.84,23.08,8.46,26.59,7.5,22.67,5.93,11.23,5.51,13.58,3.34,8.25,1.99,79.44,12.35,87.68,2.56,97.44,3457.36,2.29,0.47,2.55,0.44,2.11,0.39,6.29,0,100.3,0.55,0.29,0.15,30.4,8.75,565.14,27.76,0.93,13.63,12.47,14.49,1.6,4.37,8.52,24.85,8.54,12.35,3.95,0.27,101.99,0,100,0,1794.68,0.71,0.71,0,1.41,1.41,0,0,0,170.42,9.78,0.45,0.69,356.85,161.32,769.98,189,150.14,32.71,8.33,57.89,43.77,10.24,3.88,178.47,129.04,25.74,4.45,0.28,103.94,0,100,0,1766.4,0.7,0.7,0,1.43,1.43,0,0,0,168.82,6.18,0.47,0.69,327,152.5,740.42,160.02,147.93,31.94,6.46,38.02,27.07,8.21,2.74,168.47,120.3,26.38,3.72,49.98,8.05,91.86,2.22,97.78,3616.68,1.58,0.44,1.68,0.63,2.3,0.59,2.86,0,152.63,1.6,0.33,0.2,55.59,18.6,386.49,79.07,15.7,13.76,14.2,16.08,4.91,2.07,9.1,15.98,2.33,8.55,5.1,76.4,8.77,91.22,3.02,96.98,3854.61,1.32,0.45,1.4,0.76,2.21,0.71,3.88,0,170.43,2.3,0.33,0.15,26.24,8.7,506.8,49.22,9.23,14.23,13.88,15,3.01,2.98,9.01,18.23,5.25,8.1,4.87,0.26,104.63,0,100,0,1765.16,0.71,0.71,0,1.4,1.4,0,0,0,173.38,11.79,0.46,0.69,356.6,163.19,757.75,189.48,125.78,25.57,7.86,38.37,28,6.6,3.77,176.14,128.97,23.93,4.09,0.24,103.97,0,100,0,1791.51,0.78,0.78,0,1.28,1.28,0,0,0,173.42,6.22,0.51,0.67,263.42,135.54,715.26,166.36,120.03,29.86,7.11,8.87,1.23,4.83,2.81,173.22,121.19,26.3,4.3,0.26,112.23,0,100,0,1791.25,0.66,0.66,0,1.51,1.51,0,0,0,173.35,9.9,0.46,0.68,356.06,162.69,760.89,189.58,159.58,30.48,8.04,44.33,32.72,7.45,4.16,177.8,129.38,24.03,3.88,0.23,106.18,0,100,0,1765.91,0.76,0.76,0,1.32,1.32,0,0,0,173.24,6.22,0.51,0.67,264.21,135.59,724.28,171.26,119.17,28.2,6.98,8.89,0.67,4.9,3.31,174.09,122.03,25.2,3.66,695039358,87714395,29.31,3.7,12.62,351.65,695039358,87714395,29.31,3.7,12.62,351.65,695039358,87714395,29.31,3.7,12.62,351.65
18.33,21.37,78.63,6.98,93.02,3017.21,1.87,0.61,2.22,0.53,1.63,0.45,16.57,0,111.85,0.97,0.36,0.05,8.26,2.94,459.23,61.2,4.02,31.55,28.66,35.16,8.27,8.94,17.96,43.35,2.85,29.74,10.7,18.33,21.37,78.63,6.98,93.02,3017.21,1.87,0.61,2.22,0.53,1.63,0.45,16.57,0,111.85,0.97,0.36,0.05,8.26,2.94,459.23,61.2,4.02,31.55,28.66,35.16,8.27,8.94,17.96,43.35,2.85,29.74,10.7,18.33,21.37,78.63,6.98,93.02,3017.21,1.87,0.61,2.22,0.53,1.63,0.45,16.57,0,111.85,0.97,0.36,0.05,8.26,2.94,459.23,61.2,4.02,31.55,28.66,35.16,8.27,8.94,17.96,43.35,2.85,29.74,10.7,8.08,91.64,8.65,85.17,14.83,2710.94,0.44,0.41,0.75,2.3,2.47,1.34,0.1,0,214.96,4.82,0.44,0.71,427.32,188.56,706.77,145.63,65.2,42.71,32.97,58.9,25.88,9.17,23.84,144.49,108.54,19.96,9.13,4.8,50.11,49.46,27.93,72.07,2623.66,0.9,0.5,1.31,1.11,1.99,0.76,0.11,0,231.28,2.15,0.5,0.66,261.36,130.77,552.24,154.23,124.57,31.77,5.42,14.32,6.48,6,1.85,173.41,121.85,25.83,3.57,29.22,30.97,69.01,8.55,91.45,2736.29,2.06,0.57,2.73,0.49,1.76,0.37,1.65,0,231.88,2.46,0.38,0.17,40.6,15.44,535.89,127.31,27.75,40.6,30.06,42.24,10.14,14.22,17.89,38.39,6.74,19.45,12.17,26.52,22.73,77.24,5.95,94.05,2514.8,2.07,0.54,2.52,0.48,1.85,0.4,1.38,0,229.29,2.99,0.34,0.05,16.56,5.55,386.75,71.87,4.21,36.91,33.11,42.76,5.27,17.37,20.12,34.16,2.3,18.83,12.99,0.3,92.65,0,100,0,1768.53,0.7,0.7,0,1.42,1.42,0,0,0,167.91,7.48,0.45,0.68,350.67,159.26,786,191.31,149.72,32.39,8.66,38.86,26.71,8.36,3.79,179.47,128.73,23.79,4.87,0.24,104.56,0,100,0,1766.99,0.77,0.77,0,1.3,1.3,0,0,0,167.63,3.37,0.51,0.66,258.85,132.86,728.1,154.89,124,31.65,5.78,13.89,6.11,6.01,1.77,174.1,122.03,25.43,4.01,61.74,14.8,85.13,5.79,94.21,3210.27,1.63,0.64,1.8,0.61,1.57,0.55,3.23,0,18.69,0.21,0.35,0.05,11.77,4.12,385.02,93.16,4.27,38.26,42.07,50.32,5.57,17.59,27.16,56.23,2.17,39.14,14.91,63.96,10.45,89.57,7.12,92.88,3134.25,1.3,0.88,1.34,0.77,1.13,0.74,2.6,0,106.38,0.57,0.32,0.01,1.87,0.59,452.06,33.12,0.97,32.48,16.12,27.14,13.22,3.22,10.7,35.03,3.94,25.66,5.42,0.26,104.42,0,100,0,1766.45,0.71,0.71,0,1.41,1.41,0,0,0,165.52,7.37,0.43,0.71,397.16,171.05,773.83,208.08,150.15,32.83,7.81,38.06,26.58,7.66,3.82,179.01,120.96,26.86,4,0.28,103.6,0,100,0,1763.12,0.69,0.69,0,1.45,1.45,0,0,0,172.18,7.81,0.47,0.67,322.75,150.12,746.77,163.65,123.32,31.52,5.65,13.28,5.17,5.89,2.22,167.48,119.91,25.53,3.43,59.4,16.88,83.11,3.62,96.38,3217.96,2.7,0.58,3.13,0.37,1.73,0.32,5.15,0,185.26,1.19,0.35,0.07,12.83,4.43,500.81,123.25,2.06,25.13,59.45,50.02,4.52,9.17,36.33,53.54,2.49,27.92,23.13,37.65,33.11,66.97,10.14,89.86,2941.53,2.11,0.65,2.83,0.47,1.55,0.35,2.34,0,122.58,1.85,0.33,0.03,5.71,1.9,483.3,81.52,5.87,28.19,39.31,38.79,5.24,9.69,23.86,49.02,1.49,32.07,15.45,0.26,104.8,0,100,0,1764.32,0.7,0.7,0,1.42,1.42,0,0,0,165.46,7.39,0.46,0.68,352.75,161.07,768.01,184.55,148.88,31.24,7.38,35.88,25.27,7.25,3.36,177.67,128.99,26.01,4.03,0.24,104.39,0,100,0,1774.34,0.76,0.76,0,1.31,1.31,0,0,0,165.47,3.39,0.51,0.67,262.02,134.5,735.16,155.98,124.3,32.17,5.67,13.16,5.66,5.81,1.7,163.09,115.46,27.12,3.97,0.26,104.63,0,100,0,1763.19,0.71,0.71,0,1.41,1.41,0,0,0,165.27,7.34,0.46,0.68,352.04,160.92,800.06,183.3,148.14,32.12,6.26,35.31,25.59,7.22,2.5,179.41,130.55,23.93,3.76,0.23,104.99,0,100,0,1771.8,0.77,0.77,0,1.31,1.31,0,0,0,165.47,3.39,0.52,0.66,260.01,134.4,744.46,153.85,127.4,31.19,5.04,20.83,12.92,6.29,1.61,171.52,123.1,24.38,3.43,718052478,65851737,29.36,2.69,9.17,356.48,718052478,65851737,29.36,2.69,9.17,356.48,718052478,65851737,29.36,2.69,9.17,356.48
15.43,16.2,83.83,5.01,94.99,3263.57,1.44,0.44,1.63,0.7,2.25,0.61,11.58,0,154.25,1.64,0.37,0.18,47.05,17.3,450.48,92.62,7.76,43.4,38.75,49.99,14.63,10.46,24.9,52.39,4.76,33.74,13.85,15.43,16.2,83.83,5.01,94.99,3263.57,1.44,0.44,1.63,0.7,2.25,0.61,11.58,0,154.25,1.64,0.37,0.18,47.05,17.3,450.48,92.62,7.76,43.4,38.75,49.99,14.63,10.46,24.9,52.39,4.76,33.74,13.85,15.43,16.2,83.83,5.01,94.99,3263.57,1.44,0.44,1.63,0.7,2.25,0.61,11.58,0,154.25,1.64,0.37,0.18,47.05,17.3,450.48,92.62,7.76,43.4,38.75,49.99,14.63,10.46,24.9,52.39,4.76,33.74,13.85,2.2,85.5,16.59,98.26,1.74,2008.35,0.72,0.84,0.08,1.39,1.18,12.97,0.03,0,190.96,10.03,0.37,0.15,41.88,15.61,750.62,114.93,96.8,36.46,11.92,40.72,24.73,8.2,7.79,42.39,18.46,20.06,4.13,0.24,104.18,0,100,0,1764.91,0.77,0.77,0,1.3,1.3,0,0,0,167.16,3.6,0.34,0.05,15.53,5.36,727.42,78.73,3.92,43.99,29.82,44.51,10.93,15.34,18.24,35.5,6.22,17.9,11.58,3.91,82.49,16.53,91,9,2000.26,0.36,0.39,0.19,2.79,2.56,5.18,0.03,0,218.3,3.08,0.37,0.27,84.47,31.61,443.84,88.31,11.67,51.62,36.81,54.32,18.77,12.71,22.85,55.34,24.98,16.36,13.96,9.06,54.85,45.78,16.92,83.08,2385.58,1.19,0.37,2.18,0.84,2.7,0.46,0.26,0,217.59,2.2,0.38,0.16,49.06,18.44,394.1,80.83,10.9,42.65,28.73,42.54,11.37,13.56,17.61,39.12,11.27,16.69,11.12,0.26,104.73,0,100,0,1750.94,0.71,0.71,0,1.42,1.42,0,0,0,166.17,7.33,0.45,0.69,357.27,160.72,768.34,184.66,147.17,30.39,8.59,41.73,29.97,8.04,3.72,173.69,123.91,23.37,4.87,0.23,104.95,0,100,0,1765.84,0.77,0.77,0,1.3,1.3,0,0,0,167.85,3.33,0.49,0.67,274.74,135.09,727.6,155,119.37,29.06,6.04,7.65,0.66,4.85,2.13,170.6,119.71,25.01,3.9,38.74,33.32,66.84,9.71,90.29,2994.2,1.48,0.43,2.01,0.67,2.31,0.5,1.72,0,172.83,3.03,0.37,0.29,98.91,36.37,431.46,29.85,7.95,50.94,9.22,34.22,16.58,11.88,5.76,39.66,4.17,32.03,3.45,77.84,10.44,89.45,2.59,97.41,2880.44,2.15,0.53,2.34,0.47,1.88,0.43,4.81,0,148.28,0.87,0.37,0.23,56.65,20.74,536,96.94,5.43,37.25,41.13,47.69,5.55,17.02,25.12,48.19,2.11,30.06,16.01,0.26,104.65,0,100,0,1760.08,0.7,0.7,0,1.42,1.42,0,0,0,167.44,7.29,0.34,0.7,597.59,200.25,769.03,184.93,146.82,30.76,7.45,50.16,37.86,9.06,3.24,180.96,128.89,24.73,4.2,0.25,103.38,0,100,0,1838.82,0.72,0.72,0,1.39,1.39,0,0,0,171.91,4.78,0.46,0.68,341.75,156.35,750.02,185.62,136.6,29.83,7.67,28.87,18.01,7.05,3.81,170.36,122.09,24.33,3.86,49.09,9.42,90.39,2.61,97.39,3763.04,1.18,0.33,1.27,0.85,3.07,0.79,2.17,0,132.98,1.31,0.35,0.16,23.07,8.1,379.82,143.82,6,33.9,69.68,67.08,14.72,4.64,47.72,59.78,2.42,35.39,21.96,63.54,10.25,89.85,3.98,96.02,3808.1,1.04,0.4,1.11,0.96,2.48,0.9,2.51,0,133.1,1.5,0.34,0.08,13.69,4.72,474.42,130.33,7.34,61.02,55.68,70.3,25.59,8.55,36.16,65.85,0.64,45.69,19.52,0.26,105.53,0,100,0,1746.26,0.71,0.71,0,1.41,1.41,0,0,0,166.74,7.29,0.35,0.76,634.38,223.1,780.08,182.56,144.85,28.88,6.77,30.81,21.82,6.07,2.92,176.94,130.85,23.49,3.85,0.23,105.5,0,100,0,1761.84,0.78,0.78,0,1.29,1.29,0,0,0,167.87,3.31,0.39,0.67,369.05,142.34,728.07,156.48,118.37,29.84,6.08,7.58,0.66,4.83,2.09,169.29,119.56,25.33,3.99,0.25,104.84,0,100,0,1771.78,0.72,0.72,0,1.4,1.4,0,0,0,168.17,7.33,0.36,0.71,503.33,181.71,781.69,181.93,146.08,29.02,6.77,30.68,21.63,6.06,2.98,178.39,129.63,24.24,3.78,0.23,107.77,0,100,0,1766.31,0.75,0.75,0,1.33,1.33,0,0,0,167.78,3.38,0.5,0.66,271.97,135.47,735.32,156.15,119.49,28.9,5.61,7.07,0.39,4.73,1.95,170.75,120.01,24.75,3.66,949554490,66671006,48.87,3.43,7.02,354.2,949554490,66671006,48.87,3.43,7.02,354.2,949554490,66671006,48.87,3.43,7.02,354.2
23.57,25.67,74.27,12.77,87.23,3374.63,1.2,0.59,1.4,0.84,1.68,0.71,15.2,0,191.85,1.78,0.28,0.1,21.26,5.97,470.23,107.16,4.77,53.81,48.09,61.26,18.27,13.06,29.93,61.71,3.15,40.33,18.16,23.57,25.67,74.27,12.77,87.23,3374.63,1.2,0.59,1.4,0.84,1.68,0.71,15.2,0,191.85,1.78,0.28,0.1,21.26,5.97,470.23,107.16,4.77,53.81,48.09,61.26,18.27,13.06,29.93,61.71,3.15,40.33,18.16,23.57,25.67,74.27,12.77,87.23,3374.63,1.2,0.59,1.4,0.84,1.68,0.71,15.2,0,191.85,1.78,0.28,0.1,21.26,5.97,470.23,107.16,4.77,53.81,48.09,61.26,18.27,13.06,29.93,61.71,3.15,40.33,18.16,15,66.14,34.14,35.77,64.23,3079.46,0.85,0.46,1.6,1.18,2.18,0.63,0.39,0,227.08,2.74,0.35,0.03,8.04,2.82,557,165.65,167.64,32.86,9.55,69.41,54.22,10.58,4.61,147.51,111.74,21.41,4.94,19.77,45.05,54.87,24.75,75.25,3116.88,1.5,0.83,2.06,0.66,1.21,0.49,0.93,0,230.33,1.86,0.32,0.15,42.59,13.76,400.06,76.9,123.62,31.71,35.46,34.71,7.11,6.27,21.33,179.21,117.36,25.9,14.12,49.73,41.47,58.33,18.23,81.77,3534.35,1.52,0.66,2.12,0.66,1.5,0.47,2.66,0,156.92,3.07,0.37,0.23,71.84,26.26,420.97,81.31,108.17,39.73,27.75,25.64,5.02,3.79,16.83,37.7,8.25,18.59,10.92,32.27,41.44,58.63,20.31,79.69,3351.39,1.07,0.53,1.46,0.93,1.9,0.69,1.16,0,191.05,2.57,0.3,0.22,73.08,21.76,408.52,78.92,128.14,33.08,28.42,95.34,61.62,15.88,17.85,71.3,38.47,21.74,10.58,0.27,104.34,0,100,0,1765.81,0.7,0.7,0,1.43,1.43,0,0,0,166.12,7.32,0.46,0.69,356.68,162.31,764.68,190.46,149.03,35.33,10.31,53.18,37.99,10.26,4.92,176.55,125.58,23.64,5.39,0.24,104.55,0,100,0,1789.61,0.77,0.77,0,1.3,1.3,0,0,0,166.65,3.34,0.52,0.67,263.98,136.08,716.91,158.93,124.9,31.73,6.82,18.59,9.06,6.67,2.85,169.56,119.09,25.2,3.98,67.2,23.58,76.48,13.54,86.46,3443.69,0.91,0.52,1.03,1.1,1.91,0.97,2.1,0,118.05,1.03,0.3,0.14,18.33,5.41,495.02,80.53,8.5,37.08,34.08,46.67,7.54,16.98,22.15,45.13,4.34,28.82,11.93,65.91,21.86,78.04,12.34,87.66,3144.28,1.05,0.59,1.18,0.95,1.69,0.85,2.17,0,87.93,1.28,0.3,0.03,2.89,0.87,566.63,109.98,2.75,37.49,51.65,54.26,5.18,17.72,31.36,59.86,0.56,39,20.29,0.31,91.3,0,100,0,1795.44,0.67,0.67,0,1.49,1.49,0,0,0,165.99,7.33,0.45,0.68,354.87,161.09,770.29,185.78,150.57,35.29,7.76,68.22,51.8,12.64,3.78,173.84,126.32,23.81,3.98,0.34,99.64,0,100,0,1856.37,0.6,0.6,0,1.67,1.67,0,0,0,167.31,5.66,0.47,0.69,332.34,155.44,736.97,161.18,156.26,34.54,6.8,51.99,38.94,10.13,2.93,168.2,120.15,24.01,3.87,46.29,20.44,79.33,11.22,88.78,3671.82,1.1,0.6,1.23,0.91,1.66,0.82,1.86,0,326.3,1.4,0.19,0.12,29.81,5.67,518.24,107.38,2.18,75.78,47.77,71.8,34.35,7.17,30.29,59.89,1.85,40.52,17.48,78.46,4.39,95.56,1.5,98.5,3409.27,1.45,0.5,1.5,0.69,2.02,0.67,3.89,0,166.2,2.23,0.19,0.09,22.01,4.26,404.59,133.48,3.82,71.61,63.67,79.78,31.23,8.58,39.97,79.39,3.75,51.92,23.69,0.29,100.88,0,100,0,1767.57,0.68,0.68,0,1.47,1.47,0,0,0,165.37,8.67,0.46,0.68,358.32,163.53,762.05,187.36,149.73,32.3,8.07,40.13,28.17,7.98,3.98,182.08,129.83,23.61,4.1,0.31,103.44,0,100,0,1766.66,0.82,0.82,0,1.22,1.22,0,0,0,165.25,3.29,0.52,0.67,265.08,136.61,717.07,161.05,124.95,32.98,7.28,18.37,8.76,6.65,2.97,176.02,122.23,26.42,4.31,0.26,105.2,0,100,0,1763.92,0.71,0.71,0,1.41,1.41,0,0,0,165.89,7.41,0.45,0.68,359.8,163.23,766.66,195.8,149.2,33,8.32,39.46,27.72,7.52,4.23,177.01,126.87,23.09,4.1,0.24,105.1,0,100,0,1764.54,0.78,0.78,0,1.29,1.29,0,0,0,165.15,3.34,0.51,0.67,266.63,135.55,722.65,158.17,122.76,31.41,6.57,16.85,7.49,6.43,2.94,170.86,120.78,24.5,3.64,916294851,55890633,42.12,2.57,6.1,351.14,916294851,55890633,42.12,2.57,6.1,351.14,916294851,55890633,42.12,2.57,6.1,351.14
18.65,28.37,71.66,13.52,86.48,3117.1,1.27,0.6,1.53,0.79,1.66,0.65,11.79,0,159.77,1.1,0.37,0.05,10.35,3.82,454.23,109.2,4.46,52.51,49.9,62.96,17.28,12.82,32.87,57.47,3.03,37.34,17.04,18.65,28.37,71.66,13.52,86.48,3117.1,1.27,0.6,1.53,0.79,1.66,0.65,11.79,0,159.77,1.1,0.37,0.05,10.35,3.82,454.23,109.2,4.46,52.51,49.9,62.96,17.28,12.82,32.87,57.47,3.03,37.34,17.04,18.65,28.37,71.66,13.52,86.48,3117.1,1.27,0.6,1.53,0.79,1.66,0.65,11.79,0,159.77,1.1,0.37,0.05,10.35,3.82,454.23,109.2,4.46,52.51,49.9,62.96,17.28,12.82,32.87,57.47,3.03,37.34,17.04,0.57,127.59,0,100,0,1802.8,0.48,0.48,0,2.09,2.09,0,0.01,0,187.45,10.38,0.43,0.7,413.1,179.63,757.62,199.65,57.81,37.52,7.98,44.04,30.24,9.37,4.43,59.41,28.36,26.32,3.55,0.24,102.01,0,100,0,1811.67,0.75,0.75,0,1.33,1.33,0,0,0,167.31,3.63,0.52,0.66,266.16,137.33,729.8,155.34,128.84,32.94,5.42,24.97,17.22,6.01,1.74,163.6,117.57,24.39,3.68,40.31,42.37,57.63,18.38,81.62,2591.32,1.47,0.64,2.09,0.68,1.56,0.48,1.54,0,229.44,3.39,0.38,0.1,29.87,11.22,434.3,81.99,3.72,37.73,32.78,43.26,5.75,17.94,19.58,37.13,4.57,19.3,13.2,25.99,72.45,27.48,41.08,58.92,2410.61,0.99,0.56,2.11,1.01,1.79,0.47,0.62,0,228.68,2.9,0.34,0.15,51.25,17.58,405.94,76.58,3.29,38.21,31.31,43.18,5.6,18.4,19.19,47.88,16.08,19.65,12.13,0.27,103.32,0,100,0,1759.51,0.7,0.7,0,1.43,1.43,0,0,0,168.32,7.48,0.46,0.69,357.96,163.86,771.67,185.99,154.52,30.73,8.33,33.57,23.05,7.22,3.31,175.72,122.65,25.16,5.02,0.24,105.37,0,100,0,1766.1,0.77,0.77,0,1.3,1.3,0,0,0,168.38,3.33,0.52,0.67,263.32,136.73,725.89,153.87,120.69,29.24,5.74,7.26,0.62,4.83,1.81,168.31,118.53,26.31,3.93,65.16,15.42,84.62,12.42,87.58,3789.38,1.07,0.86,1.11,0.93,1.16,0.9,2.64,0,113.63,0.79,0.35,0.03,6.68,2.36,528.21,87.28,5.41,43.83,35.89,49.46,11.05,15.41,23.01,57.56,2.22,42.4,12.88,46.34,25.2,74.69,10.73,89.27,3648.59,1.01,0.43,1.21,0.99,2.32,0.83,1.71,0,132.24,0.78,0.37,0.04,4.14,1.54,552.53,106.68,7.87,41.38,48.07,55.56,10.14,15.86,29.57,55.62,0.76,36.37,18.5,0.26,105.1,0,100,0,1760.27,0.71,0.71,0,1.41,1.41,0,0,0,168.4,7.36,0.47,0.67,326.39,153.48,767.79,182.69,171.45,33.63,6.89,42.37,32.77,6.72,2.88,174.83,121.52,25.26,4.01,0.29,101.12,0,100,0,1764.85,0.68,0.68,0,1.47,1.47,0,0,0,176.53,7.73,0.47,0.69,330.11,155.42,733.68,170.68,115.44,31.27,6.63,8.26,0.72,4.64,2.9,161.6,114.96,26.53,3.73,67.4,30.52,69.39,12.43,87.57,2894.17,1.54,0.63,1.95,0.65,1.59,0.51,3.01,0,206.11,1.11,0.35,0.02,5.25,1.82,381.94,107.34,1.54,72.04,51.88,74.4,31.31,7.63,35.46,52.19,1.94,33.83,16.41,50.23,19.46,80.63,6.03,93.97,2915.69,1.52,0.47,1.77,0.66,2.12,0.56,2.23,0,131.81,0.77,0.35,0.02,5.89,2.05,381.85,141.09,2.73,62.31,67.37,79.15,24.24,8.52,46.39,74.01,2.42,50.61,20.97,0.26,104.77,0,100,0,1761.03,0.71,0.71,0,1.42,1.42,0,0,0,168.44,7.43,0.46,0.69,359.02,163.5,776.83,182.12,145.75,29.84,6.49,37.47,27.22,7.67,2.57,175.8,125.95,26.93,3.91,0.24,104.37,0,100,0,1765.95,0.77,0.77,0,1.3,1.3,0,0,0,167.66,3.34,0.52,0.67,264.99,136.78,723.62,156.14,125.08,30.22,5.61,17.04,9.61,5.75,1.68,168.56,115.38,28.58,3.92,0.26,102.42,0,100,0,1799.77,0.71,0.71,0,1.41,1.41,0,0,0,167.87,7.43,0.46,0.68,356.7,162.56,770.24,183.37,183.12,34.78,6.46,57.42,46.79,8.01,2.61,177.69,126.69,25.03,3.85,0.24,104.56,0,100,0,1766.17,0.77,0.77,0,1.29,1.29,0,0,0,167.66,3.31,0.51,0.67,265.5,135.77,728.12,154.25,119.34,29.09,5.05,7.01,0.62,4.71,1.67,168.05,118.88,26.06,3.37,871975205,54787772,50.54,3.18,6.28,350.65,871975205,54787772,50.54,3.18,6.28,350.65,871975205,54787772,50.54,3.18,6.28,350.65
15.23,14.95,85.05,3.92,96.08,3163.64,1.52,0.4,1.72,0.66,2.51,0.58,11.75,0,159.76,1.02,0.36,0.05,10.48,3.81,457.23,109.28,3.22,53.66,52.29,62.42,17.77,13.16,31.49,62.31,3.83,37.63,20.79,15.23,14.95,85.05,3.92,96.08,3163.64,1.52,0.4,1.72,0.66,2.51,0.58,11.75,0,159.76,1.02,0.36,0.05,10.48,3.81,457.23,109.28,3.22,53.66,52.29,62.42,17.77,13.16,31.49,62.31,3.83,37.63,20.79,15.23,14.95,85.05,3.92,96.08,3163.64,1.52,0.4,1.72,0.66,2.51,0.58,11.75,0,159.76,1.02,0.36,0.05,10.48,3.81,457.23,109.28,3.22,53.66,52.29,62.42,17.77,13.16,31.49,62.31,3.83,37.63,20.79,16.41,40.09,59.97,7.91,92.09,2589.83,1.83,0.36,2.81,0.55,2.77,0.36,0.78,0,199.96,7.17,0.44,0.7,433.64,189.43,409.27,198.49,162.32,30.62,9.22,74.21,57.86,10.91,5.44,143.23,111.25,20.32,3.78,3.13,81.28,17.38,67.79,32.21,3000.84,0.51,0.42,0.92,1.98,2.4,1.08,0.05,0,228.15,1.84,0.5,0.66,268.87,135.71,496.9,154.6,121.11,28.56,5.44,8.07,1.31,4.99,1.77,165.68,117,25.09,3.67,29.16,32.46,67.34,6,94,2478.99,2.01,0.37,2.8,0.5,2.7,0.36,1.45,0,173.08,4.45,0.37,0.08,24.36,9.05,470.57,79.71,27.79,38.86,34.68,44.53,8.12,15.49,20.92,37.62,4.37,19.48,13.76,13.82,46.21,54.45,11.54,88.46,2411.07,1.61,0.41,2.64,0.62,2.47,0.38,0.54,0,231.86,1.41,0.37,0.32,72.35,26.8,614.61,95.86,7.38,37.97,38.71,48.16,8.43,16.26,23.48,46.09,7.27,23.58,15.23,0.25,104.39,0,100,0,1766.14,0.7,0.7,0,1.43,1.43,0,0,0,165.33,7.32,0.46,0.68,357.1,162.96,768.6,186.15,157.31,32.71,8.39,45.92,33.7,8.83,3.39,170.64,118.64,26.68,5.01,0.23,105.02,0,100,0,1761.32,0.77,0.77,0,1.3,1.3,0,0,0,165.24,3.27,0.51,0.66,264.36,134.99,726.37,154.16,120.96,29.52,5.81,7.67,0.94,4.92,1.8,165.64,114.99,27.35,4.01,50.71,4.79,95.26,0.99,99.01,3574.32,1.4,0.29,1.46,0.71,3.45,0.68,2.55,0,79.32,0.34,0.31,0.03,6.86,2.14,505.52,134.61,2.68,38.52,66.44,63.65,5.15,18.13,40.37,83.11,1.12,55.93,26.07,58.85,3.18,96.79,1.09,98.91,3863.14,1.21,0.41,1.23,0.83,2.41,0.81,2.75,0,121.85,0.69,0.33,0.03,3.97,1.31,459.76,143.92,1.38,68.73,71.12,80.75,29.54,8.68,42.53,69.78,1.5,39.66,28.59,0.24,105.83,0,100,0,1760.06,0.7,0.7,0,1.42,1.42,0,0,0,165.88,7.3,0.46,0.69,356.89,162.58,769.14,183.24,149.43,30.84,6.83,35.85,25.67,7.34,2.84,168.2,123.56,25.67,3.99,0.27,104.43,0,100,0,1764.97,0.68,0.68,0,1.47,1.47,0,0,0,165.24,3.3,0.49,0.68,293.88,144.26,757.89,164.92,140.03,31.24,5.93,27.62,18.46,6.94,2.21,167.81,120.68,25.44,3.72,54.13,5.85,94.04,0.94,99.06,2770.69,2.14,0.34,2.25,0.47,2.91,0.44,3.21,0,184.33,1.09,0.36,0.02,5.56,2.02,381.27,99.88,1.69,54.81,47.96,59.91,18.41,12.95,28.55,54.89,6.81,28.64,19.41,15.65,45.75,54.31,26.19,73.81,3301.99,0.79,0.45,1.07,1.27,2.21,0.93,0.41,0,208.88,1.07,0.35,0.04,8.85,3.08,467.41,75.35,1.22,58.76,36.02,55.3,21.55,11.87,21.87,62.8,3.24,45.39,14.15,0.26,100.84,0,100,0,1752.71,0.69,0.69,0,1.44,1.44,0,0,0,165.32,7.32,0.44,0.69,398.35,174.45,782.32,182.95,149.09,29.54,6.37,30.94,22.2,6.09,2.65,172.72,124.6,25.2,3.72,0.21,105.01,0,100,0,1855.7,0.76,0.76,0,1.31,1.31,0,0,0,165.24,3.29,0.52,0.67,264.73,136.83,727.99,155.93,120.54,30.27,5.79,7.6,0.88,4.94,1.77,170.78,119.72,27.85,4.02,0.26,97.77,0,100,0,1799.02,0.7,0.7,0,1.44,1.44,0,0,0,165.21,7.32,0.46,0.68,357.2,163.64,770.65,182.94,149.48,30.21,6.14,31.11,22.39,6.06,2.65,174.98,124.62,26.52,3.49,0.24,101.21,0,100,0,1765.2,0.75,0.75,0,1.34,1.34,0,0,0,165.39,3.32,0.51,0.67,263.94,135.26,737.99,156.62,126.63,28.73,5.29,16.52,9.29,5.55,1.68,170.03,119.6,26.39,3.61,907008157,50601627,46.42,2.59,5.58,350.91,907008157,50601627,46.42,2.59,5.58,350.91,907008157,50601627,46.42,2.59,5.58,350.91
14.78,13.93,86.1,3.41,96.59,3294.32,1.48,0.36,1.66,0.68,2.77,0.6,11.51,0,157.24,1.08,0.36,0.06,12.84,4.66,451.63,108.58,4.49,52.94,51.92,62.57,17.81,12.94,31.82,60.47,2.42,37.89,20.1,14.78,13.93,86.1,3.41,96.59,3294.32,1.48,0.36,1.66,0.68,2.77,0.6,11.51,0,157.24,1.08,0.36,0.06,12.84,4.66,451.63,108.58,4.49,52.94,51.92,62.57,17.81,12.94,31.82,60.47,2.42,37.89,20.1,14.78,13.93,86.1,3.41,96.59,3294.32,1.48,0.36,1.66,0.68,2.77,0.6,11.51,0,157.24,1.08,0.36,0.06,12.84,4.66,451.63,108.58,4.49,52.94,51.92,62.57,17.81,12.94,31.82,60.47,2.42,37.89,20.1,0.67,112.86,0,100,0,1786.03,0.52,0.52,0,1.91,1.91,0,0.01,0,191.94,10.28,0.46,0.71,395.6,181.3,525.73,110.04,155.48,30.74,20.08,63.56,40.69,8.63,14.24,139.21,106.82,20.67,5.84,0.24,99.08,0,100,0,2042.7,0.76,0.76,0,1.32,1.32,0,0,0,169.01,3.52,0.5,0.67,265.9,132.9,722.99,156.1,124.34,31.35,5.43,13.95,6.19,5.9,1.85,168.55,119.13,25.34,3.58,11.15,26.28,74.17,3.86,96.14,2412.9,2.28,0.34,2.97,0.44,2.97,0.34,0.62,0,231.15,1.67,0.37,0.22,68.02,25.42,431.26,83.48,65.51,39.17,33.96,51.53,24.51,6.37,20.65,175.67,123.79,24.29,13.31,3.7,93.15,6.55,97.03,2.97,2143.18,0.38,0.39,0.17,2.64,2.54,5.84,0.03,0,117.84,6.59,0.35,0.14,52.83,18.71,412.92,75.13,37.59,17.25,34.8,42,15.3,5.68,21.02,97.02,65.22,15.22,13.78,0.28,101.82,0,100,0,1769.18,0.69,0.69,0,1.45,1.45,0,0,0,170.49,7.37,0.45,0.69,361.79,163.41,760.29,186.97,150.52,34.23,8.66,51.01,36.72,10.79,3.51,167.98,126.32,24.25,5.15,0.25,105.05,0,100,0,1764.77,0.77,0.77,0,1.31,1.31,0,0,0,169.4,3.4,0.51,0.67,263.92,135.25,719.57,154.86,124.36,31.62,5.56,13.13,5.39,6.04,1.7,169.48,118.55,25.4,3.85,58.73,21.34,78.57,5.02,94.98,3048.71,1.71,0.4,2.07,0.58,2.48,0.48,3.06,0,194.44,1.31,0.35,0.03,6.08,2.15,438.16,103.58,8.57,61.59,46.64,62.86,25.59,7.79,29.48,42.66,3.08,22.42,17.15,43.75,14.93,85.18,3.08,96.92,3535.88,1.26,0.26,1.44,0.79,3.83,0.69,1.96,0,199.37,1.34,0.34,0.02,3.05,1.05,392.09,147.86,1.79,44.82,73.83,70.94,10.06,16.16,44.72,65.13,2.83,33.2,29.11,0.31,107.1,0,100,0,1738.23,0.63,0.63,0,1.59,1.59,0,0,0,170.66,7.39,0.45,0.69,358,161.51,762.51,182.28,149.04,32.33,6.65,43.74,31.76,9.23,2.75,174.86,126.31,24.87,3.9,0.34,101.76,0,100,0,1768.19,0.64,0.64,0,1.55,1.55,0,0,0,171.12,4.7,0.46,0.69,323.78,150.38,727.63,164.35,141.82,32.78,5.97,34.04,23.54,8.12,2.39,166.05,119.89,24.35,3.59,40.82,13.77,86.25,3.56,96.44,3477.09,1.3,0.34,1.45,0.77,2.98,0.69,1.84,0,89.83,0.61,0.35,0.03,7.13,2.51,486.94,87.52,5.65,43.41,41.71,53.38,10.45,17.2,25.73,65.48,1.45,48.05,15.98,74.99,2.8,97.11,0.52,99.48,3495.07,1.51,0.28,1.54,0.66,3.58,0.65,3.94,0,119.53,0.69,0.34,0.08,17.06,5.82,508.24,101.6,0.99,66.17,48.97,68.03,27.74,9.43,30.86,67.07,0.81,48.14,18.11,0.28,104.91,0,100,0,1765.33,0.7,0.7,0,1.42,1.42,0,0,0,168.15,9.47,0.46,0.68,356.42,162.85,759.61,183.01,151.26,32.56,6.66,39.09,28.72,7.69,2.69,170.31,125.7,24.68,3.97,0.25,104.88,0,100,0,1765.69,0.78,0.78,0,1.28,1.28,0,0,0,167.89,3.29,0.52,0.67,263.48,136.61,715.71,155.89,131.61,33.42,5.67,22.41,13.8,6.86,1.75,171.05,120.45,25.96,3.92,0.27,103.77,0,100,0,1780.06,0.71,0.71,0,1.41,1.41,0,0,0,168.51,7.32,0.46,0.68,357.97,162.89,781.62,182.65,151.01,31.95,6.23,36.01,26.17,7.29,2.56,175.42,126.53,24.49,3.67,0.25,106.86,0,100,0,1764.99,0.77,0.77,0,1.29,1.29,0,0,0,167.89,3.28,0.51,0.67,265.12,136.38,724.56,163.24,124.07,30.63,5.64,13.69,5.53,6.06,2.1,168.92,120.23,24.47,3.54,881077273,53710632,48.89,2.98,6.1,349.34,881077273,53710632,48.89,2.98,6.1,349.34,881077273,53710632,48.89,2.98,6.1,349.34
14.21,11.74,88.33,2.94,97.06,3306.59,1.51,0.38,1.66,0.66,2.65,0.6,11.34,0,157.73,0.96,0.35,0.08,16.65,5.79,460.25,112.27,6.15,53.69,50.91,64.01,18.44,12.71,32.86,56.98,1.53,37.34,18.05,14.21,11.74,88.33,2.94,97.06,3306.59,1.51,0.38,1.66,0.66,2.65,0.6,11.34,0,157.73,0.96,0.35,0.08,16.65,5.79,460.25,112.27,6.15,53.69,50.91,64.01,18.44,12.71,32.86,56.98,1.53,37.34,18.05,14.21,11.74,88.33,2.94,97.06,3306.59,1.51,0.38,1.66,0.66,2.65,0.6,11.34,0,157.73,0.96,0.35,0.08,16.65,5.79,460.25,112.27,6.15,53.69,50.91,64.01,18.44,12.71,32.86,56.98,1.53,37.34,18.05,0.6,112.12,0,100,0,1805,0.55,0.55,0,1.81,1.81,0,0.01,0,192.9,13.37,0.4,0.67,416.56,164.83,726.73,208.44,164.93,46.86,9.23,77.79,59.23,12.99,5.58,151.62,114.39,21.52,3.65,0.24,100.25,0,100,0,1935.78,0.77,0.77,0,1.31,1.31,0,0,0,170.08,3.45,0.48,0.66,290.92,139.52,736.8,151.41,121.39,38.02,5.14,23.31,13.72,7.86,1.74,171.33,120.11,25.1,3.4,0.27,108.62,0,100,0,1755.79,0.69,0.69,0,1.45,1.45,0,0,0,165.18,7.24,0.44,0.69,375.11,166.09,795.22,90.45,69.65,42.34,26.41,43.59,18.13,7.2,18.27,37.86,9.25,20.18,8.14,1.61,103.83,0,100,0,1784.62,0.57,0.57,0,1.76,1.76,0,0.02,0,189.34,15.59,0.31,0.6,460.28,142.96,681.59,92.13,27.78,34.97,35.96,46.88,9.46,13.47,23.95,32.39,1.87,18.42,12.01,0.27,104.53,0,100,0,1767.61,0.72,0.72,0,1.4,1.4,0,0,0,169.32,7.32,0.44,0.68,378.87,166.48,770.38,196.4,148.77,32.27,8.72,45.73,33.42,8.7,3.61,183.11,127.48,24.94,5.11,0.25,105.43,0,100,0,1764.34,0.79,0.79,0,1.27,1.27,0,0,0,168.56,3.34,0.48,0.66,291.49,140.06,730.86,151.11,121.42,30.01,5.56,7.47,0.76,4.95,1.76,167.65,122.07,23.47,3.8,28.13,23.58,76.44,6.69,93.31,3420.16,1.35,0.38,1.65,0.74,2.6,0.6,1.3,0,230.57,1.8,0.37,0.18,46.19,16.89,383.22,140.85,10.92,49.46,60.24,68.2,15.72,13.98,38.5,66.63,2.18,42.68,21.74,75.26,14.37,85.56,2.32,97.68,2649.25,2.31,0.37,2.63,0.43,2.69,0.38,4.59,0,228.45,1.27,0.35,0.04,9.21,3.21,395.44,105.36,4.07,50.91,51.04,61.97,16.44,13.93,31.6,46.72,0.72,26.56,19.44,0.27,104.26,0,100,0,1770.39,0.72,0.72,0,1.4,1.4,0,0,0,168.36,7.34,0.44,0.68,378.19,167.04,762.51,182.68,147.12,31.81,7.46,32.06,22.23,6.65,3.19,176.38,127.85,23.79,4.27,0.28,101.42,0,100,0,1765.85,0.74,0.74,0,1.35,1.35,0,0,0,169.61,6.51,0.43,0.69,410.99,175.27,745.28,169.58,142.97,31.91,6.38,35.79,25.48,7.64,2.67,172.71,120.78,25.01,3.7,39.59,15.41,84.66,3.67,96.33,3752.03,1.15,0.27,1.31,0.87,3.64,0.76,1.71,0,106.9,0.61,0.31,0.06,10.17,3.13,540.2,105.67,1.36,55.94,49.19,63.64,19.41,12.59,31.64,82.26,1.35,63.31,17.55,79.22,1.65,98.38,0.47,99.53,3758.91,1.22,0.35,1.24,0.82,2.87,0.81,3.65,0,45.61,0.21,0.33,0.07,13.84,4.57,523.86,125.86,2.48,63.15,57.58,73.95,24.17,10.32,39.46,61.43,0.38,42.94,18.12,0.27,104.94,0,100,0,1760.31,0.71,0.71,0,1.4,1.4,0,0,0,169.38,7.34,0.43,0.69,403.84,172.12,778.02,177.5,146.42,28.19,6.37,30.63,21.84,6.19,2.59,177.24,128.37,23.56,3.79,0.25,104.34,0,100,0,1773.61,0.79,0.79,0,1.27,1.27,0,0,0,166.44,3.28,0.48,0.66,291.31,139.27,734.99,153.6,119.07,30,5.6,7.43,0.92,4.78,1.74,172.68,120.69,26.45,3.87,0.27,104.31,0,100,0,1764.91,0.73,0.73,0,1.38,1.38,0,0,0,167.6,9.16,0.44,0.68,376.23,165.81,775.43,178.94,145.57,28.9,6.14,30.27,21.81,5.96,2.51,177.24,128.13,23.6,3.63,0.24,105.18,0,100,0,1764.47,0.78,0.78,0,1.28,1.28,0,0,0,166.82,3.42,0.48,0.66,293.37,142.15,737.07,150.74,119.91,28.52,4.97,6.76,0.58,4.57,1.61,172.67,122.17,24.92,3.36,888302769,52187952,47.84,2.81,5.88,344.89,888302769,52187952,47.84,2.81,5.88,344.89,888302769,52187952,47.84,2.81,5.88,344.89
14.69,12.31,87.67,3.18,96.82,3325.43,1.49,0.39,1.65,0.67,2.59,0.61,11.65,0,156.64,1.05,0.37,0.04,7.84,2.92,467.46,64.04,3.11,31.41,28.17,34.97,8.1,8.86,18.02,33.14,1.59,21.35,10.16,14.69,12.31,87.67,3.18,96.82,3325.43,1.49,0.39,1.65,0.67,2.59,0.61,11.65,0,156.64,1.05,0.37,0.04,7.84,2.92,467.46,64.04,3.11,31.41,28.17,34.97,8.1,8.86,18.02,33.14,1.59,21.35,10.16,14.69,12.31,87.67,3.18,96.82,3325.43,1.49,0.39,1.65,0.67,2.59,0.61,11.65,0,156.64,1.05,0.37,0.04,7.84,2.92,467.46,64.04,3.11,31.41,28.17,34.97,8.1,8.86,18.02,33.14,1.59,21.35,10.16,2.29,81.74,16.25,98.25,1.75,1990.73,0.73,0.86,0.08,1.37,1.16,12.95,0.03,0,186.92,10.3,0.43,0.71,437.4,186.59,514.69,219.38,155.95,32.29,10.3,105.11,82.99,15.74,6.37,142.96,115.73,20.9,3.92,0.24,99.88,0,100,0,1931.68,0.76,0.76,0,1.31,1.31,0,0,0,165.29,3.48,0.51,0.66,265.69,134.69,716.38,152.92,118.19,30.21,5.39,9.57,2.13,5.69,1.75,171.53,120.88,25.01,3.64,3.12,79.66,21.07,71.21,28.79,3229.12,0.57,0.51,0.78,1.76,1.96,1.28,0.06,0,165.3,7.32,0.39,0.5,185.38,72.26,393.69,147.09,17.07,39.95,19.47,39.4,9.72,16.45,13.23,39.62,12.96,20.4,6.23,2.47,88.34,9.42,96.81,3.19,2079.41,0.44,0.47,0.15,2.28,2.13,6.89,0.02,0,193.36,15.55,0.35,0.11,37.73,13.22,390.09,98.55,8.92,38.43,33.88,48.17,7.91,18.25,22.01,31.96,1.58,18.51,11.87,0.26,104.39,0,100,0,1768.87,0.7,0.7,0,1.42,1.42,0,0,0,162.96,7.29,0.46,0.69,357.2,163.77,758.17,183.66,146.84,34.98,8.74,62.2,46.9,11.78,3.52,179.37,128.89,24.4,5.22,0.24,103.53,0,100,0,1765.61,0.77,0.77,0,1.3,1.3,0,0,0,163.24,3.3,0.52,0.67,264.22,136.5,722.83,152.99,120.37,30.89,5.75,11.15,3.65,5.78,1.72,173.02,120.35,25.22,4.02,49.58,22.13,77.83,4.57,95.43,3220.25,1.54,0.32,1.88,0.65,3.16,0.53,2.45,0,230.39,1.71,0.37,0.12,30.85,11.38,447.47,80.33,7.13,34.73,36.41,46.61,6.68,15.39,24.54,27.86,1.76,14.21,11.87,60.39,8.38,91.56,1.67,98.33,3212.69,1.79,0.36,1.93,0.56,2.8,0.52,3.48,0,230.62,1.46,0.35,0.02,2.58,0.91,417.15,81,1.99,41.65,35.67,44.63,12.9,10.12,21.6,48.76,1.03,33.65,14.07,0.27,110.73,0,100,0,1722.14,0.65,0.65,0,1.54,1.54,0,0,0,162.71,7.23,0.45,0.69,356.08,161.16,761.19,180.06,146.11,33.29,6.85,36.17,25.59,7.8,2.78,178.01,127.7,23.46,4.08,0.28,103.86,0,100,0,1763.28,0.7,0.7,0,1.43,1.43,0,0,0,166.63,5.76,0.47,0.69,321.84,150.83,730.38,151.46,169.59,35.76,5.45,68.08,54.82,11.61,1.65,168.62,120.27,24.01,3.8,38.31,9.52,90.48,2.45,97.55,3714.47,1.18,0.3,1.27,0.85,3.29,0.79,1.68,0,89.75,0.71,0.35,0.03,5.09,1.8,490.2,77.13,1.42,19.9,36.05,31.7,4.21,4.66,22.83,27.1,1.3,12.55,13.23,76.23,4.06,95.95,0.9,99.1,3416.69,1.49,0.33,1.54,0.67,3.02,0.65,3.87,0,59.44,0.25,0.32,0.01,1.74,0.56,519.46,39.65,1.35,28.43,17.55,25.73,6.96,7.03,11.74,23.16,0.53,16.81,5.81,0.25,104.3,0,100,0,1765.48,0.71,0.71,0,1.41,1.41,0,0,0,165.45,7.41,0.46,0.68,355.83,162.28,757.84,180.38,150.19,31.82,6.47,45.26,30.82,11.83,2.62,177.91,128.16,23.35,3.85,0.23,105.46,0,100,0,1765.26,0.77,0.77,0,1.3,1.3,0,0,0,164.09,3.44,0.51,0.67,264.52,136.05,714.45,160.28,129.38,32.28,6.38,22.12,13.1,6.74,2.28,173.94,121.53,25.7,4.1,0.25,104.29,0,100,0,1766.28,0.71,0.71,0,1.41,1.41,0,0,0,165.27,7.38,0.46,0.69,357.91,162.98,772.59,178.84,173.36,34.87,6.19,65.85,50.76,12.51,2.59,178.43,128.44,23.61,3.6,0.23,104.52,0,100,0,1767.08,0.78,0.78,0,1.29,1.29,0,0,0,165.19,3.27,0.51,0.66,263.76,135.83,718.78,151.38,124.05,30.43,4.74,13.91,6.37,5.96,1.58,172.19,122.1,24.97,3.16,793033028,62217293,43.4,3.41,7.85,354.27,793033028,62217293,43.4,3.41,7.85,354.27,793033028,62217293,43.4,3.41,7.85,354.27
14.71,14.19,85.84,1.86,98.14,3262.61,2.69,0.35,3.07,0.37,2.84,0.33,20.63,0,102.84,0.59,0.31,0.05,8.28,2.61,501.36,36.86,1.8,18.62,15.49,18.57,2.05,6.16,10.36,18.53,1.33,12.03,5.13,14.71,14.19,85.84,1.86,98.14,3262.61,2.69,0.35,3.07,0.37,2.84,0.33,20.63,0,102.84,0.59,0.31,0.05,8.28,2.61,501.36,36.86,1.8,18.62,15.49,18.57,2.05,6.16,10.36,18.53,1.33,12.03,5.13,14.71,14.19,85.84,1.86,98.14,3262.61,2.69,0.35,3.07,0.37,2.84,0.33,20.63,0,102.84,0.59,0.31,0.05,8.28,2.61,501.36,36.86,1.8,18.62,15.49,18.57,2.05,6.16,10.36,18.53,1.33,12.03,5.13,0.63,108.34,0,100,0,1713.54,0.54,0.54,0,1.84,1.84,0,0.01,0,190.77,9.4,0.36,0.4,148.44,53.31,755.73,211.74,51.12,33.85,9.31,38.6,24.6,8.42,5.58,152.9,120.46,21.65,3.73,0.3,101.63,0,100,0,1764.56,0.7,0.7,0,1.43,1.43,0,0,0,168.32,3.64,0.51,0.67,266.12,135.89,721.13,151.65,122.01,29.14,5.38,8.09,1.4,4.91,1.78,171.89,120.54,26.63,3.6,7.54,96.1,3.78,98.18,1.82,3070.06,0.33,0.34,0.16,3.01,2.95,6.25,0.08,0,223.54,5.18,0.36,0.08,24.56,8.81,605.49,127.45,73.8,39.62,9.42,40.22,21.25,13.36,5.6,21.44,5.91,11.62,3.82,3.63,73.35,28.2,34.94,65.06,2090.2,0.93,0.45,2.18,1.07,2.22,0.46,0.07,0,226.22,2.8,0.33,0.06,21.32,6.97,393.47,77.35,3.33,37.91,33.33,43.99,5.26,18.17,20.56,68.15,36.6,18.11,12.77,0.3,104.01,0,100,0,1760.72,0.66,0.66,0,1.53,1.53,0,0,0,167.34,7.28,0.46,0.68,351.72,160.21,764.18,185.36,174.52,33.03,10.04,40.27,27.93,7.32,5.02,179.19,127.2,25.17,5.02,0.27,104.3,0,100,0,1766.49,0.72,0.72,0,1.39,1.39,0,0,0,167.36,3.29,0.52,0.67,260.09,134.25,719.14,152.06,121.58,29.54,5.58,7.4,0.75,4.89,1.75,172.77,120.34,26.21,3.83,57.12,14.29,85.77,1.39,98.61,3818.15,3,0.29,3.45,0.33,3.43,0.29,6.54,0,123.24,0.98,0.31,0.19,55.94,17.22,413.93,83.59,2.21,10.44,34.8,24.44,1.01,1.06,22.37,33.39,2.03,18.91,12.43,50.16,6.93,92.97,0.92,99.08,3143.65,2.88,0.38,3.06,0.35,2.62,0.33,4.53,0,93.32,0.42,0.31,0.03,9.34,2.89,389.16,38.48,0.66,11.61,16.7,13.57,0.78,1.9,10.9,20.65,0.86,13.99,5.81,0.3,107.89,0,100,0,1757.14,0.64,0.64,0,1.57,1.57,0,0,0,167.42,7.3,0.45,0.68,352.01,159.46,769.16,179.93,143.27,34.16,7.13,79.5,62.09,14.45,2.95,180.14,127.57,26.16,4.18,0.34,101.17,0,100,0,1765.45,0.63,0.63,0,1.58,1.58,0,0,0,167.32,3.28,0.44,0.7,374.99,164.89,752.45,163.01,120.27,29.21,6.1,8.17,0.91,5.04,2.22,168.17,119.09,26.67,3.88,20.93,15.74,84.25,2.76,97.24,3373.63,1.85,0.32,2.13,0.54,3.09,0.47,1.3,0,97.93,0.48,0.33,0.02,1.83,0.6,545.5,28.69,1.24,27.88,12.25,23.66,3.29,11.88,8.5,13.65,0.57,9.33,3.75,92.44,7.74,92.24,0.95,99.05,3074.27,2.83,0.35,3.04,0.35,2.88,0.33,8.04,0,105.26,0.55,0.23,0.04,3.39,0.77,552.84,28.08,0.77,24.19,12.3,20.89,2.6,9.68,8.6,14.93,0.9,10.31,3.7,0.3,104.16,0,100,0,1755.28,0.66,0.66,0,1.51,1.51,0,0,0,167.88,7.37,0.45,0.67,349.62,158.4,759.38,179.83,148.93,29.38,6.26,30.9,22.2,6.16,2.55,179.23,129.01,24.31,3.72,0.27,104,0,100,0,1765.15,0.72,0.72,0,1.39,1.39,0,0,0,167.87,3.31,0.52,0.66,259.54,134.18,718.85,155.2,122.55,31.25,5.74,7.96,1.05,5.11,1.8,174.52,122.12,27.23,3.94,0.29,102.44,0,100,0,1794.31,0.67,0.67,0,1.5,1.5,0,0,0,168.03,7.36,0.44,0.68,377.59,167.47,765.27,179.92,150.17,28.7,6.19,31.1,22.3,6.26,2.54,178.58,132.93,23.64,3.65,0.27,104.65,0,100,0,1764.89,0.72,0.72,0,1.39,1.39,0,0,0,167.03,3.29,0.51,0.66,263.52,135.41,720.54,152.46,121.03,29.21,5.2,7.33,0.84,4.67,1.82,173.59,122.13,25.83,3.38,575889638,94134000,18.2,2.97,16.35,360.83,575889638,94134000,18.2,2.97,16.35,360.83,575889638,94134000,18.2,2.97,16.35,360.83
15.53,15.89,84.11,2.69,97.31,3189.47,2.66,0.45,3.08,0.38,2.22,0.32,21.08,0,102.48,0.58,0.37,0.09,15.09,5.57,509.4,36.37,3.82,17.67,14.42,17.99,2.84,5.47,9.68,18.64,2.14,11.72,4.74,15.53,15.89,84.11,2.69,97.31,3189.47,2.66,0.45,3.08,0.38,2.22,0.32,21.08,0,102.48,0.58,0.37,0.09,15.09,5.57,509.4,36.37,3.82,17.67,14.42,17.99,2.84,5.47,9.68,18.64,2.14,11.72,4.74,15.53,15.89,84.11,2.69,97.31,3189.47,2.66,0.45,3.08,0.38,2.22,0.32,21.08,0,102.48,0.58,0.37,0.09,15.09,5.57,509.4,36.37,3.82,17.67,14.42,17.99,2.84,5.47,9.68,18.64,2.14,11.72,4.74,0.53,121.89,0,100,0,1860.63,0.52,0.52,0,1.93,1.93,0,0.01,0,189.78,11.55,0.42,0.7,438.39,184.31,740.5,226.7,149.42,28.72,12.33,56.66,39.56,8.62,8.49,134.8,99.23,32.49,3.84,0.22,102.83,0,100,0,2130.93,0.73,0.73,0,1.37,1.37,0,0,0,166.25,4.55,0.51,0.67,266.85,136.66,742.71,158.34,121.79,29.58,6.01,9.11,1.89,4.99,2.23,162.95,107.82,30.52,3.78,26.79,53.64,46.28,14.41,85.59,2602.23,1.37,0.37,2.53,0.73,2.72,0.39,0.96,0,229.2,1.43,0.35,0.08,19.85,6.98,448.48,73.39,16.36,31.24,28.19,38.27,7.42,13.84,17.02,37.09,6.95,19.04,11.17,11.14,50.06,49.73,15.93,84.07,2459.18,1.19,0.38,2.01,0.84,2.65,0.5,0.33,0,229.52,1.67,0.41,0.24,51.91,21.12,516.72,71.43,12.51,33.81,29.44,41.38,8.09,15.2,18.08,37.35,6.05,19.76,11.36,0.26,104.99,0,100,0,1761.29,0.7,0.7,0,1.44,1.44,0,0,0,166.63,8.28,0.46,0.69,356.68,162.86,778.52,188.17,147.84,30.79,8.69,34.66,23.4,7.48,3.78,173.11,122.28,24.02,4.91,0.24,105.72,0,100,0,1765.31,0.76,0.76,0,1.32,1.32,0,0,0,166.43,4.39,0.52,0.67,263.17,136.1,743.76,158.49,120.29,29.42,6.11,7.89,0.78,4.98,2.13,169.1,117.76,25.16,3.98,51.34,16.15,83.87,4.13,95.87,3379.9,2.76,0.71,3.15,0.36,1.42,0.32,4.79,0,75.77,0.35,0.31,0.04,4.75,1.48,564.99,55.45,4.55,18.65,25.2,25.78,4,5.52,16.26,23.79,3.64,11.19,8.94,59.81,4.18,95.77,0.48,99.52,3462.69,2.99,0.34,3.1,0.33,2.92,0.32,6.18,0,117.68,0.68,0.32,0.05,6.35,2,558.51,15.92,0.3,8.5,5.32,4.83,0.25,0.07,4.51,14.75,2.7,11.22,0.81,0.26,105.95,0,100,0,1763.56,0.69,0.69,0,1.46,1.46,0,0,0,166.68,8.26,0.43,0.7,397.96,171.8,776,185.4,148.07,29.46,7.34,31.67,22.09,6.33,3.25,173.38,125.92,23.26,4.09,0.26,103.81,0,100,0,1764.93,0.73,0.73,0,1.37,1.37,0,0,0,171.92,6.54,0.44,0.7,371.86,162.89,744.74,166.46,121.3,29.58,6.52,7.89,0.49,4.74,2.66,169.56,119.88,24.65,3.86,41.11,18.02,82.01,2.44,97.56,3095.99,2.58,0.35,3.07,0.39,2.86,0.33,3.29,0,69.73,0.36,0.41,0.06,12.48,5.11,435.97,39.35,15.71,33.2,16.89,35.88,11.08,13.74,11.06,18.27,0.48,11.95,5.82,55.32,5.41,94.5,0.62,99.38,3285.98,3.02,0.35,3.18,0.33,2.89,0.31,5.49,0,60.03,0.27,0.37,0.22,45.44,17.04,382.11,28.72,2.16,38.39,10.58,30.93,5.04,18.33,7.56,14.03,0.32,10.67,3.02,0.26,104.38,0,100,0,1769.35,0.71,0.71,0,1.42,1.42,0,0,0,166.42,8.32,0.46,0.68,356.11,162.25,778.82,182.77,148.47,30,6.88,35.05,25.46,6.81,2.78,176.13,128.58,23.8,4.1,0.24,105.84,0,100,0,1755.37,0.77,0.77,0,1.31,1.31,0,0,0,166.32,4.32,0.52,0.67,262.82,136.81,736.44,156.57,119.69,29.74,5.8,7.82,1.36,4.64,1.82,172.29,120.81,26.71,3.98,0.28,94.39,0,100,0,1819.15,0.7,0.7,0,1.42,1.42,0,0,0,166.91,8.21,0.45,0.68,356.06,161.75,779.47,183.95,149.18,30.21,6.16,36.61,26.73,7.33,2.55,176.65,127.43,23.89,3.61,0.23,105.78,0,100,0,1824.24,0.75,0.75,0,1.34,1.34,0,0,0,166.71,4.43,0.51,0.67,266.29,135.27,739.49,159.03,126.12,28.99,5.56,16.68,9,5.53,2.15,170.3,120.76,23.95,3.4,560636369,96951200,17.89,3.09,17.29,359.28,560636369,96951200,17.89,3.09,17.29,359.28,560636369,96951200,17.89,3.09,17.29,359.28
18.31,17.17,82.83,3.13,96.87,3191.66,2.2,0.4,2.58,0.45,2.49,0.39,20.62,0,87.07,1.08,0.35,0.05,7.72,2.68,462.57,35.82,2.5,17.6,15.31,18.06,2.31,5.55,10.2,19.37,1.99,12.24,5.11,18.31,17.17,82.83,3.13,96.87,3191.66,2.2,0.4,2.58,0.45,2.49,0.39,20.62,0,87.07,1.08,0.35,0.05,7.72,2.68,462.57,35.82,2.5,17.6,15.31,18.06,2.31,5.55,10.2,19.37,1.99,12.24,5.11,18.31,17.17,82.83,3.13,96.87,3191.66,2.2,0.4,2.58,0.45,2.49,0.39,20.62,0,87.07,1.08,0.35,0.05,7.72,2.68,462.57,35.82,2.5,17.6,15.31,18.06,2.31,5.55,10.2,19.37,1.99,12.24,5.11,0.97,103.73,0,100,0,1840.79,0.43,0.43,0,2.34,2.34,0,0.01,0,163.01,3.28,0.36,0.41,152.38,54.41,761.29,196.88,164.5,32,8.61,69.95,54.63,10.37,4.95,141.83,110.27,21.44,3.67,0.23,97.55,0,100,0,2120.37,0.75,0.75,0,1.33,1.33,0,0,0,163.65,3.59,0.5,0.65,269.5,134.5,732.72,155.69,121.91,29.55,5.42,7.96,1.14,4.99,1.83,168.01,117.57,25.8,3.58,25.1,46.45,53.5,12.96,87.04,2879.51,1.36,0.38,2.21,0.74,2.64,0.45,0.98,0,222.31,2.39,0.36,0.04,11.91,4.29,387.72,78.19,12.52,37.38,35.57,45.23,6.89,16.8,21.53,38.54,5.68,18.72,14.05,18.92,24.84,75.4,6.28,93.72,2763.29,1.67,0.42,2.08,0.6,2.36,0.48,0.87,0,222.66,7.66,0.34,0.07,19.74,6.8,397.17,68.3,7.31,30.71,20.27,31.89,5.71,13.39,12.79,66.78,37.93,20.95,7.47,0.27,103.15,0,100,0,1798.04,0.7,0.7,0,1.43,1.43,0,0,0,164.6,7.27,0.45,0.69,351.76,159.62,772.15,185.02,150.25,30.94,8.18,34.21,23.47,7.39,3.36,172.7,119.99,25.92,4.82,0.25,104.47,0,100,0,1766.51,0.77,0.77,0,1.29,1.29,0,0,0,167.35,3.43,0.51,0.67,260.78,133.04,726.75,154.16,122.05,29.61,5.78,7.62,0.92,4.95,1.76,167.56,117.59,26.48,4.02,55.39,22.38,77.58,3.03,96.97,3225.76,2.22,0.3,2.78,0.45,3.32,0.36,3.97,0,110.47,1.04,0.32,0.07,16.43,5.18,475.66,37.88,0.67,11.06,17.41,13.76,0.81,1.59,11.36,20.67,2.41,12.2,6.05,62.19,9.74,90.25,1.48,98.52,3243.85,2.47,0.37,2.7,0.4,2.67,0.37,4.98,0,210.08,2.72,0.35,0.05,5.45,1.89,489.29,39.9,2.29,19.63,16.47,20.41,2.67,6.73,11.01,17.39,1.12,10.8,5.47,0.27,103.7,0,100,0,1763.82,0.71,0.71,0,1.42,1.42,0,0,0,165.24,7.3,0.39,0.69,414.11,162.3,762.58,182.57,149.23,32.17,6.78,59.86,45.66,11.37,2.83,178.66,126.59,26.18,3.95,0.29,103.63,0,100,0,1764.48,0.7,0.7,0,1.43,1.43,0,0,0,166.6,4.51,0.51,0.67,262.98,134.22,737.03,155.12,139.09,30.66,5.38,27.38,18.62,7.07,1.69,163.71,116.48,26.31,3.69,67.65,10.07,89.86,2.01,97.99,3367.3,2.5,0.5,2.72,0.4,2,0.37,5.69,0,37.03,0.7,0.34,0.02,2.21,0.75,462.44,25.1,4.22,32.94,10.62,27.93,5.54,14.78,7.6,17,1.09,12.88,3.02,60.21,12.81,87.21,2.8,97.2,3251.03,2.08,0.45,2.32,0.48,2.2,0.43,4.07,0,42.27,0.3,0.32,0.04,7.94,2.55,437.15,17.29,1.57,15.91,6.31,11.83,1.89,4.76,5.17,14.54,1.29,12.1,1.14,0.33,94.98,0,100,0,1765.45,0.64,0.64,0,1.55,1.55,0,0,0,166.74,7.5,0.45,0.69,354.42,160.92,807.06,184.02,148.96,30.04,6.68,31.18,22.21,6.26,2.71,167.88,124.84,24.28,3.97,0.25,105.8,0,100,0,1766.77,0.76,0.76,0,1.31,1.31,0,0,0,165.81,3.41,0.51,0.67,262.05,134.94,742.69,163.79,121.98,30.89,6,8.08,0.93,5.01,2.13,169.75,118.55,27.24,3.87,0.31,96.72,0,100,0,1807.54,0.66,0.66,0,1.52,1.52,0,0,0,165.81,7.35,0.46,0.68,350.35,159.64,767.91,179.61,148.48,29.26,6.29,31.08,22.21,6.33,2.54,174.64,125.87,25.47,3.75,0.25,104.39,0,100,0,1766.64,0.76,0.76,0,1.31,1.31,0,0,0,165.11,3.4,0.52,0.67,259.32,133.92,728.03,153.56,120.26,28.72,5.07,6.94,0.4,4.86,1.69,167.9,119.71,26,3.38,557771030,97755111,17.94,3.14,17.53,359.06,557771030,97755111,17.94,3.14,17.53,359.06,557771030,97755111,17.94,3.14,17.53,359.06
15.82,19.36,80.59,3.67,96.33,3230.64,2.57,0.49,3.07,0.39,2.06,0.33,20.98,0,87.84,0.67,0.37,0.06,8.75,3.23,464.3,36.49,1.59,18.66,15.88,18.69,2.15,6.07,10.46,18.41,0.89,12.06,5.42,15.82,19.36,80.59,3.67,96.33,3230.64,2.57,0.49,3.07,0.39,2.06,0.33,20.98,0,87.84,0.67,0.37,0.06,8.75,3.23,464.3,36.49,1.59,18.66,15.88,18.69,2.15,6.07,10.46,18.41,0.89,12.06,5.42,15.82,19.36,80.59,3.67,96.33,3230.64,2.57,0.49,3.07,0.39,2.06,0.33,20.98,0,87.84,0.67,0.37,0.06,8.75,3.23,464.3,36.49,1.59,18.66,15.88,18.69,2.15,6.07,10.46,18.41,0.89,12.06,5.42,0.55,115.01,0,100,0,1738.57,0.57,0.57,0,1.75,1.75,0,0.01,0,192.33,13.13,0.44,0.7,397.96,173.32,747.87,221.71,49.87,32.78,12.89,40.36,23.02,8.17,9.18,144.93,110.37,20.86,3.71,0.25,103.77,0,100,0,1763.56,0.75,0.75,0,1.33,1.33,0,0,0,168.53,4.41,0.49,0.67,284.63,139.3,726.07,153.46,119.15,29.14,5.26,8.82,2.04,5.06,1.73,167.39,117.24,25.57,3.53,45.62,30.58,69.5,4.63,95.37,2631.82,2.06,0.31,2.83,0.49,3.2,0.35,2.47,0,232.14,1.45,0.37,0.06,18.47,6.77,395.16,80.68,147.14,30.81,35.77,49.76,22.09,6.38,21.29,41.02,7.92,18.72,14.48,12.68,87.31,11.94,78.47,21.53,3235.44,0.75,0.67,1.34,1.34,1.5,0.75,0.3,0,214.38,12.59,0.35,0.07,20.04,6.99,428.56,83.99,111.07,29.53,33.55,87.84,53.18,14.27,20.39,36.59,5.49,17.83,13.16,0.29,101.4,0,100,0,1758.65,0.68,0.68,0,1.46,1.46,0,0,0,168.64,8.22,0.44,0.69,371.02,162.66,767.63,188.14,143.82,30.8,10.31,35.07,22.49,7.24,5.34,175.35,124.24,24.32,4.96,0.24,104.2,0,100,0,1766.26,0.77,0.77,0,1.29,1.29,0,0,0,168.62,4.29,0.48,0.67,284.17,137.54,724.64,153.41,117.16,28.77,5.54,7.13,0.56,4.75,1.82,168.05,118.27,24.67,3.72,77.01,6.63,93.37,0.99,99.01,3966.09,3.25,0.49,3.44,0.31,2.06,0.29,9.92,0,230.4,1.75,0.36,0.13,34.1,12.25,471.35,38.66,3.62,35.17,16.65,31.76,4.94,15.84,10.99,19.65,0.71,13.27,5.66,35.65,16.14,83.81,2.16,97.84,3968.41,2.71,0.36,3.16,0.37,2.76,0.32,3.83,0,33.7,0.38,0.28,0,0.4,0.11,458.6,17.66,1.9,22.75,6.78,16.88,2.85,8.65,5.38,16.41,1.51,13.44,1.4,0.27,106.14,0,100,0,1737.75,0.7,0.7,0,1.43,1.43,0,0,0,170.63,8.25,0.44,0.69,367.41,162.18,758.34,181.7,185.61,33.7,6.7,59.94,49.67,7.41,2.86,177.13,123.86,23.68,3.84,0.32,102.22,0,100,0,1767.73,0.64,0.64,0,1.57,1.57,0,0,0,167.32,4.38,0.44,0.7,370.22,162.9,762.36,165.45,118.58,29.1,5.95,7.54,0.74,4.52,2.28,163.34,116.36,25.17,3.68,50.01,17.37,82.42,4.35,95.65,2564.41,2.25,0.56,2.61,0.44,1.78,0.38,2.88,0,98.77,0.61,0.38,0.1,25.44,9.62,482.81,42.7,0.54,11.81,19.35,15.34,1.02,1.9,12.43,19.9,0.41,12.57,6.92,28.9,19.51,80.3,4.63,95.37,2602.64,2.01,0.48,2.38,0.5,2.1,0.42,1.51,0,28.08,0.17,0.37,0.07,15.44,5.65,484.04,58.56,0.32,14.24,27.89,21.79,1.16,3.51,17.12,20.56,0.16,9.62,10.77,0.27,110.52,0,100,0,1767.96,0.65,0.65,0,1.53,1.53,0,0,0,169.04,8.26,0.44,0.69,374.18,166.34,761.57,183.14,145.82,28.62,6.7,30.5,21.55,6.18,2.77,182.59,130.51,25.59,3.93,0.27,101.42,0,100,0,1883.35,0.73,0.73,0,1.38,1.38,0,0,0,168.07,4.39,0.49,0.67,283.92,140.37,718.7,155.17,119.8,29.96,5.56,7.33,0.71,4.83,1.79,172.34,118.72,27.34,3.77,0.27,108.39,0,100,0,1748.88,0.69,0.69,0,1.45,1.45,0,0,0,166.58,10.2,0.44,0.69,375.29,166.24,758.67,182.32,145.67,28.64,6.33,30.14,21.58,6.01,2.55,177.66,126.51,24.96,3.78,0.28,103.48,0,100,0,1780.61,0.74,0.74,0,1.35,1.35,0,0,0,165.83,4.3,0.49,0.68,283.68,138.19,714.34,153.76,120.18,28.7,4.83,6.61,0.37,4.64,1.6,168.77,119.57,25.44,3.23,560926804,94874983,18,3.04,16.91,359.71,560926804,94874983,18,3.04,16.91,359.71,560926804,94874983,18,3.04,16.91,359.71
17.51,35.28,64.71,15.96,84.04,3459.86,1.8,0.81,2.34,0.56,1.23,0.43,17.45,0,120.1,0.99,0.35,0.05,8.8,3.12,465.34,64.03,7.47,36.75,29.28,43.14,9.71,12.91,20.52,37.58,7.71,21.07,8.76,17.51,35.28,64.71,15.96,84.04,3459.86,1.8,0.81,2.34,0.56,1.23,0.43,17.45,0,120.1,0.99,0.35,0.05,8.8,3.12,465.34,64.03,7.47,36.75,29.28,43.14,9.71,12.91,20.52,37.58,7.71,21.07,8.76,17.51,35.28,64.71,15.96,84.04,3459.86,1.8,0.81,2.34,0.56,1.23,0.43,17.45,0,120.1,0.99,0.35,0.05,8.8,3.12,465.34,64.03,7.47,36.75,29.28,43.14,9.71,12.91,20.52,37.58,7.71,21.07,8.76,2,84.42,18.96,98.25,1.75,2933.7,0.57,0.69,0.05,1.76,1.46,18.44,0.03,0,163.21,3.21,0.43,0.68,467.07,199.67,783.08,200.29,143.72,34.13,9.67,65.69,48.98,10.93,5.79,50.58,17.26,29.46,3.88,0.26,100.71,0,100,0,1762.14,0.76,0.76,0,1.32,1.32,0,0,0,166.6,4.51,0.51,0.66,266.71,135.25,730.78,152.02,110.57,34.39,5.44,17.03,8.76,6.5,1.77,38.93,11.99,23.22,3.67,6.71,36.66,63.65,10.74,89.26,2384.08,2.02,0.59,2.84,0.49,1.68,0.35,0.32,0,224.06,2.04,0.39,0.11,28.06,10.97,469.91,112.47,9.12,36.35,24.77,40.36,7.99,16.73,15.64,48.54,11.66,27.72,9.13,4.81,62.57,37.19,33.14,66.86,2794.7,1.42,0.75,2.54,0.71,1.34,0.39,0.19,0,208.37,2.24,0.34,0.07,20.91,7.1,429.5,78.53,5.57,37.88,36.07,45.07,6.52,16.89,21.67,46.15,10.97,20.73,14.41,0.28,104.99,0,100,0,1770.44,0.69,0.69,0,1.46,1.46,0,0,0,167.35,8.32,0.46,0.68,356.98,163.7,772.51,179.06,127.8,35.83,8.11,34.47,23.75,7.57,3.14,168.39,117.89,27.59,4.96,0.25,105,0,100,0,1764.86,0.77,0.77,0,1.3,1.3,0,0,0,169.01,4.39,0.51,0.66,262.07,134.73,733.07,149.99,108.69,34.42,5.59,16.5,8.51,6.27,1.73,161.05,112.02,27.44,3.86,72.61,40.09,59.99,18.21,81.79,3125.88,1.84,0.83,2.5,0.54,1.2,0.4,4.17,0,83.02,0.59,0.34,0.04,7.07,2.43,482.56,85.86,3.2,58.04,40.35,66.31,20.53,19.71,26.07,43.53,5.39,23.85,14.28,53.95,35.64,64.24,13.58,86.42,3331.35,1.55,0.59,2.09,0.64,1.69,0.48,2.79,0,52.61,0.37,0.32,0.03,7.78,2.52,449.55,94.34,3.02,51.72,42.86,63.52,15.47,19.25,28.8,39.95,3.53,22.35,14.06,0.27,102.86,0,100,0,1791.6,0.7,0.7,0,1.43,1.43,0,0,0,169.32,8.46,0.46,0.68,360.39,165.44,774.18,177.2,131.12,33.98,7,33.85,23.92,7.09,2.84,175.07,121.62,27.13,4.15,0.25,104.89,0,100,0,1765.94,0.76,0.76,0,1.31,1.31,0,0,0,169.12,4.41,0.49,0.67,296.89,146.26,748.32,166.12,123.01,35.02,6.26,30.84,20.57,7.62,2.64,164.62,116.46,26.44,3.62,55.47,34.77,65.17,18.74,81.26,3920.16,1.64,0.88,2.04,0.61,1.13,0.49,3.56,0,189.23,1.38,0.31,0.05,5.79,1.8,462.99,50.01,18.78,19.31,22.87,27.07,3.61,6.05,17.41,33.3,5.04,22.79,5.46,82.17,28.74,71.18,12.87,87.13,3715.06,2.08,0.93,2.54,0.48,1.07,0.39,6.34,0,99.93,0.85,0.36,0.05,5.68,2.07,456.85,44.37,6.43,20.36,20.58,23.98,2.67,5.31,16,26.68,9.56,12.54,4.58,0.27,103.6,0,100,0,1760.83,0.7,0.7,0,1.43,1.43,0,0,0,169.31,8.36,0.45,0.68,355.44,161.31,775.99,180.32,131.63,35.84,6.41,34.19,24.43,7.14,2.61,179.92,123.74,27.98,3.8,0.24,104.79,0,100,0,1766.23,0.77,0.77,0,1.3,1.3,0,0,0,169.13,4.39,0.52,0.65,262.16,135.61,733.42,153.17,105.74,35.74,5.61,15.02,7.54,5.78,1.69,167.21,114.71,29.24,3.92,0.27,103.67,0,100,0,1774.59,0.7,0.7,0,1.43,1.43,0,0,0,169.32,8.37,0.44,0.68,391.11,173.46,774.78,180.14,142.66,34.66,6.19,36.16,26.74,6.89,2.54,170.87,121.81,26.82,3.66,0.25,104.84,0,100,0,1765.63,0.77,0.77,0,1.3,1.3,0,0,0,170.01,4.51,0.51,0.65,266.07,135.51,726.02,151.96,114.73,33.92,4.8,13.33,6.32,5.45,1.56,164.96,114.96,26.83,3.24,858979229,77844899,31.75,2.88,9.06,359.52,858979229,77844899,31.75,2.88,9.06,359.52,858979229,77844899,31.75,2.88,9.06,359.52
47.63,25.73,74.25,13.16,86.84,3328.59,0.88,0.45,1.02,1.14,2.23,0.98,22.19,0,184.56,2.86,0.35,0.1,22.09,7.77,465.91,106.2,4.73,57.53,43.78,73.94,16.18,25.36,32.4,43.91,4.84,27.63,11.38,47.63,25.73,74.25,13.16,86.84,3328.59,0.88,0.45,1.02,1.14,2.23,0.98,22.19,0,184.56,2.86,0.35,0.1,22.09,7.77,465.91,106.2,4.73,57.53,43.78,73.94,16.18,25.36,32.4,43.91,4.84,27.63,11.38,47.63,25.73,74.25,13.16,86.84,3328.59,0.88,0.45,1.02,1.14,2.23,0.98,22.19,0,184.56,2.86,0.35,0.1,22.09,7.77,465.91,106.2,4.73,57.53,43.78,73.94,16.18,25.36,32.4,43.91,4.84,27.63,11.38,76.73,37.32,62.67,19.78,80.22,3339.43,0.74,0.39,0.95,1.35,2.55,1.06,1.89,0,195.91,5.85,0.38,0.48,178.68,67.01,456.35,101.58,166.76,31.52,18.78,97.6,71.29,12.65,13.67,138.56,104.15,19.52,5.11,84.43,27.08,72.82,12.3,87.7,3303.54,1.03,0.47,1.23,0.98,2.15,0.81,2.86,0,177.93,4.73,0.36,0.06,20.76,7.4,419.01,150.39,118.58,29.57,5.59,9.48,2.18,5.26,2.03,170.19,121.08,25.63,3.55,86.51,28.42,71.61,13.69,86.31,3272.85,0.82,0.39,0.99,1.22,2.54,1.01,2.32,0,202.26,2.66,0.36,0.12,40.21,14.41,467.18,87.9,35.48,50.27,29.97,60.83,20.33,21.25,19.25,45.37,11.17,23.43,10.72,75.91,25.79,74.12,15.02,84.98,3203.95,0.81,0.47,0.92,1.24,2.13,1.08,1.96,0,184.82,4.13,0.34,0.16,40.96,13.9,437.76,78.42,15.15,40.81,30.46,51.56,10.28,21.67,19.61,37.45,8.47,18.14,10.85,0.26,107.43,0,100,0,1726.75,0.69,0.69,0,1.46,1.46,0,0,0,168.23,7.42,0.43,0.7,412.6,176.44,767.24,183.01,146.27,30.54,8.66,33.85,23,7.32,3.53,179.85,128.39,24.48,5.13,0.23,104.54,0,100,0,1764.99,0.76,0.76,0,1.32,1.32,0,0,0,168.72,3.47,0.5,0.67,263.73,133.01,726.55,160.36,116.92,28.23,6.15,7.64,0.47,4.91,2.26,171.71,121.04,24.77,3.89,77.62,22.08,77.86,8.93,91.07,3232.54,0.87,0.35,1.02,1.15,2.84,0.98,2.18,0,208.84,2.54,0.33,0.04,7.25,2.41,463.4,95.35,3.22,63.17,27.68,67.02,10.62,37.6,18.8,35.09,7.13,19.06,8.88,89.32,22.98,76.98,13.09,86.91,3331.41,0.97,0.55,1.09,1.04,1.82,0.92,2.87,0,116.26,2.06,0.35,0.08,11.93,4.16,480.47,126.18,1.94,45.57,55.29,72.5,8.79,22.1,41.61,47.28,2.83,30.75,13.69,0.26,102.85,0,100,0,1757.93,0.68,0.68,0,1.47,1.47,0,0,0,180.45,4.14,0.35,0.09,21.38,7.43,467.5,180.65,180.37,31.77,6.75,37.08,27.78,6.46,2.84,173.54,124.54,23.33,3.91,0.26,103.38,0,100,0,1765.33,0.7,0.7,0,1.43,1.43,0,0,0,178.83,7.02,0.35,0.03,7.75,2.69,385.21,150.65,118.87,28.74,5.22,7.06,0.61,4.66,1.79,170.77,123.05,24.67,3.43,90.89,12.39,87.6,6.73,93.27,3446.38,0.87,0.47,0.92,1.15,2.12,1.08,2.72,0,175.36,1.44,0.32,0.05,10.91,3.53,501.21,107.22,2.22,63.51,49.82,83.79,21.01,24.07,38.7,42.8,1.72,29.96,11.12,91.4,10.71,89.33,4.49,95.51,3416.9,0.97,0.41,1.03,1.03,2.46,0.97,3.02,0,175.56,1.76,0.34,0.05,8.44,2.9,496.67,123.07,1.58,68.32,56.29,92.63,26.03,22.49,44.11,50.75,1.34,37.21,12.18,0.27,111.12,0,100,0,1675.37,0.65,0.65,0,1.55,1.55,0,0,0,168.42,7.44,0.46,0.69,357.32,162.81,759.45,179.9,145.86,28.91,6.48,30.41,21.9,5.95,2.55,181.73,133.45,24.13,3.92,0.23,105.44,0,100,0,1750.23,0.75,0.75,0,1.33,1.33,0,0,0,169.28,3.51,0.51,0.67,266.2,136.01,720.49,153.31,120.99,31.48,5.6,7.31,1,4.72,1.59,175.31,122.27,27.05,4.01,46.53,47.36,52.58,27.52,72.48,3381.11,0.84,0.49,1.16,1.18,2.04,0.86,1.33,0,214.57,3.23,0.35,0.45,189.5,65.8,439.3,180.71,147.25,30.53,6.43,30.84,22.18,6.08,2.58,176.89,128.86,23.68,3.86,41.67,45.94,54.16,30.03,69.97,3421.8,0.73,0.48,0.94,1.38,2.1,1.06,1.04,0,226.75,3.09,0.35,0.15,59.1,20.61,459.02,152.62,119.5,28.81,5.08,6.62,0.33,4.67,1.62,172.98,122.7,25.79,3.46,1488645808,95553156,59.9,3.84,6.42,361.01,1488645808,95553156,59.9,3.84,6.42,361.01,1488645808,95553156,59.9,3.84,6.42,361.01
19.23,13.9,86.04,4.12,95.88,2976.28,1.24,0.37,1.39,0.8,2.71,0.72,11.39,0,172.99,1.33,0.36,0.12,28.07,10.08,459.77,115.71,14.38,43.46,39.8,61.41,15.91,16.42,29.09,41.15,6.73,23.66,10.71,19.23,13.9,86.04,4.12,95.88,2976.28,1.24,0.37,1.39,0.8,2.71,0.72,11.39,0,172.99,1.33,0.36,0.12,28.07,10.08,459.77,115.71,14.38,43.46,39.8,61.41,15.91,16.42,29.09,41.15,6.73,23.66,10.71,19.23,13.9,86.04,4.12,95.88,2976.28,1.24,0.37,1.39,0.8,2.71,0.72,11.39,0,172.99,1.33,0.36,0.12,28.07,10.08,459.77,115.71,14.38,43.46,39.8,61.41,15.91,16.42,29.09,41.15,6.73,23.66,10.71,9.8,57.93,42.2,15.68,84.32,2423.82,1.41,0.38,2.82,0.71,2.62,0.35,0.33,0,231.56,1.51,0.37,0.37,124.57,46.48,411.24,100.07,28.68,53.2,22.12,61.4,27.1,18.69,15.61,49.83,25.17,18.01,6.51,1.13,70.82,25.99,62.65,37.35,2096.71,0.45,0.39,0.63,2.2,2.57,1.58,0.01,0,223.4,1.41,0.34,0.11,31.64,10.7,392.68,85.76,16.76,43.83,27.8,52.72,16.86,17.86,18,32.47,5.22,17.47,9.81,28.49,43.95,55.86,9.2,90.8,2528.52,1.54,0.32,2.5,0.65,3.11,0.4,1.11,0,175.38,1.81,0.39,0.3,77.96,30.34,495.73,106.53,18.16,41.14,23.76,47.68,16.97,15.11,15.59,42.32,13.86,20.24,8.17,15.67,57.78,42.08,17.7,82.3,2408.4,1.04,0.32,2.02,0.97,3.16,0.49,0.39,0,240.7,2.19,0.36,0.16,49.38,17.73,464.69,105.18,23.29,35.48,28.69,51.47,16.45,13.62,21.4,43.91,18.23,18.29,7.28,0.27,103.85,0,100,0,1773.77,0.7,0.7,0,1.43,1.43,0,0,0,170.55,7.45,0.43,0.7,385.31,166.34,770.09,186.2,148.19,31.32,8.55,34.94,23.38,7.97,3.6,179.85,127.97,24.9,4.95,0.24,105.15,0,100,0,1765.71,0.76,0.76,0,1.32,1.32,0,0,0,168.2,3.36,0.47,0.68,300.05,139.99,724.67,154,121.14,29.66,5.72,7.79,0.65,5.3,1.84,172.92,121.67,25.71,3.88,49.33,3.35,96.94,1.02,98.98,3615.13,0.97,0.29,0.99,1.03,3.4,1.01,1.73,0,141.78,0.95,0.33,0.14,35.94,11.98,498.81,101.75,6.11,47.45,44.7,63.83,15.16,15.81,32.86,59.87,23.37,24.69,11.84,65.66,4.93,94.95,1.37,98.63,3669.03,0.98,0.27,1.01,1.02,3.68,0.99,2.35,0,171.77,1.44,0.32,0.03,5.3,1.7,458.68,125.62,10.76,58.17,54.51,83.17,23.41,16.94,42.82,36.82,3.3,21.81,11.69,11.8,9.59,90.42,1.67,98.33,2451.67,2.58,0.45,2.8,0.39,2.23,0.36,0.75,0,191.59,13.04,0.42,0.69,407.5,172.62,769.71,184.44,9.66,23.29,8.12,15.32,4.76,6.41,4.16,30.79,8.81,17.86,3.96,3.02,62.6,37.23,32.63,67.37,2451.15,0.8,0.41,1.44,1.26,2.42,0.7,0.06,0,229.65,1.48,0.43,0.7,381.39,165.18,724.09,174.92,5.14,36.59,6.78,25.02,10.06,11.86,3.1,26.98,4.44,18.78,3.68,44.56,9.02,90.89,1.74,98.26,2553.98,1.38,0.27,1.49,0.73,3.77,0.67,1.57,0,144.03,0.93,0.34,0.05,11.42,3.94,441.16,125.32,11.03,36.29,48.41,61.87,9.09,16.07,36.71,45.77,1.76,32.24,11.7,68.5,4.03,95.68,1.13,98.87,2748.49,1.57,0.44,1.61,0.64,2.29,0.62,2.94,0,159.64,1.16,0.34,0.07,14.51,4.88,458.79,142.9,9.91,50.74,37.74,61.61,19.84,17.1,24.67,52.22,0.91,38.25,13.06,0.3,107.33,0,100,0,1717.94,0.72,0.72,0,1.4,1.4,0,0,0,170.94,7.53,0.43,0.69,382.6,164.88,768.19,181.83,149.26,30.66,6.32,48.81,37.17,8.89,2.75,166.83,125.22,22.03,3.57,0.25,104.62,0,100,0,1765.2,0.78,0.78,0,1.28,1.28,0,0,0,170.56,3.32,0.47,0.68,306.99,142.96,725.48,154.12,120.94,30.73,5.52,8.48,1.29,5.48,1.71,173.64,122.16,26.73,3.81,3.32,90.53,9.01,89.39,10.61,2564.72,0.29,0.28,0.33,3.51,3.57,2.99,0.02,0,179.19,4.48,0.43,0.69,386.03,165.85,771.5,135.82,16.21,36.5,14.72,39.28,10.08,19.25,9.95,25.83,5.2,15.75,4.77,5.21,50.57,49.8,53.33,46.67,2190.37,1.01,1.07,0.95,0.99,0.93,1.05,0.12,0,87.87,3.29,0.46,0.68,305.28,141.32,728.89,119.22,19.28,33.96,18.51,40.98,11.37,17.38,12.22,26.1,3.4,16.42,6.28,1343762209,83925721,70.26,4.39,6.25,357.6,1343762209,83925721,70.26,4.39,6.25,357.6,1343762209,83925721,70.26,4.39,6.25,357.6
17.01,20.61,79.42,6.52,93.48,3117.25,1.26,0.4,1.49,0.79,2.5,0.67,10.72,0,163.95,1.17,0.37,0.08,19.1,6.99,450.8,107.7,6.26,43.99,50.49,64.32,13.57,14.65,36.1,47.65,6.08,27.12,14.39,17.01,20.61,79.42,6.52,93.48,3117.25,1.26,0.4,1.49,0.79,2.5,0.67,10.72,0,163.95,1.17,0.37,0.08,19.1,6.99,450.8,107.7,6.26,43.99,50.49,64.32,13.57,14.65,36.1,47.65,6.08,27.12,14.39,17.01,20.61,79.42,6.52,93.48,3117.25,1.26,0.4,1.49,0.79,2.5,0.67,10.72,0,163.95,1.17,0.37,0.08,19.1,6.99,450.8,107.7,6.26,43.99,50.49,64.32,13.57,14.65,36.1,47.65,6.08,27.12,14.39,2.57,94.09,7.99,92.44,7.56,2685.05,0.42,0.42,0.41,2.38,2.37,2.46,0.03,0,163.55,3.55,0.39,0.42,143.83,55.75,765.96,202.56,7.16,22.02,9.96,15.81,4.06,5.67,6.08,95.35,58.94,32.29,3.88,6.24,12.07,87.14,1.83,98.17,2366.06,2.5,0.38,2.8,0.4,2.65,0.36,0.37,0,167.83,3.51,0.5,0.67,269.87,136.19,730.61,155.29,5.88,21.14,5.66,11.53,3.49,6.08,1.95,24.59,1.52,19.29,3.7,17.72,81.82,17.89,58.16,41.84,2951.65,0.46,0.33,1.08,2.17,3.06,0.93,0.24,0,217.07,3.19,0.37,0.62,281.42,104.08,407.42,92.5,20.65,28.68,31.48,37.56,10.12,7.99,19.45,42.46,11.72,18.69,12.03,48.82,15.37,84.82,2.39,97.61,2447.72,2.37,0.37,2.74,0.42,2.7,0.37,2.84,0,228.86,1.55,0.36,0.04,13.29,4.81,399.3,81.97,7.76,31.02,39.55,42.52,6.19,11.86,24.47,40.63,6.44,19.01,15.09,0.32,103.59,0,100,0,1767.78,0.62,0.62,0,1.6,1.6,0,0,0,167.77,7.37,0.46,0.69,357.45,163.15,767.29,185.84,146.14,31.35,8.66,33.78,22.94,7.2,3.63,176.54,121,27.7,5.02,0.3,104.09,0,100,0,1759.9,0.67,0.67,0,1.49,1.49,0,0,0,167.62,3.35,0.52,0.67,263.11,135.7,723.59,154.52,117.35,29.43,5.81,7.02,0.6,4.61,1.81,169.26,117.39,27.17,4,15.05,40.89,59.26,10.9,89.1,2843.22,1.4,0.37,2.1,0.72,2.68,0.48,0.6,0,220.87,2.94,0.35,0.06,14.35,4.96,438.89,140.75,4.99,45.3,65.2,82.32,14.97,15.22,52.12,35.78,0.78,21.88,13.07,69.56,2.88,97.09,0.85,99.15,3538.88,1.17,0.34,1.19,0.85,2.92,0.84,2.88,0,91.68,0.45,0.36,0.05,8.71,3.15,401.83,157.85,2.01,52.58,78.18,96.9,16.71,18.55,61.64,61.67,3.76,41.36,16.54,0.34,98.26,0,100,0,1809.9,0.6,0.6,0,1.65,1.65,0,0,0,167.6,7.42,0.46,0.68,356.01,162.11,766.62,183.11,146.46,31.6,6.73,33.52,24.25,6.38,2.9,179.05,126.19,25.87,3.83,0.36,102.66,0,100,0,1800,0.62,0.62,0,1.62,1.62,0,0,0,167.6,3.34,0.49,0.68,298.34,146.05,737.81,154.25,131.95,32.73,5.92,25.05,16.75,6.43,1.87,170.55,120.09,26.04,4.05,54.42,16.88,83.1,5.53,94.47,3384.75,0.99,0.33,1.13,1.01,3.07,0.89,1.83,0,182.71,1.15,0.35,0.1,24.04,8.48,526.15,71.03,7.02,39.57,31.52,44.97,9.48,15.93,19.56,42.44,1.15,29.31,11.96,52.89,24.86,75.16,12.23,87.77,3258.98,1.09,0.54,1.27,0.92,1.87,0.79,1.87,0,171.8,1.19,0.37,0.06,14.89,5.45,498.27,91.74,3.1,73.43,42.79,77.53,29.06,19.76,28.71,43.93,1.35,28.5,14.08,0.32,107.53,0,100,0,1760.08,0.61,0.61,0,1.64,1.64,0,0,0,167.83,7.43,0.45,0.68,358.85,162.54,765.81,213.99,149.29,30.98,10.58,46.35,32.47,7.76,6.12,175.95,124.86,26.03,4.46,0.31,102.97,0,100,0,1764.11,0.65,0.65,0,1.54,1.54,0,0,0,166.39,3.4,0.52,0.67,263.29,135.66,728.35,169.51,126.49,29.83,6.79,17.95,9.43,5.77,2.75,170.29,117.85,27.32,4.04,1.37,35.12,65.71,19.2,80.8,2278.34,0.84,0.46,1.04,1.19,2.17,0.96,0.03,0,167.36,10.83,0.39,0.68,435.28,171.07,772.72,184.81,160.42,37.61,7.3,63.01,48.47,10.98,3.55,47.08,22.46,20.79,3.75,1.63,78.33,22.19,71.83,28.17,1798.87,0.45,0.41,0.57,2.24,2.43,1.76,0.01,0,168.65,3.42,0.51,0.67,266.68,136.84,730.18,153.86,143.93,35.54,5.06,45.73,33.97,10.09,1.67,33.17,9.49,20.24,3.38,1113745347,61906062,65.64,3.65,5.56,355.73,1113745347,61906062,65.64,3.65,5.56,355.73,1113745347,61906062,65.64,3.65,5.56,355.73
15.23,16.21,83.85,3.9,96.1,3237.05,1.37,0.33,1.57,0.73,3.03,0.64,10.83,0,165.7,1.2,0.36,0.07,16.04,5.79,452.76,112.15,3.24,53.72,51.95,73.39,16.61,19.21,37.57,43.2,2.16,26.6,14.38,15.23,16.21,83.85,3.9,96.1,3237.05,1.37,0.33,1.57,0.73,3.03,0.64,10.83,0,165.7,1.2,0.36,0.07,16.04,5.79,452.76,112.15,3.24,53.72,51.95,73.39,16.61,19.21,37.57,43.2,2.16,26.6,14.38,15.23,16.21,83.85,3.9,96.1,3237.05,1.37,0.33,1.57,0.73,3.03,0.64,10.83,0,165.7,1.2,0.36,0.07,16.04,5.79,452.76,112.15,3.24,53.72,51.95,73.39,16.61,19.21,37.57,43.2,2.16,26.6,14.38,18.19,58.27,43.35,12.46,87.54,2731.83,1.38,0.3,2.83,0.72,3.33,0.35,0.7,0,219.72,1.89,0.45,0.71,413.27,187.79,755.69,109.86,159.18,30.79,21.12,91.46,65.41,10.9,15.15,57.55,25.41,24.63,5.97,2.03,56.22,39.1,27.4,72.6,2067.56,0.76,0.35,1.34,1.32,2.85,0.75,0.03,0,231.01,1.36,0.5,0.67,264.85,132.93,734.26,160.83,119.55,28.33,6.92,9.05,1.14,4.82,3.1,171.17,120.91,24.65,3.83,8.19,22.8,76.63,3.87,96.13,2407.32,1.99,0.34,2.48,0.5,2.98,0.4,0.39,0,228.82,1.79,0.35,0.12,36.83,12.98,420.53,88.54,3.95,38.6,34.56,45.44,5.47,18.01,21.96,35.94,4,19.38,12.59,4.6,67.03,33.15,46.74,53.26,2286.26,0.53,0.37,0.85,1.89,2.71,1.18,0.06,0,210.18,12.04,0.36,0.12,39.19,14.05,429.32,117.13,8.51,39.55,27.28,44.64,8.24,18.16,18.24,34.62,6.05,19.41,9.04,0.31,97.97,0,100,0,1771.89,0.66,0.66,0,1.52,1.52,0,0,0,167.8,7.49,0.46,0.68,355.98,162.45,766.83,192.43,145.12,30.03,9.83,34.17,22.52,6.94,4.71,177.47,126.72,24.1,5.11,0.24,100.69,0,100,0,1902.2,0.76,0.76,0,1.31,1.31,0,0,0,167.37,3.41,0.51,0.67,263.01,135.35,728.51,160.99,118.57,28.56,6.91,8.47,0.62,4.92,2.92,170.41,120.31,24.73,3.99,51.74,13.54,86.35,2.61,97.39,3499,1.23,0.24,1.39,0.81,4.21,0.72,2.23,0,92.36,0.73,0.36,0.05,6.51,2.33,529.09,147.64,4.46,41.94,68.67,80.14,8.65,17.66,53.82,50.01,2.19,32.94,14.85,43.16,24.28,75.73,7.83,92.17,3523.45,1.19,0.38,1.45,0.84,2.61,0.69,1.81,0,71.35,0.31,0.36,0.04,8.61,3.11,472.15,132.5,1.2,75.61,64.6,103.77,32.39,21.69,49.69,42.28,2.19,25.14,14.91,0.27,106.27,0,100,0,1755.5,0.7,0.7,0,1.43,1.43,0,0,0,168.05,7.44,0.46,0.69,356.45,162.82,768.74,188.44,145.44,28.58,8.47,32.14,21.68,6.28,4.18,179.91,131.52,23.15,4.29,0.33,103.64,0,100,0,1791.86,0.62,0.62,0,1.61,1.61,0,0,0,175.15,9.04,0.49,0.68,300.66,147.59,740.06,156.92,120.05,29.01,6.71,8.17,0.45,4.93,2.79,170.42,120.57,24.09,3.92,61.1,3.88,96.12,0.87,99.13,3528.85,1.23,0.27,1.27,0.81,3.64,0.79,2.65,0,200.84,1.26,0.35,0.04,10.25,3.55,413,92.33,2.94,50.78,43.79,62.41,14.35,18.74,29.32,39.43,0.85,24.08,14.47,34.95,7.12,92.89,1.32,98.68,3190.67,1.7,0.32,1.81,0.59,3.15,0.55,1.9,0,193.85,1.16,0.35,0.07,16.51,5.85,446.75,95.55,1.48,54.42,46.8,67.44,16.21,19.53,31.7,44.51,0.55,28.86,15.09,0.28,104.53,0,100,0,1759.89,0.7,0.7,0,1.43,1.43,0,0,0,167.84,7.43,0.46,0.68,356.23,162.53,767.56,186.77,149.27,29.45,7.65,32.99,23.18,6.39,3.42,175.9,127.92,24.47,4.23,0.25,105.33,0,100,0,1765.87,0.77,0.77,0,1.3,1.3,0,0,0,167.61,3.34,0.52,0.67,263.9,136.33,722.76,159.03,121.84,30.23,6.48,8.41,1.03,4.94,2.44,170.59,121.83,26.11,4.03,6.52,11.67,88.43,1.79,98.21,2434.77,2.54,0.39,2.83,0.39,2.56,0.35,0.4,0,229.28,1.94,0.46,0.69,357,163.14,770.01,186.49,155.48,29.81,7.34,31.5,22.05,6.03,3.41,163.51,127.09,23.27,3.93,11.75,9.86,90.18,1.53,98.47,2248.71,2.45,0.38,2.68,0.41,2.62,0.37,0.65,0,229.79,1.78,0.51,0.66,266.67,136.23,724.97,157.98,120.36,29.08,6.15,7.51,0.28,4.79,2.44,171.59,120.65,25.75,3.71,1105551734,50735730,64.27,2.95,4.59,352.99,1105551734,50735730,64.27,2.95,4.59,352.99,1105551734,50735730,64.27,2.95,4.59,352.99
14.58,12.4,87.66,3.14,96.86,3249.66,1.46,0.37,1.61,0.69,2.71,0.62,11.06,0,166.44,1.04,0.36,0.05,10.62,3.83,451.73,110.04,4.97,53.39,51.66,73.28,17.27,19.12,36.88,44.09,1.88,27.37,14.78,14.58,12.4,87.66,3.14,96.86,3249.66,1.46,0.37,1.61,0.69,2.71,0.62,11.06,0,166.44,1.04,0.36,0.05,10.62,3.83,451.73,110.04,4.97,53.39,51.66,73.28,17.27,19.12,36.88,44.09,1.88,27.37,14.78,14.58,12.4,87.66,3.14,96.86,3249.66,1.46,0.37,1.61,0.69,2.71,0.62,11.06,0,166.44,1.04,0.36,0.05,10.62,3.83,451.73,110.04,4.97,53.39,51.66,73.28,17.27,19.12,36.88,44.09,1.88,27.37,14.78,0.54,118.62,0,100,0,1789.2,0.56,0.56,0,1.78,1.78,0,0.01,0,164.17,3.58,0.4,0.71,454.97,182.97,726.75,195.08,157.09,30.53,8.59,90.66,72.5,13.16,5,145.38,116.64,21.07,3.59,0.23,103.99,0,100,0,1979.66,0.76,0.76,0,1.32,1.32,0,0,0,162.84,3.49,0.49,0.66,273.91,135.24,720.61,157.07,123.38,29.53,5.79,9.42,2.2,5.08,2.14,170.53,120.42,26.51,3.65,20.67,24,75.99,4.95,95.05,2538.81,2.23,0.46,2.79,0.45,2.17,0.36,1.17,0,230.74,1.57,0.38,0.4,73.1,27.75,398.08,96.1,27.24,49.83,41.81,63.73,19.75,16.81,27.17,38.66,4.35,19.68,14.64,11,36.11,64.42,7.46,92.54,2498.5,1.79,0.37,2.58,0.56,2.69,0.39,0.49,0,213.68,8.5,0.34,0.05,15.5,5.22,392.05,86.3,7.52,38.41,39.03,50.08,7.67,17.35,25.05,35.33,1.67,19.66,13.98,0.27,105.15,0,100,0,1758.18,0.7,0.7,0,1.42,1.42,0,0,0,162.88,7.23,0.5,0.7,359.91,179.37,761.22,186.81,148.17,30.94,8.86,35.25,23.59,7.78,3.88,178.03,128.53,24.4,4.98,0.25,105.53,0,100,0,1757.14,0.76,0.76,0,1.31,1.31,0,0,0,162.92,3.26,0.51,0.66,269.57,136.14,717.84,157.87,120.41,29.59,6.13,7.89,0.82,4.96,2.11,173.24,122.62,25.47,4.02,41.88,18.38,81.54,3.95,96.05,3313.03,1.32,0.28,1.56,0.76,3.52,0.64,1.83,0,165.96,1.02,0.34,0.04,10.06,3.44,455.42,114.65,3.82,68.53,53.78,86.75,28.06,20.18,38.51,35.76,1,19.49,15.26,58.35,10.38,89.62,1.73,98.27,3069.74,1.83,0.31,2.01,0.55,3.27,0.5,3.28,0,153.25,0.8,0.35,0.03,6.63,2.3,482.58,147.97,1.36,82.65,70.66,116.31,37.58,22.26,56.47,50.22,0.39,35.64,14.19,0.27,105.5,0,100,0,1757.69,0.7,0.7,0,1.43,1.43,0,0,0,163.2,7.23,0.45,0.68,361.06,161.91,760.1,185.78,148.43,31.29,7.88,32.28,22.46,6.41,3.4,180.25,128.87,24.07,4.47,0.24,107.1,0,100,0,1764.03,0.75,0.75,0,1.33,1.33,0,0,0,160.48,3.34,0.5,0.66,268.41,135.12,716.43,174.42,134.9,32.58,7.04,26.87,17.08,6.7,3.09,171.66,122.22,25.18,3.94,30.65,14.21,86.06,2.66,97.34,3130.54,1.77,0.33,2.01,0.56,3,0.5,1.71,0,189.42,1.15,0.36,0.04,7.73,2.76,430.31,79.02,2.55,39.39,38.63,48.33,6.47,18.12,23.74,44.53,2.28,27.34,14.89,67.66,3.24,96.65,1.57,98.43,3814.54,0.98,0.47,1,1.02,2.11,1,2.52,0,127.96,0.71,0.36,0.06,9.45,3.37,469.93,134.45,3.17,38.69,64.07,72.58,6.2,17.96,48.43,49.85,0.53,33.67,15.64,0.26,106.75,0,100,0,1769.89,0.7,0.7,0,1.43,1.43,0,0,0,162.78,7.24,0.45,0.68,360.57,162.09,766.24,184.54,148.1,29.39,6.96,30.94,21.96,6.02,2.95,181.49,130.61,24.05,4.01,0.25,106.75,0,100,0,1767.04,0.76,0.76,0,1.32,1.32,0,0,0,160.19,3.28,0.51,0.67,270.61,137.34,715.05,160.61,121.16,30.76,6.36,7.57,0.57,4.74,2.27,175.59,122.43,26.81,4.09,0.26,105.16,0,100,0,1757.47,0.72,0.72,0,1.4,1.4,0,0,0,166.99,9.43,0.41,0.68,438.73,179.49,756.24,184.87,149.36,29.38,6.77,31.1,22.28,5.97,2.85,179.21,129.16,23.66,3.92,0.24,104.61,0,100,0,1765.47,0.78,0.78,0,1.28,1.28,0,0,0,167.69,3.32,0.49,0.67,279.51,137.03,717.55,157.15,126.11,28.92,5.63,16.51,9.04,5.43,2.04,172.72,122.71,24.5,3.59,1107550911,48955370,63.5,2.81,4.42,353.55,1107550911,48955370,63.5,2.81,4.42,353.55,1107550911,48955370,63.5,2.81,4.42,353.55
16.04,19.15,80.86,5.95,94.05,3175.82,1.28,0.4,1.49,0.78,2.5,0.67,10.47,0,162.58,1.25,0.37,0.08,17.54,6.47,451.22,111.25,13.7,50.54,51.42,74.59,20.28,17.18,37.14,50.94,9.85,26.76,14.28,16.04,19.15,80.86,5.95,94.05,3175.82,1.28,0.4,1.49,0.78,2.5,0.67,10.47,0,162.58,1.25,0.37,0.08,17.54,6.47,451.22,111.25,13.7,50.54,51.42,74.59,20.28,17.18,37.14,50.94,9.85,26.76,14.28,16.04,19.15,80.86,5.95,94.05,3175.82,1.28,0.4,1.49,0.78,2.5,0.67,10.47,0,162.58,1.25,0.37,0.08,17.54,6.47,451.22,111.25,13.7,50.54,51.42,74.59,20.28,17.18,37.14,50.94,9.85,26.76,14.28,0.56,104.46,0,100,0,1821.51,0.6,0.6,0,1.66,1.66,0,0.01,0,192.5,11.97,0.4,0.7,434.59,175.8,510.47,117.09,154.55,30.24,21.95,94.33,66.02,12.94,15.37,60.23,28.87,24.91,6.58,0.29,99.82,0,100,0,1908.5,0.68,0.68,0,1.46,1.46,0,0,0,171.01,5.91,0.5,0.66,265.22,133.48,723.68,154.05,111.49,28.53,5.23,12.08,4.8,5.46,1.82,39.62,17.76,18.42,3.41,22.25,69.05,30.86,22.21,77.79,2974.96,1.04,0.34,2.63,0.96,2.98,0.38,0.69,0,223.8,2.62,0.36,0.25,74.78,27.22,416.63,84.95,24.81,42.49,33.98,55.82,19.8,15.04,20.97,47.22,12.56,21.62,13.01,12.21,55.45,44.28,13.9,86.1,2702.17,1.28,0.32,2.47,0.78,3.14,0.4,0.42,0,190.67,9.99,0.35,0.17,48.22,16.75,619.77,110.77,36.24,31.32,22.56,43.1,17.87,10.98,14.25,47.65,16.49,22.89,8.31,0.31,105.8,0,100,0,1763.72,0.63,0.63,0,1.6,1.6,0,0,0,168.9,9.33,0.45,0.69,353.51,160.8,763.79,186.59,135.73,30.9,8.81,34.12,22.79,7.6,3.72,178.23,127.13,24.34,5.08,0.3,104.11,0,100,0,1765.42,0.67,0.67,0,1.49,1.49,0,0,0,168.77,5.54,0.52,0.67,259.18,133.9,721.94,151.89,112.03,28.15,5.19,14.84,7.41,5.75,1.68,171.73,121.74,24.96,3.51,35.89,10.81,89.24,2.1,97.9,2936.56,1.52,0.3,1.67,0.66,3.38,0.6,1.6,0,167,0.96,0.37,0.09,13.99,5.16,410.09,130.29,19.35,55.83,63.92,91.62,25.63,18.12,47.87,52.13,9.89,26.17,16.06,83.63,13.1,86.92,6.87,93.13,3320.32,1.15,0.61,1.24,0.87,1.65,0.81,3.21,0,197.05,1.67,0.36,0.06,12.45,4.51,522.43,115.52,11.27,45.25,54.54,73.65,15.1,17,41.55,45.11,8.46,23.62,12.99,0.31,110.5,0,100,0,1766.21,0.59,0.59,0,1.68,1.68,0,0,0,168.87,9.3,0.45,0.68,351.79,159.65,764.2,185.74,153.12,31.85,8.77,90.05,72.41,13.13,4.52,174.1,126.76,24.03,4.26,0.43,101.43,0,100,0,1766.26,0.57,0.57,0,1.76,1.76,0,0,0,169.85,6.7,0.49,0.68,292.08,143.62,740.55,242.15,127.06,29.69,11.27,34.2,20.02,7.24,6.94,164.65,116.57,25.45,4.33,52.64,16.56,83.32,3.31,96.69,3098.12,1.58,0.31,1.83,0.63,3.18,0.55,2.57,0,145.3,0.87,0.37,0.04,10.3,3.83,451.77,107.25,6.57,56.4,52.17,77.11,20.46,19.57,37.08,60.38,8.11,37.13,15.1,46.43,6.77,93.28,1.7,98.3,3511.13,1.19,0.3,1.25,0.84,3.36,0.8,1.93,0,130.73,0.86,0.37,0.05,13,4.77,447.59,97.17,9.87,50.99,44.2,67.16,20.85,15.92,30.4,48.01,3.68,30.5,13.81,0.31,107.08,0,100,0,1753.17,0.62,0.62,0,1.62,1.62,0,0,0,168.89,9.38,0.46,0.68,349.89,159.89,761.23,185.47,142.33,29.5,7.28,43.38,32.18,7.83,3.37,177.08,131.74,23.6,3.91,0.32,101.62,0,100,0,1765.92,0.66,0.66,0,1.51,1.51,0,0,0,169.47,5.65,0.52,0.66,259.33,133.63,717.41,165.66,114.1,28.59,6.77,13.49,5.46,5.61,2.42,169.43,119.34,25.14,4.35,0.31,105.22,0,100,0,1764.97,0.63,0.63,0,1.6,1.6,0,0,0,168.89,9.36,0.45,0.68,350.1,159.13,783.97,181.55,137.4,30.12,6.42,35.68,25.85,7.26,2.57,172.66,126.74,23.03,3.85,0.3,103.51,0,100,0,1765.95,0.67,0.67,0,1.5,1.5,0,0,0,168.97,5.79,0.51,0.67,260.8,133.17,729.98,159.6,114.3,28.32,5.73,14.5,6.6,5.62,2.28,168.28,120.16,24.53,3.45,1157594110,55873925,70.19,3.39,4.83,353.5,1157594110,55873925,70.19,3.39,4.83,353.5,1157594110,55873925,70.19,3.39,4.83,353.5
16.74,19.53,80.48,7.34,92.66,3108.72,1.43,0.54,1.65,0.7,1.86,0.61,11.9,0,163.19,1.09,0.36,0.07,17.84,6.37,451.72,112.99,4.66,54.03,51.06,73.42,17.4,19.08,36.94,44.21,2.55,27.49,14.12,16.74,19.53,80.48,7.34,92.66,3108.72,1.43,0.54,1.65,0.7,1.86,0.61,11.9,0,163.19,1.09,0.36,0.07,17.84,6.37,451.72,112.99,4.66,54.03,51.06,73.42,17.4,19.08,36.94,44.21,2.55,27.49,14.12,16.74,19.53,80.48,7.34,92.66,3108.72,1.43,0.54,1.65,0.7,1.86,0.61,11.9,0,163.19,1.09,0.36,0.07,17.84,6.37,451.72,112.99,4.66,54.03,51.06,73.42,17.4,19.08,36.94,44.21,2.55,27.49,14.12,32.95,37.54,62.68,6.72,93.28,2568.05,1.91,0.34,2.85,0.52,2.91,0.35,1.62,0,228.93,1.46,0.35,0.07,23.79,8.22,390.37,95,74.09,40.13,34.5,59.84,24.65,13.69,21.5,39.47,4.87,21.4,13,14.73,46.92,52.61,14.13,85.87,2690.44,1.46,0.44,2.38,0.68,2.28,0.42,0.58,0,199.03,8.16,0.36,0.11,36.2,13,460.16,96.07,57.97,42.81,16.02,57.74,31.46,14.74,11.54,26.85,2.87,19.49,4.48,17.72,55.76,44.07,24.46,75.54,2578.83,1.19,0.52,2.04,0.84,1.91,0.49,0.54,0,220.79,10.81,0.37,0.22,75.29,27.84,579.29,96.46,6.28,41.56,34.54,50.48,9.61,17.78,23.09,109.35,66.26,30.91,11.44,27.11,25.86,74.37,5.2,94.8,2420.29,2.15,0.43,2.74,0.47,2.31,0.36,1.41,0,221.57,1.84,0.34,0.09,32.43,11.06,382.12,113.04,83.15,36.82,21.54,69.35,39.09,13.73,16.53,59.71,36.47,17.02,5,0.27,105.01,0,100,0,1764.61,0.7,0.7,0,1.43,1.43,0,0,0,167.7,7.48,0.44,0.68,369.67,163.79,766.33,186.41,148.34,30.93,9.19,34.31,23.1,7.26,3.95,179.66,128.5,24.49,5.24,0.25,104.07,0,100,0,1766.14,0.77,0.77,0,1.29,1.29,0,0,0,167.63,3.32,0.48,0.66,282.98,136.76,725.85,156.79,121.33,29.86,6.26,8.75,1.17,5.07,2.51,174.59,122.65,25.64,3.75,37.12,21.25,79.11,10.1,89.9,2640.45,2.39,1.14,2.73,0.42,0.88,0.37,2.35,0,84.42,0.45,0.36,0.07,10.91,3.92,499.97,96.22,8.36,48.6,34.63,55.03,14.14,18.38,22.51,41.36,3.8,25.44,12.12,44.97,13.74,86.03,4.8,95.2,3393.97,1.28,0.45,1.41,0.78,2.24,0.71,1.95,0,191.99,1.16,0.34,0.03,8.44,2.83,475.65,106.57,1.63,53.18,51.7,72.19,16.25,19.05,36.88,43.2,0.89,27.48,14.81,0.27,104.45,0,100,0,1769.82,0.7,0.7,0,1.43,1.43,0,0,0,168.11,7.48,0.44,0.68,369.18,162.49,775.11,190.33,160.85,32.51,8.02,66.18,50.96,11.25,3.97,178.86,129.77,23.39,4.05,0.25,105.58,0,100,0,1765.42,0.76,0.76,0,1.32,1.32,0,0,0,168.98,4.65,0.44,0.69,373.47,163.44,737.74,155.38,146.46,32.13,6.14,36.91,26.6,7.89,2.42,171.82,121.93,24.99,3.72,24.36,9.17,90.6,3.05,96.95,3892.52,0.89,0.3,0.95,1.12,3.38,1.05,0.84,0,154.78,0.87,0.35,0.03,7.02,2.46,437.63,130.17,2.02,56.54,62.78,84.73,17.79,19.48,47.47,53.8,2.56,35.9,15.32,66.73,6.26,93.77,3.56,96.44,3710.6,1.04,0.59,1.07,0.97,1.7,0.94,2.57,0,98.65,0.57,0.36,0.06,14.67,5.26,464.28,121.27,1.74,61.19,57.86,84.42,21.42,20.14,42.86,42.22,0.3,26.92,15,0.27,103.49,0,100,0,1768.64,0.7,0.7,0,1.42,1.42,0,0,0,167.7,7.39,0.44,0.68,370.76,164.49,767.91,186.93,147.92,28.89,7.39,31.84,22.36,6.1,3.37,180.39,129.86,25.08,4.02,0.25,105.68,0,100,0,1760.14,0.76,0.76,0,1.32,1.32,0,0,0,167.92,3.39,0.48,0.66,289.24,139.64,731.51,157.71,128.28,30.51,6.15,17.94,9.79,5.79,2.36,163.37,117.74,25.02,3.79,0.27,104.13,0,100,0,1764.78,0.71,0.71,0,1.41,1.41,0,0,0,167.98,7.51,0.44,0.65,346,150.75,766.56,200.91,147.17,31.01,7.45,31.45,21.67,6.08,3.71,179.27,130.59,24.26,3.74,0.25,103.46,0,100,0,1765.24,0.77,0.77,0,1.3,1.3,0,0,0,167.6,3.34,0.48,0.67,286.68,138.82,725.12,158.65,125,30.35,6.07,16.77,8.98,5.29,2.5,173.26,123.24,24.8,3.57,1123374671,53511858,67.97,3.24,4.76,354.15,1123374671,53511858,67.97,3.24,4.76,354.15,1123374671,53511858,67.97,3.24,4.76,354.15
15.93,18.57,81.48,4.57,95.43,3345.22,1.33,0.33,1.56,0.75,3.06,0.64,11.32,0,164.18,1.28,0.36,0.06,12.44,4.44,447.56,109.76,10.21,53.63,52.36,75.12,18.64,18.35,38.12,44.1,2.08,27.72,14.24,15.93,18.57,81.48,4.57,95.43,3345.22,1.33,0.33,1.56,0.75,3.06,0.64,11.32,0,164.18,1.28,0.36,0.06,12.44,4.44,447.56,109.76,10.21,53.63,52.36,75.12,18.64,18.35,38.12,44.1,2.08,27.72,14.24,15.93,18.57,81.48,4.57,95.43,3345.22,1.33,0.33,1.56,0.75,3.06,0.64,11.32,0,164.18,1.28,0.36,0.06,12.44,4.44,447.56,109.76,10.21,53.63,52.36,75.12,18.64,18.35,38.12,44.1,2.08,27.72,14.24,2.07,84.25,17.65,98.24,1.76,2519.07,0.61,0.73,0.06,1.63,1.37,16.11,0.03,0,189.1,11.81,0.41,0.7,445.57,184.41,523.91,180.5,156.06,32.39,7.73,83.72,66.02,13.19,4.51,144.67,115.22,20.44,3.22,0.25,103.03,0,100,0,1781.19,0.75,0.75,0,1.33,1.33,0,0,0,172.18,5.52,0.51,0.65,261.98,132.75,734.57,150.66,120.78,29.57,5.42,11.24,4.17,5.35,1.73,171.86,122.05,25.02,3.69,10.64,85.65,14.25,46.61,53.39,3441.31,0.33,0.18,1.23,3.05,5.62,0.82,0.12,0,181.71,3.73,0.39,0.14,39.24,15.23,631.62,179.4,55.23,42.04,6.48,44.99,29.08,13.14,2.77,87.23,43.86,39.42,3.71,19.13,32.13,68.18,6.36,93.64,2580.01,1.94,0.39,2.67,0.52,2.59,0.37,0.96,0,226.68,1.97,0.34,0.06,17.48,5.93,418.02,162.91,7.24,39.4,11.59,33.74,9.07,16.94,7.72,91.2,56.36,29.25,3.87,0.26,106.02,0,100,0,1755.93,0.69,0.69,0,1.44,1.44,0,0,0,172.95,9.28,0.45,0.67,350.74,158.76,770.04,183.66,147.57,32.34,8.48,40.78,28.36,8.87,3.55,176.39,127.06,24.49,4.93,0.24,104.86,0,100,0,1765.14,0.77,0.77,0,1.31,1.31,0,0,0,173.55,5.46,0.51,0.65,259.82,133.06,719.96,167.65,122.87,30.51,5.77,11.91,4.03,5.72,2.15,170.68,120.88,24.99,3.62,36.54,31.02,68.94,10,90,3570.26,0.98,0.31,1.27,1.02,3.18,0.79,1.27,0,200.39,1.72,0.34,0.07,19.48,6.63,443.05,86.64,16.2,51.86,39.94,61.86,18.06,17.37,26.44,51.34,2.68,35.12,13.5,73.89,9.1,90.9,1.93,98.07,3225.93,1.71,0.36,1.84,0.59,2.76,0.54,4.07,0,223.44,1.56,0.34,0.05,10.98,3.69,441.4,84.01,10.63,38.51,39.94,50.7,8.29,16.69,25.72,44.55,1.94,28.41,14.22,0.26,102.39,0,100,0,1768.48,0.7,0.7,0,1.43,1.43,0,0,0,173.18,9.25,0.46,0.67,352.57,160.82,773.74,187.51,173.99,32.33,7.58,49.29,36.91,8.99,3.39,178.47,130.59,22.2,4.19,0.24,104.04,0,100,0,1769.62,0.77,0.77,0,1.3,1.3,0,0,0,173.56,5.41,0.52,0.65,256.97,133.02,747.88,180.5,121.32,30.06,7.54,13.16,4.1,5.51,3.55,175.03,123.86,25.71,4,40.28,21.36,78.72,6.72,93.28,3644.4,1.03,0.33,1.22,0.97,3.08,0.82,1.52,0,145.74,0.97,0.36,0.04,9.27,3.34,460.36,129.67,7.01,61.02,62.6,90.86,22.72,19.55,48.59,42.85,0.66,28.19,14.01,69.9,3.78,96.22,0.91,99.09,3450.3,1.37,0.33,1.41,0.73,3.03,0.71,3.31,0,52.24,0.29,0.35,0.02,3,1.04,447.87,146.66,3.67,71.96,72.14,107.32,29.54,21,56.78,38.42,0.37,22.67,15.36,0.27,98.58,0,100,0,1777.59,0.72,0.72,0,1.39,1.39,0,0,0,172.84,9.25,0.45,0.67,349.54,158.69,771.21,178.61,148.82,30.24,6.57,33.38,24.14,6.7,2.53,180.87,130.45,23.45,4.04,0.23,106.01,0,100,0,1771.22,0.78,0.78,0,1.29,1.29,0,0,0,175.22,5.33,0.51,0.65,260.59,134.09,723.51,151.79,122.23,31.48,5.77,10.64,3.56,5.4,1.68,175.04,123.26,26.1,4.09,0.26,107.69,0,100,0,1766.13,0.69,0.69,0,1.45,1.45,0,0,0,172.69,9.26,0.45,0.67,351.12,159.05,769.99,177.48,161.61,31.21,6.33,32.86,23.85,6.55,2.46,178.27,129.22,23.94,3.87,0.26,103.29,0,100,0,1766.92,0.75,0.75,0,1.33,1.33,0,0,0,176.29,5.4,0.51,0.65,262.25,134.23,728.05,150.05,121.45,29.88,4.88,9.81,3.05,5.21,1.55,173.42,122.61,25.28,3.33,1135848032,52565894,63.02,2.92,4.63,352.26,1135848032,52565894,63.02,2.92,4.63,352.26,1135848032,52565894,63.02,2.92,4.63,352.26
19.86,17.01,83.02,5.11,94.89,3031.49,1.18,0.35,1.35,0.85,2.82,0.74,11.35,0,163.61,2.05,0.37,0.06,14.33,5.26,459.85,110.77,6.92,53.16,51.83,73.23,17.96,18.41,36.85,47.24,4.53,27.69,14.98,19.86,17.01,83.02,5.11,94.89,3031.49,1.18,0.35,1.35,0.85,2.82,0.74,11.35,0,163.61,2.05,0.37,0.06,14.33,5.26,459.85,110.77,6.92,53.16,51.83,73.23,17.96,18.41,36.85,47.24,4.53,27.69,14.98,19.86,17.01,83.02,5.11,94.89,3031.49,1.18,0.35,1.35,0.85,2.82,0.74,11.35,0,163.61,2.05,0.37,0.06,14.33,5.26,459.85,110.77,6.92,53.16,51.83,73.23,17.96,18.41,36.85,47.24,4.53,27.69,14.98,23.67,27.37,72.54,7.95,92.05,2481.38,1,0.29,1.27,1,3.43,0.79,0.59,0,214.04,8.05,0.37,0.08,22.02,8.22,447.17,78.46,36.9,38.78,38.67,57.14,20.9,12.3,23.94,168.66,120.55,21.44,14.74,28.91,23.21,76.88,8.28,91.72,2486.91,1.04,0.37,1.24,0.96,2.69,0.81,0.75,0,162.6,5.93,0.33,0.39,158.47,52.84,461.34,105.56,7.78,38.19,16.68,31.91,5.76,15.32,10.83,176.34,123.54,24.62,5.85,25.56,45.46,54.52,14.87,85.13,2552.53,1.09,0.36,1.7,0.92,2.8,0.59,0.71,0,210.11,4.42,0.37,0.19,57.82,21.49,477.09,94.09,23.18,40.02,31,45.96,13.11,13.4,19.45,53.32,20.81,20.88,11.55,36.93,26.42,73.57,5.42,94.58,2549.83,1.71,0.35,2.19,0.59,2.85,0.46,1.61,0,220.38,3.76,0.35,0.07,17.93,6.3,464.01,84.36,8.92,37.99,38.21,47.43,6.94,16.49,24,47.54,11.54,21.86,14.21,0.26,101.25,0,100,0,1778.05,0.7,0.7,0,1.42,1.42,0,0,0,169.5,7.57,0.46,0.69,359.03,165.41,765.87,187.53,148.35,30.94,8.82,34.5,23.32,7.36,3.81,179.45,127.79,24.49,5.01,0.24,106.27,0,100,0,1765.59,0.76,0.76,0,1.32,1.32,0,0,0,168.32,3.38,0.52,0.67,261.41,135.66,720.5,157.84,121.5,29.67,6.02,7.66,0.58,4.9,2.17,173.35,121.08,25.25,3.85,29.16,39.02,60.93,11.33,88.67,3086.99,0.97,0.28,1.41,1.03,3.56,0.71,0.87,0,70.38,0.56,0.37,0.04,6.52,2.42,531.85,153.41,5.14,52.57,72.78,92.34,18.66,17.56,56.11,54.4,1.67,36.08,16.66,78.38,4.58,95.5,1.57,98.43,3424.63,1.15,0.39,1.18,0.87,2.54,0.84,3.08,0,196.51,1.75,0.36,0.04,9.87,3.53,370.17,165.3,6.36,75.32,82.2,120.85,34.48,21.33,65.04,52.51,1.45,33.89,17.16,0.26,103.36,0,100,0,1765.1,0.7,0.7,0,1.44,1.44,0,0,0,170.08,8.74,0.45,0.68,357.56,162.23,766.02,185.51,146.47,30.96,7.38,32.05,22.25,6.51,3.29,175.59,131.73,22.85,4.09,0.27,104.24,0,100,0,1765.93,0.7,0.7,0,1.43,1.43,0,0,0,166.71,3.46,0.51,0.67,265.66,135.31,736.59,157.55,117.07,27.86,5.84,23.01,15.17,5.66,2.18,169.32,122.54,24.25,3.65,27.36,17.11,82.89,5.22,94.78,3208.9,1.27,0.39,1.45,0.79,2.58,0.69,1.12,0,167.63,1.8,0.37,0.11,21.52,8.04,443.61,80.29,4.2,49.53,36.71,55.73,14.21,18.73,22.79,44.47,4.44,26.1,13.92,65.65,4.6,95.41,1.76,98.24,3400.58,1.16,0.44,1.2,0.86,2.25,0.83,2.6,0,194.72,1.67,0.35,0.02,4.17,1.45,465.39,93.95,3.76,48.58,42.84,59.98,12.95,18.6,28.43,38.14,2.33,21.4,14.41,0.29,95.05,0,100,0,1763.45,0.7,0.7,0,1.44,1.44,0,0,0,168.53,7.48,0.45,0.68,356.1,161.84,767.73,187.71,148.69,29.16,7.43,31.62,22.21,5.92,3.5,183.31,129.96,23.48,3.94,0.24,103.93,0,100,0,1773.33,0.77,0.77,0,1.3,1.3,0,0,0,168.04,3.5,0.51,0.67,265.68,136.3,723.54,160.9,118.25,29.45,6.71,7.95,0.77,4.7,2.49,170.52,121.01,25.05,4.23,0.26,102.06,0,100,0,1786.18,0.69,0.69,0,1.45,1.45,0,0,0,169.28,7.52,0.35,0.7,484.68,171.92,505.89,144.51,147.42,29.81,17.22,41.48,22.43,6.06,12.98,181.51,133.03,23.14,4.24,0.25,102.61,0,100,0,1765.51,0.76,0.76,0,1.32,1.32,0,0,0,168.73,3.41,0.37,0.43,95.52,35.59,452.19,80.55,119.2,29.06,37.22,28.25,0.4,4.71,23.14,183.34,122.72,24.78,14.07,1134190998,62377009,63.69,3.5,5.5,353.95,1134190998,62377009,63.69,3.5,5.5,353.95,1134190998,62377009,63.69,3.5,5.5,353.95
18.48,27.07,72.92,10.63,89.37,3268.99,1.23,0.48,1.51,0.81,2.06,0.66,11.93,0,160.11,1.33,0.4,0.17,39.53,15.83,465.84,97.2,9.83,53.08,39.88,65.51,18.4,18.28,28.83,41.38,3.17,27.11,11.05,18.48,27.07,72.92,10.63,89.37,3268.99,1.23,0.48,1.51,0.81,2.06,0.66,11.93,0,160.11,1.33,0.4,0.17,39.53,15.83,465.84,97.2,9.83,53.08,39.88,65.51,18.4,18.28,28.83,41.38,3.17,27.11,11.05,18.48,27.07,72.92,10.63,89.37,3268.99,1.23,0.48,1.51,0.81,2.06,0.66,11.93,0,160.11,1.33,0.4,0.17,39.53,15.83,465.84,97.2,9.83,53.08,39.88,65.51,18.4,18.28,28.83,41.38,3.17,27.11,11.05,19.34,57.34,42.82,20.77,79.23,3161.56,1.12,0.41,2.08,0.89,2.46,0.48,0.69,0,218.81,2.98,0.36,0.25,77.42,27.52,467.84,86.09,54.55,47.49,21.97,53.1,26.75,12.38,13.97,39.97,12.44,19.51,8,17.72,40.12,59.36,12.95,87.05,3304.2,1.12,0.36,1.63,0.9,2.79,0.61,0.65,0,223.8,1.9,0.37,0.18,57.76,21.17,476.36,51.54,10.15,38.94,9.44,31.26,8.9,16.53,5.83,73.83,47.15,22.72,3.62,28.45,43.15,56.85,25.99,74.01,3144.01,0.96,0.58,1.25,1.04,1.73,0.8,0.86,0,230.52,2.18,0.38,0.31,87.58,33.51,444.51,49.64,17.53,39.22,7.72,29.86,9.75,15.66,4.45,90.95,62.47,25.31,3.27,15.81,65.22,34.64,36.11,63.89,3162.19,0.61,0.34,1.12,1.64,2.97,0.89,0.3,0,229.84,2.58,0.36,0.07,22.53,8.02,433.75,89.98,14.84,38.17,31.02,46.62,11.07,15.97,19.58,38.6,7.88,19.3,11.44,0.44,105.45,0,100,0,1745.43,0.41,0.41,0,2.42,2.42,0,0,0,169.99,7.37,0.45,0.68,357.96,162.23,806.5,206.74,148.03,31.3,11.68,37.24,23.34,7.36,6.54,176.82,126.14,24.68,5.14,0.23,104.74,0,100,0,1765.52,0.78,0.78,0,1.28,1.28,0,0,0,170.34,3.34,0.51,0.67,262.76,133.86,736.33,166.21,120.71,29.86,7.24,8.61,0.58,4.83,3.2,170.77,120.52,25.41,4.04,37.96,28.66,71.2,6.74,93.26,3679.44,1.06,0.25,1.39,0.94,4.02,0.72,1.48,0,119.64,0.7,0.5,0.53,127.36,63.47,502.95,96.64,16.09,68.93,45.07,84.9,32.11,21.01,31.77,35.11,1.91,19.9,13.29,65.13,20.24,79.78,15.27,84.73,3551.91,1.11,0.84,1.18,0.9,1.19,0.85,2.57,0,112.81,0.75,0.4,0.11,21.25,8.57,535.25,125.72,0.74,83.02,52.84,100.7,37.16,22.16,41.38,47.83,1.56,34.79,11.47,0.25,105.03,0,100,0,1760.12,0.71,0.71,0,1.41,1.41,0,0,0,169.33,7.47,0.45,0.68,356.39,160.22,792.91,206.47,145.93,31.57,10.56,35.4,22.85,6.66,5.89,184.2,129.56,26.16,4.67,0.23,104.99,0,100,0,1766.72,0.78,0.78,0,1.29,1.29,0,0,0,176.2,5.01,0.48,0.68,300.59,145.77,741.11,194.49,134.84,32.81,9.13,29.4,17.64,6.73,5.03,168.01,119.63,25.74,4.09,36.62,28.58,71.57,11.87,88.13,3188.85,1.2,0.5,1.48,0.84,2.01,0.68,1.4,0,181.83,1.34,0.33,0.11,20.79,6.89,441.1,119.82,6.89,39.28,52.74,66.02,7.78,17.43,40.81,34.97,0.44,22.59,11.93,72.62,3.8,96.18,0.67,99.33,2977.55,1.83,0.32,1.89,0.55,3.09,0.53,3.96,0,147.4,1.23,0.36,0.13,27.01,9.76,414.75,104.4,8.51,40.53,50.35,60.62,8.08,17.06,35.49,54.19,1.69,37.63,14.86,0.26,103.11,0,100,0,1759.8,0.71,0.71,0,1.41,1.41,0,0,0,170.65,7.46,0.46,0.68,357.01,162.83,789.84,211.38,148.27,29.33,9.32,33.57,22.27,6.09,5.2,183.42,128.15,23.42,4.12,0.23,105.06,0,100,0,1816.62,0.77,0.77,0,1.3,1.3,0,0,0,170.39,3.35,0.52,0.67,262.46,137.07,737.03,165.44,121.38,31.16,7.69,9.11,0.82,4.86,3.43,171.77,120.75,25.68,4.25,0.25,104.81,0,100,0,1765.47,0.7,0.7,0,1.43,1.43,0,0,0,168.94,7.44,0.45,0.68,360.6,163.38,794.99,71.65,30.74,44.05,25.61,49.27,17.3,14.57,17.39,72.2,42.24,19.78,8.22,0.23,103.3,0,100,0,1793.87,0.76,0.76,0,1.31,1.31,0,0,0,168.63,3.41,0.51,0.67,267.06,137.06,729.57,105.1,9.25,39.68,42.2,56.43,9.92,17.63,28.88,88.49,55.07,19.34,13.32,1171561407,62444604,64.33,3.43,5.33,356.31,1171561407,62444604,64.33,3.43,5.33,356.31,1171561407,62444604,64.33,3.43,5.33,356.31
16.84,22.86,77.2,6.01,93.99,2937.4,1.22,0.32,1.48,0.82,3.12,0.67,9.64,0,169.89,1.99,0.34,0.17,43.32,14.72,458.21,112.18,22.65,46.8,45.7,69.38,19.43,15.9,34.05,49.46,12.56,25.19,11.65,16.84,22.86,77.2,6.01,93.99,2937.4,1.22,0.32,1.48,0.82,3.12,0.67,9.64,0,169.89,1.99,0.34,0.17,43.32,14.72,458.21,112.18,22.65,46.8,45.7,69.38,19.43,15.9,34.05,49.46,12.56,25.19,11.65,16.84,22.86,77.2,6.01,93.99,2937.4,1.22,0.32,1.48,0.82,3.12,0.67,9.64,0,169.89,1.99,0.34,0.17,43.32,14.72,458.21,112.18,22.65,46.8,45.7,69.38,19.43,15.9,34.05,49.46,12.56,25.19,11.65,0.94,116.91,0,100,0,1579.99,0.39,0.39,0,2.54,2.54,0,0.01,0,198.98,7.99,0.33,0.12,41.48,13.88,475.92,88.9,42.26,32.32,38.78,56.45,20.55,10.66,25.24,61.71,20.07,28.05,13.54,0.23,103.12,0,100,0,2045.03,0.72,0.72,0,1.39,1.39,0,0,0,172.31,5.95,0.3,0.42,80.83,24.1,484.15,125.92,57.59,41.19,38.34,66.06,23.76,12.66,29.64,40.03,14.22,16.97,8.7,37.2,35.92,64.29,6.37,93.63,2736.48,1.49,0.27,2.18,0.67,3.77,0.46,1.52,0,208.77,3.16,0.34,0.19,50.01,16.95,589.06,107.48,35.65,45.79,37.41,62.94,21.77,15.09,26.08,47.66,11.94,24.39,11.33,31.16,32.97,67.08,7.24,92.76,2740.58,1.34,0.29,1.86,0.75,3.39,0.54,1.15,0,216.5,2.41,0.36,0.22,66.72,23.7,531.18,134,29.36,38.74,34.71,58.23,17.07,14.3,26.86,44.59,12.39,24.35,7.85,0.3,101.73,0,100,0,1772.17,0.67,0.67,0,1.5,1.5,0,0,0,175.76,16.24,0.39,0.67,423.51,167.07,749.93,191.32,186.24,44.99,11.73,166.19,134.43,25.25,6.52,166.62,116.64,25.28,5.22,0.25,101.55,0,100,0,1771.48,0.78,0.78,0,1.29,1.29,0,0,0,175.38,7.93,0.51,0.66,250.88,129.17,706.65,148.06,131.51,33.83,5.48,48.89,36.62,10.58,1.7,162,113.17,25.27,3.78,67.8,13.76,86.22,3.78,96.22,3046.6,1.21,0.33,1.36,0.82,3,0.74,2.51,0,208.56,1.81,0.34,0.08,18.85,6.49,419.9,86.43,16.16,55.9,31.45,62.83,22.16,18.64,22.03,44.21,8.94,25.83,9.42,44.39,22.81,77.24,6.65,93.35,2830.4,1.05,0.31,1.27,0.95,3.26,0.79,1.32,0,102.03,0.99,0.33,0.2,44.16,14.74,536.31,119.53,13.64,54.89,56.3,81.72,20.68,18.34,42.7,57.14,14.57,28.94,13.59,0.38,95.95,0,100,0,1446.13,0.66,0.66,0,1.51,1.51,0,0,0,180.36,14.29,0.42,0.74,587.66,248.8,789.78,194,218.58,42.24,8.46,143.35,119.25,20.23,3.87,146.23,112.53,23.52,4.59,0.32,100.01,0,100,0,1705.73,0.71,0.71,0,1.42,1.42,0,0,0,171.94,8.35,0.43,0.69,402.72,171.4,683.6,168.99,121.51,31,6.92,20.56,11.01,6.76,2.79,162.27,115.32,24.64,4.13,43.76,12.36,87.6,2.77,97.23,2911.68,1.57,0.35,1.74,0.64,2.85,0.57,2,0,189.79,1.94,0.35,0.12,26.94,9.42,434.67,131.74,28.36,43.59,57.29,80.12,20.13,14.93,45.07,53.08,10.96,29.85,12.22,41.39,26.84,73.15,11.14,88.86,3343.87,0.79,0.33,0.96,1.26,3.03,1.04,1.1,0,152.82,1.77,0.34,0.21,63.29,21.38,400.25,107.32,15.72,38.06,43.35,59.14,13.22,13.38,32.54,42.08,9.52,21.72,10.81,0.37,101.19,0,100,0,1468.53,0.65,0.65,0,1.53,1.53,0,0,0,176.73,14.76,0.37,0.71,567.24,208.45,775.24,232.11,177.49,43.09,10.33,193.58,159.9,28.13,5.55,171.63,124.76,26.01,4.78,0.28,97.34,0,100,0,1662.59,0.78,0.78,0,1.29,1.29,0,0,0,171.61,8.02,0.51,0.64,255.26,131.35,705.14,147.78,123.36,33.51,6,31.65,21.75,8.12,1.77,156.91,112.24,26.01,4.23,0.36,100.59,0,100,0,1455.85,0.68,0.68,0,1.47,1.47,0,0,0,175.7,13.03,0.4,0.69,428.99,170.62,806.37,186.81,165.37,38.43,10.96,96.62,75.45,14.81,6.36,53.98,22.37,26.95,4.6,0.24,104.2,0,100,0,1793.27,0.79,0.79,0,1.27,1.27,0,0,0,177.35,9.53,0.49,0.65,256.27,126.34,701.61,145.01,120.95,30.52,5.48,20.77,11.85,7.15,1.78,39.41,14.72,20.77,3.71,1050403332,75055013,66.92,4.78,7.15,346.14,1050403332,75055013,66.92,4.78,7.15,346.14,1050403332,75055013,66.92,4.78,7.15,346.14
20.64,28.54,71.4,9.66,90.34,2689.5,1,0.34,1.27,1,2.95,0.79,8.89,0,165.28,2.05,0.36,0.18,48.32,17.22,463.36,109.79,17.6,49.09,44.81,70.66,19.94,17.68,33.04,46.9,8.13,26.97,11.77,20.64,28.54,71.4,9.66,90.34,2689.5,1,0.34,1.27,1,2.95,0.79,8.89,0,165.28,2.05,0.36,0.18,48.32,17.22,463.36,109.79,17.6,49.09,44.81,70.66,19.94,17.68,33.04,46.9,8.13,26.97,11.77,20.64,28.54,71.4,9.66,90.34,2689.5,1,0.34,1.27,1,2.95,0.79,8.89,0,165.28,2.05,0.36,0.18,48.32,17.22,463.36,109.79,17.6,49.09,44.81,70.66,19.94,17.68,33.04,46.9,8.13,26.97,11.77,16.12,53.83,46.52,22.49,77.51,2695.72,0.68,0.28,1.14,1.47,3.51,0.88,0.3,0,168.49,2.38,0.34,0.11,32.45,11.13,533.35,145.76,26.75,53.15,47.36,80.96,26.07,18.84,36.05,43.41,7,25.07,11.31,20.78,27.96,72.19,9.59,90.41,2871.79,0.98,0.34,1.23,1.02,2.96,0.81,0.59,0,82.27,1.87,0.36,0.14,42.47,15.28,427.47,106.48,29.6,45.25,13.3,49.08,23,16.97,9.11,37.79,5.53,27.99,4.19,32.26,44.63,55.4,20.7,79.3,2787.94,0.69,0.32,0.99,1.45,3.12,1.01,0.62,0,164.83,5.25,0.37,0.32,87.04,31.86,456.95,135.07,31.81,53.23,48.35,84.42,28.8,18.86,36.76,48.28,9.84,26.89,11.59,28.33,52.78,47.23,31.28,68.72,2688.03,0.6,0.35,0.87,1.67,2.82,1.15,0.46,0,179.1,6.23,0.36,0.31,113.55,41.15,477.9,94.71,25.51,36.55,33.05,55.22,15.72,16.11,23.39,64.25,28.74,25.94,9.66,0.45,102.59,0,100,0,1511.84,0.47,0.47,0,2.11,2.11,0,0,0,172.27,13.07,0.4,0.71,494.07,195.68,742.35,203.62,176.47,43.77,12.45,125.55,100.46,17.74,7.34,171.84,128.39,25.15,5.11,0.29,106.7,0,100,0,1442.5,0.72,0.72,0,1.38,1.38,0,0,0,168.32,5.06,0.51,0.64,250.01,128.04,673.33,145.4,121.67,29.84,5.07,23.43,14.94,6.86,1.63,166.06,117.13,24.31,3.44,46.06,14.79,85,4.01,95.99,2702.79,1.18,0.32,1.33,0.85,3.14,0.75,1.46,0,189.32,1.72,0.36,0.13,34.46,12.25,417.24,131.61,7.6,43.66,60.25,78.46,13.39,17.38,47.68,47.11,6.68,27.84,12.56,57.35,23.46,76.55,9.93,90.07,2692.42,0.89,0.38,1.05,1.12,2.66,0.96,1.37,0,160.19,1.49,0.35,0.18,39.68,13.69,531.24,95.71,10.23,72.69,43.16,85.05,32.99,21.19,30.87,47.23,8.26,26.69,12.29,0.41,87.99,0,100,0,1531.77,0.59,0.59,0,1.69,1.69,0,0,0,173.4,13.19,0.41,0.73,530.29,215.38,787.13,206.83,185.48,40.34,13.44,126.1,98.96,18.8,8.34,151.69,125.85,21.3,5.1,0.34,94.75,0,100,0,1315.16,0.78,0.78,0,1.28,1.28,0,0,0,178.2,9.48,0.45,0.68,327.49,147.17,680.8,157.92,118.43,29.22,5.66,15.72,7.88,5.6,2.24,165.42,116.9,23.25,3.42,44.58,17.8,82.29,4.25,95.75,2679.36,1.33,0.32,1.55,0.75,3.15,0.65,1.59,0,178.24,1.56,0.35,0.13,31.38,11.09,473.31,123.84,15.34,40.05,51.33,66.91,11.87,15.52,39.51,42.02,6.76,23.4,11.82,43.82,24.13,75.79,9.21,90.79,2626.77,0.96,0.37,1.15,1.04,2.72,0.87,1.11,0,146.95,1.51,0.34,0.13,37.28,12.66,427.11,86.23,12.38,56.64,37.78,65.63,22.1,18.82,24.71,50.79,6.18,31.52,13.07,0.32,91.3,0,100,0,1734.22,0.67,0.67,0,1.49,1.49,0,0,0,173.27,17.37,0.49,0.68,343.4,167.19,769.88,210.89,209.72,41.52,15.27,121.62,92.67,18.46,10.5,145.29,123.16,22.15,4.77,0.31,92.19,0,100,0,1458.27,0.79,0.79,0,1.27,1.27,0,0,0,173.35,6.97,0.5,0.66,247.03,124.75,668.11,148.2,116.41,30.38,5.61,13.76,6.17,5.84,1.75,163.18,117.15,24.45,3.86,18.88,25.42,73.86,5.03,94.97,2599.88,1.47,0.29,1.88,0.68,3.46,0.53,0.72,0,231.98,2.6,0.51,0.67,360.57,185.28,707.75,224.01,145.24,36.72,12.33,76.25,55.92,12.48,7.86,147.48,119.76,23.21,4.47,19.68,26.2,73.68,6.68,93.32,2667.79,1.25,0.32,1.58,0.8,3.15,0.63,0.65,0,57.13,1.74,0.49,0.65,250.3,123.36,666.52,143.13,122.02,30.69,4.31,15.21,7.71,5.99,1.51,166.23,118.34,23.57,2.79,1018818506,66197697,70.47,4.58,6.5,312.93,1018818506,66197697,70.47,4.58,6.5,312.93,1018818506,66197697,70.47,4.58,6.5,312.93
22.45,33.87,66.14,18.54,81.46,2609.15,1.09,0.6,1.35,0.91,1.67,0.74,10.26,0,161.31,1.97,0.36,0.15,42.09,15.01,488.63,109.38,5.52,55.3,48.67,72.77,18.09,19.72,34.96,47.33,3.3,30.22,13.71,22.45,33.87,66.14,18.54,81.46,2609.15,1.09,0.6,1.35,0.91,1.67,0.74,10.26,0,161.31,1.97,0.36,0.15,42.09,15.01,488.63,109.38,5.52,55.3,48.67,72.77,18.09,19.72,34.96,47.33,3.3,30.22,13.71,22.45,33.87,66.14,18.54,81.46,2609.15,1.09,0.6,1.35,0.91,1.67,0.74,10.26,0,161.31,1.97,0.36,0.15,42.09,15.01,488.63,109.38,5.52,55.3,48.67,72.77,18.09,19.72,34.96,47.33,3.3,30.22,13.71,27.75,25.24,74.96,6.97,93.03,2663.96,1.03,0.29,1.28,0.97,3.5,0.78,0.76,0,165.45,7.81,0.36,0.42,127.89,46.3,532.52,84.73,93.34,58.24,37.25,81.91,43.79,14.76,23.36,63.02,24.08,24.63,13.89,18.15,69.28,30.44,54.09,45.91,2626.99,0.63,0.49,0.95,1.58,2.03,1.05,0.3,0,220.59,4.11,0.37,0.16,44.4,16.54,530.19,135.27,6.22,39.04,62.12,74.11,8.03,17.57,48.51,170.05,115.71,22.55,13.61,51.17,36.01,64.06,18.09,81.91,2646.33,1.06,0.53,1.35,0.94,1.88,0.74,1.43,0,203.24,3.37,0.36,0.29,95.51,34.2,472.11,113,19.94,75.58,41.68,86.82,37.82,20.75,28.26,53.76,13.97,26.05,13.42,44.35,26.42,73.61,8.25,91.75,2611.51,1.22,0.38,1.52,0.82,2.63,0.66,1.41,0,151.59,8.88,0.35,0.2,69.44,24.31,510.93,97.07,47.36,63.22,29.63,77.83,39.95,18.46,19.42,76.83,31.33,34.09,10.22,0.38,105.19,0,100,0,1514.77,0.58,0.58,0,1.74,1.74,0,0,0,172.01,10.18,0.44,0.68,383.48,169.02,791.09,186.38,144.43,34.61,11.14,46.5,32.8,7.87,5.83,170.64,112.84,24.49,5.3,0.23,99.27,0,100,0,1905.94,0.78,0.78,0,1.27,1.27,0,0,0,164.56,3.1,0.44,0.68,363.22,161.1,685.98,146.03,113.21,28.13,5.43,7.51,0.8,5.01,1.7,164.23,115.36,24.38,3.72,65.18,16.44,83.5,7.36,92.64,2574.2,1.31,0.58,1.45,0.77,1.71,0.69,2.19,0,173.51,1.12,0.35,0.07,15.79,5.51,451.39,118.04,6.34,40.23,53.86,65.24,7.45,17.51,40.28,39.77,3.95,22.24,13.58,55.96,47.03,53.08,37.65,62.35,2569.96,0.88,0.71,1.04,1.13,1.41,0.96,1.27,0,102.99,0.81,0.33,0.11,22.03,7.22,503.18,142.01,14.91,42.47,69.02,84.07,12.69,17.6,53.78,57.89,1.69,40.97,15.24,0.42,115.63,0,100,0,1446.41,0.5,0.5,0,2.01,2.01,0,0,0,170.12,14.53,0.46,0.68,343.2,159.47,799.19,188.8,162.73,34.67,12.92,60.57,42.44,9.85,8.28,158.63,107.85,22.08,4.65,0.34,96.67,0,100,0,1628.09,0.67,0.67,0,1.48,1.48,0,0,0,180.05,6.9,0.47,0.67,315.19,147.03,704.64,157.71,114.07,26.64,6.09,7.83,0.85,4.5,2.48,160.27,115.3,22.76,3.61,54.83,34.3,65.6,22.85,77.15,2643.2,1.24,0.83,1.46,0.81,1.21,0.69,1.8,0,204.65,1.48,0.35,0.07,25.67,9.07,504.33,85.88,0.86,59.15,39.67,65.27,19.22,20.43,25.61,44.15,2.03,28.03,14.06,39.51,35.71,64.08,21.86,78.14,2653.25,1.03,0.63,1.25,0.97,1.59,0.8,1.07,0,110.28,2.66,0.36,0.32,98.91,36.01,481.14,107.27,0.93,59.76,46.83,75.27,19.76,20.78,34.74,43.63,1.32,30.17,12.09,0.42,91.94,0,100,0,1365.5,0.66,0.66,0,1.51,1.51,0,0,0,170.01,14.76,0.46,0.7,442.7,204.74,728.75,201.36,143.89,33.81,12.21,63.77,45.99,10.09,7.68,174.89,122.35,24.09,4.52,0.3,99.99,0,100,0,1523.27,0.71,0.71,0,1.4,1.4,0,0,0,176.84,3.34,0.52,0.65,252.13,129.96,671.69,146.05,115.81,29.55,5.08,7.78,1.04,5.05,1.69,161.05,115.58,24.79,3.39,0.38,144.22,0,100,0,1383.26,0.44,0.44,0,2.29,2.29,0,0,0,169.23,15.66,0.36,0.12,33.59,12.12,441.95,92.58,152.12,39.33,31.89,101.65,66.21,15.64,19.81,176.61,125.19,22.95,12.08,0.27,96.16,0,100,0,1621.7,0.75,0.75,0,1.33,1.33,0,0,0,178.74,3.41,0.35,0.25,59.58,20.89,423.79,104.63,103.43,43.44,30.22,50.9,19.98,11.77,19.15,166.92,115.06,23.16,11.07,897025792,55612929,69.41,4.3,6.2,296.94,897025792,55612929,69.41,4.3,6.2,296.94,897025792,55612929,69.41,4.3,6.2,296.94
17.71,27.31,72.72,12.01,87.99,2645,1.19,0.52,1.44,0.84,1.91,0.69,8.95,0,166.32,1.39,0.37,0.11,24.62,9.11,444.12,113.83,6.1,56.06,50.79,76.15,18.71,20.02,37.42,46.3,3.37,29.46,13.37,17.71,27.31,72.72,12.01,87.99,2645,1.19,0.52,1.44,0.84,1.91,0.69,8.95,0,166.32,1.39,0.37,0.11,24.62,9.11,444.12,113.83,6.1,56.06,50.79,76.15,18.71,20.02,37.42,46.3,3.37,29.46,13.37,17.71,27.31,72.72,12.01,87.99,2645,1.19,0.52,1.44,0.84,1.91,0.69,8.95,0,166.32,1.39,0.37,0.11,24.62,9.11,444.12,113.83,6.1,56.06,50.79,76.15,18.71,20.02,37.42,46.3,3.37,29.46,13.37,2.15,83.65,19.75,98.05,1.95,2409.29,0.54,0.66,0.06,1.84,1.52,17.96,0.03,0,181.14,5.08,0.41,0.69,449.61,185.71,734.84,273.07,149.48,29.7,15.57,60.5,39.88,9.17,11.45,128.67,103.76,20.46,4.12,0.38,99.45,0,100,0,1665.27,0.63,0.63,0,1.58,1.58,0,0,0,166.25,3.45,0.51,0.64,257.86,131.67,709.3,162.94,116.79,27.92,7.66,9.65,1.15,5,3.5,165.06,114.84,23.41,4.15,31.03,28.67,71.17,9.29,90.71,2641.91,1.07,0.34,1.36,0.94,2.9,0.74,0.87,0,187.66,3.11,0.37,0.21,41.33,15.46,440.96,121.27,56.24,64.31,32.23,80.43,38.98,17.95,23.51,62.59,8.96,44.24,8.72,30.72,49.55,50.25,26.76,73.24,2689.61,0.92,0.49,1.33,1.09,2.03,0.75,0.76,0,191.38,1.64,0.36,0.3,93.27,33.58,422.44,149.34,20.31,76.19,60.73,110.09,40.29,21.68,48.11,96,45.75,37.3,12.61,0.59,95.63,0,100,0,1257.85,0.56,0.56,0,1.78,1.78,0,0,0,172.94,9.74,0.44,0.69,387.58,171.42,778.36,204.94,153.28,34.78,15.01,45.61,27.95,7.79,9.87,165.98,113.53,24.13,5.14,0.4,101.45,0,100,0,1548.23,0.62,0.62,0,1.62,1.62,0,0,0,170.39,3.38,0.51,0.65,252.3,129,701.85,155.72,111.62,29.46,6.65,8.54,0.75,4.61,3.18,159.66,115.07,23.78,3.47,55.85,24.63,75.47,7.81,92.19,2633.19,1.22,0.39,1.49,0.82,2.58,0.67,1.8,0,129.36,1,0.35,0.04,9.57,3.39,401.8,95.42,3.1,58.71,45.05,70.04,19.14,20.01,30.89,62.3,4.97,43.19,14.16,48.45,28.03,72.1,14.52,85.48,2667.2,1.32,0.69,1.57,0.76,1.46,0.64,1.71,0,178.64,1.05,0.35,0.14,25.75,9.11,463.94,106.21,4.34,40.54,47.91,61.3,7.77,18.84,34.69,36.66,2.36,21.07,13.22,0.57,90.3,0,100,0,1454.62,0.52,0.52,0,1.91,1.91,0,0,0,167.5,7.3,0.45,0.67,342.21,154.27,832.93,209.5,166.89,37.62,14.66,129.99,97.43,22.83,9.73,161.63,107.05,22.76,4.93,0.51,95.08,0,100,0,1433.1,0.57,0.57,0,1.75,1.75,0,0,0,176.37,6.82,0.51,0.65,250.75,127.41,730.78,174.87,132.68,28.81,7.45,29.41,18.97,6.3,4.14,160.37,118.46,22.91,3.31,64.12,25.2,74.9,12.05,87.95,2688.91,1.34,0.64,1.57,0.75,1.56,0.64,2.31,0,190.33,1.67,0.38,0.11,26.53,10.1,470.64,125.64,4.75,55.29,59.97,83.95,17.82,20.36,45.77,48.49,1.75,32.47,14.2,46.77,11.29,88.72,4.25,95.75,2673.55,1.15,0.43,1.24,0.87,2.3,0.8,1.44,0,133.21,1.19,0.37,0.06,13.37,4.96,458.29,119.71,3.12,67.52,56.33,89.6,25.63,21.24,42.73,41.68,1.34,26.72,13.6,0.57,97.76,0,100,0,1287.52,0.54,0.54,0,1.86,1.86,0,0,0,170.47,8.82,0.39,0.7,501.56,197.44,759.25,213.53,167.62,31.5,10.24,58.98,41.66,11.71,5.62,174.23,116.1,24.16,4.63,0.4,105.51,0,100,0,1444.04,0.6,0.6,0,1.66,1.66,0,0,0,170.21,3.33,0.51,0.65,255.13,130.03,706.04,158.32,114.91,29.33,7.21,9.98,1.69,4.97,3.31,168.81,116.01,25.23,3.89,0.55,93.58,0,100,0,1388.28,0.53,0.53,0,1.88,1.88,0,0,0,168.82,7.27,0.4,0.69,449.02,179.86,755.37,224.55,154.33,34.34,13.75,100.72,75.04,16.14,9.54,173.2,99.74,22.59,4.21,0.37,109.15,0,100,0,1422.42,0.66,0.66,0,1.52,1.52,0,0,0,166.13,3.36,0.49,0.66,251.37,124.31,678.05,157.14,115.65,27.88,6.57,9.89,1.8,4.94,3.15,168.48,116.22,24.24,3.41,871268092,41184593,69.32,3.28,4.73,272.1,871268092,41184593,69.32,3.28,4.73,272.1,871268092,41184593,69.32,3.28,4.73,272.1
26.4,31.78,68.22,12.79,87.21,2893.56,1.07,0.43,1.37,0.93,2.31,0.73,13.14,0,187.31,3.23,0.36,0.24,71.47,26.07,429.75,106.07,17.49,49.99,33.77,61.93,16.92,20.91,24.1,39.24,8.83,20.69,9.67,26.4,31.78,68.22,12.79,87.21,2893.56,1.07,0.43,1.37,0.93,2.31,0.73,13.14,0,187.31,3.23,0.36,0.24,71.47,26.07,429.75,106.07,17.49,49.99,33.77,61.93,16.92,20.91,24.1,39.24,8.83,20.69,9.67,26.4,31.78,68.22,12.79,87.21,2893.56,1.07,0.43,1.37,0.93,2.31,0.73,13.14,0,187.31,3.23,0.36,0.24,71.47,26.07,429.75,106.07,17.49,49.99,33.77,61.93,16.92,20.91,24.1,39.24,8.83,20.69,9.67,21.73,62.95,37.3,32.1,67.9,3032.19,0.6,0.3,1.09,1.68,3.28,0.92,0.39,0,207.53,5.9,0.37,0.41,145.1,53.66,452.08,118.76,28.56,50.13,30.11,64.15,24.29,20.5,19.37,38.4,9.91,17.71,10.74,27.61,30.76,70.05,8.62,91.38,2807.99,1.1,0.31,1.44,0.91,3.23,0.69,0.86,0,200.12,3.98,0.37,0.28,91.4,33.79,539.33,112.23,23.17,51.06,44.19,74.09,20.18,22.45,31.46,47.38,12.2,22.4,12.73,48.46,49.05,50.92,27.8,72.2,2924.28,0.73,0.41,1.03,1.38,2.43,0.97,1.03,0,205.25,6.3,0.37,0.32,97.81,35.86,500.97,108.87,29.18,50.51,40.96,73.26,23.77,19.2,30.28,49.37,14.22,24.48,10.67,47.88,35.16,65.03,17.91,82.09,2977.02,0.74,0.38,0.93,1.36,2.66,1.08,1.05,0,203.08,3.37,0.37,0.33,110.99,40.89,456.55,84.61,34.34,42.32,26.89,58.16,20.81,18.33,19.02,43.49,13.96,21.72,7.88,0.33,94.28,0,100,0,1568.04,0.69,0.69,0,1.46,1.46,0,0,0,175.32,15.26,0.34,0.78,693.66,237.99,750.08,225.22,180.18,41.26,13.73,115.98,89.14,18.46,8.39,165.38,115.41,24.2,5.35,0.3,97.59,0,100,0,1496.12,0.78,0.78,0,1.27,1.27,0,0,0,180.66,7.8,0.49,0.66,285.54,139.65,711.09,153.42,119.22,30.94,6.78,19.92,10.45,6.71,2.75,161.47,113.62,24.53,4.03,67.22,18.89,81.07,5.42,94.58,2618.44,1.19,0.34,1.39,0.84,2.92,0.72,2.1,0,190.3,2.73,0.38,0.31,83.88,31.51,435.38,124.09,25.03,36.76,34.6,52.54,11.58,16.21,24.75,37.85,7.43,20.58,9.85,69.4,14.11,85.81,3.99,96.01,2698.04,1.13,0.32,1.26,0.89,3.15,0.79,2.11,0,184.34,2.97,0.36,0.26,83.85,30.05,435.05,97.79,18.95,57.95,23.25,54.93,20.8,19.25,14.88,34.85,9.13,17.35,8.37,0.39,98.91,0,100,0,1456.7,0.62,0.62,0,1.6,1.6,0,0,0,174.81,16.41,0.39,0.69,536.95,207.86,860.21,229.06,202.39,41.82,15.78,144.39,110.84,22.38,11.17,162.49,114.33,24.45,4.61,0.38,99.31,0,100,0,1524.54,0.62,0.62,0,1.62,1.62,0,0,0,186.68,9.91,0.45,0.69,339.29,151.39,729.83,177.28,145.22,32.54,8.08,47.31,33.95,9.44,3.92,161.86,116.96,23.59,4.15,47.2,27.99,72,9.04,90.96,3245.46,1.54,0.5,1.94,0.65,2.02,0.51,2.35,0,177.3,2.12,0.35,0.16,47,16.63,358.68,104.21,7.66,49.24,26.6,52.86,11.41,22.03,19.42,27.66,6.86,13.59,7.18,48.57,36.79,62.9,20.63,79.37,3197.4,1.34,0.75,1.69,0.74,1.33,0.59,2.08,0,178.87,2.56,0.38,0.18,39.73,14.97,403.28,93.81,4.6,50.88,41.16,65.71,11.68,23.35,30.68,50.03,8.94,30.5,10.48,0.46,79.38,0,100,0,1777.82,0.53,0.53,0,1.88,1.88,0,0,0,176.32,17.42,0.41,0.72,581.7,238.7,787.73,214.88,188.56,40.2,12.41,115.77,90.7,17.33,7.73,135.74,88.24,19.82,4.68,0.22,103.2,0,100,0,1887.07,0.79,0.79,0,1.26,1.26,0,0,0,174.86,7.69,0.48,0.65,279.92,135.61,706.74,152.18,122.78,33.55,6.03,21.73,11.68,7.57,2.48,156.8,113.28,24.59,3.55,19.43,30.5,69.57,11.35,88.65,2808.37,1.06,0.39,1.35,0.94,2.54,0.74,0.58,0,156.81,2.27,0.34,0.13,34.04,11.53,462.82,118.83,15.28,56.27,32.71,64.87,18.61,25.13,21.13,41.78,7.37,22.79,11.58,22.66,37.19,62.73,14.16,85.84,2846.27,0.88,0.34,1.2,1.14,2.98,0.83,0.57,0,179.77,2.74,0.35,0.16,42.76,14.98,468.41,120.31,10,63.75,45.8,82.8,23.57,23.12,36.11,54.8,5.01,40.02,9.69,1394544406,110372470,63.36,5.01,7.91,350.68,1394544406,110372470,63.36,5.01,7.91,350.68,1394544406,110372470,63.36,5.01,7.91,350.68
24.56,23.79,76.24,9.72,90.28,2514.32,1.15,0.47,1.36,0.87,2.13,0.73,11.37,0,191.42,1.5,0.35,0.14,30.26,10.46,459.57,99.9,9.29,53.24,42.07,69.22,16.19,21.79,31.24,48.02,3.39,33.73,10.83,24.56,23.79,76.24,9.72,90.28,2514.32,1.15,0.47,1.36,0.87,2.13,0.73,11.37,0,191.42,1.5,0.35,0.14,30.26,10.46,459.57,99.9,9.29,53.24,42.07,69.22,16.19,21.79,31.24,48.02,3.39,33.73,10.83,24.56,23.79,76.24,9.72,90.28,2514.32,1.15,0.47,1.36,0.87,2.13,0.73,11.37,0,191.42,1.5,0.35,0.14,30.26,10.46,459.57,99.9,9.29,53.24,42.07,69.22,16.19,21.79,31.24,48.02,3.39,33.73,10.83,8.48,83.37,16.42,81.79,18.21,2741.72,0.75,0.74,0.83,1.33,1.35,1.2,0.17,0,206.65,11.64,0.4,0.7,509.85,205.04,706.36,81.02,15.42,40.04,30.38,53.2,10.72,23.53,18.95,100.2,11.18,77.05,11.44,12.02,45.17,55,16.31,83.69,2532.94,1.19,0.43,1.82,0.84,2.31,0.55,0.36,0,168.07,3.43,0.5,0.65,256.32,127.17,700.29,83.64,13.56,64.05,32.88,72.89,14.08,35.81,23,61.75,11.32,40.13,9.88,22.81,47.19,52.64,11.21,88.79,2478.32,1.32,0.31,2.23,0.76,3.18,0.45,0.75,0,196.79,2.46,0.36,0.35,92.98,33.92,494.96,140.58,21.18,62.9,50.41,90.49,23.95,25.99,40.55,69.53,6.99,52.68,9.86,24.17,41.74,58.53,13.87,86.13,2511.32,1.37,0.45,2.02,0.73,2.2,0.5,0.83,0,160.83,1.83,0.37,0.28,77.99,28.56,500.74,108.07,11.5,57.49,47.27,79.06,17.4,26.09,35.57,52.85,10.33,30.75,11.71,0.53,89.58,0,100,0,1403.63,0.54,0.54,0,1.85,1.85,0,0,0,171.13,7.2,0.4,0.74,540.09,214.09,754.5,217.51,176.45,37.67,11.21,66.42,49.25,11.18,5.99,163.69,113.64,22.7,5.22,0.39,96.18,0,100,0,1471.67,0.65,0.65,0,1.53,1.53,0,0,0,170.79,3.23,0.51,0.67,254.67,129.31,678.41,146.16,116.92,29.72,5.1,10.73,3.75,5.37,1.61,155.12,113.56,21.89,3.49,54.39,24.53,75.32,10.16,89.84,2461.74,0.94,0.39,1.12,1.06,2.57,0.89,1.26,0,194.62,1.39,0.36,0.1,19.37,6.93,448.81,110.48,6.67,42.19,46.84,62.86,8.86,18.21,35.79,43.7,3.15,29.53,11.05,86.65,30.4,69.66,12.03,87.97,2502.51,1.19,0.47,1.5,0.84,2.13,0.67,2.58,0,214.95,1.47,0.34,0.05,12.18,4.15,471.97,81.4,5.37,59.72,35.99,67.13,18.32,23.15,25.66,51.86,3.04,38.42,10.33,0.48,116.01,0,100,0,1314.93,0.49,0.49,0,2.05,2.05,0,0,0,170.61,12.45,0.4,0.7,464.69,183.7,745.65,243.11,199.54,42.34,12.16,142.88,114.95,20.42,7.5,155.27,103.62,21.5,4.65,0.53,98.61,0,100,0,1275.87,0.55,0.55,0,1.81,1.81,0,0,0,178.96,6.66,0.47,0.67,317.81,149.93,724.03,149.73,141.03,31.06,4.69,37.89,28.3,8.05,1.53,168.46,116.94,23.03,3.16,92.33,5.07,95.04,1.57,98.43,2542.97,1.19,0.37,1.23,0.84,2.7,0.81,2.8,0,189.84,1.22,0.35,0.09,20.08,7.12,436.34,143.21,8.08,50.32,64.83,87.71,17.64,17.05,53.02,37.29,0.41,25.04,11.81,89.17,15.18,84.81,7.5,92.5,2557.86,1.14,0.56,1.24,0.88,1.77,0.8,2.6,0,183.55,1.25,0.28,0.19,34.86,9.68,458.6,78.63,5.18,56.21,32.84,60.92,18.6,20.17,22.16,47.66,1.77,35.19,10.68,0.44,105.99,0,100,0,1373.84,0.57,0.57,0,1.77,1.77,0,0,0,170.32,7.25,0.38,0.73,575.73,220.35,726.22,239.41,167.41,37.42,15.41,103.71,77.29,15.6,10.82,163.19,107.91,23.01,4.59,0.36,98.15,0,100,0,1512.01,0.62,0.62,0,1.61,1.61,0,0,0,165.72,3.03,0.51,0.66,255.02,130.55,690.67,148.52,114.51,29.6,5.74,12.19,4.95,5.35,1.89,162.9,116.71,24.91,3.85,0.51,101.62,0,100,0,1361.46,0.51,0.51,0,1.95,1.95,0,0,0,168.42,9.22,0.47,0.66,401.5,187.22,780.03,271.39,215.11,40.66,15.16,144.22,114.85,18.78,10.59,129.76,101.5,21.37,4.57,0.29,100.11,0,100,0,1787.11,0.68,0.68,0,1.47,1.47,0,0,0,175.47,3.51,0.51,0.65,250.25,126.68,698.33,145.43,116.67,28.49,4.95,12.79,4.87,6.12,1.79,157.4,116.79,23.35,3.16,1150752316,56178219,60.75,2.97,4.88,292.5,1150752316,56178219,60.75,2.97,4.88,292.5,1150752316,56178219,60.75,2.97,4.88,292.5
31.01,34.41,65.48,16.57,83.43,3123.07,0.78,0.38,1,1.28,2.66,1,12.11,0,179.38,3.53,0.34,0.14,41.88,14.32,462.65,117.72,17.57,57.31,40.83,71.96,15.72,25.7,30.53,44.33,10.7,23.31,10.3,31.01,34.41,65.48,16.57,83.43,3123.07,0.78,0.38,1,1.28,2.66,1,12.11,0,179.38,3.53,0.34,0.14,41.88,14.32,462.65,117.72,17.57,57.31,40.83,71.96,15.72,25.7,30.53,44.33,10.7,23.31,10.3,31.01,34.41,65.48,16.57,83.43,3123.07,0.78,0.38,1,1.28,2.66,1,12.11,0,179.38,3.53,0.34,0.14,41.88,14.32,462.65,117.72,17.57,57.31,40.83,71.96,15.72,25.7,30.53,44.33,10.7,23.31,10.3,30.95,41.34,57.69,15.87,84.13,3332.62,0.85,0.32,1.22,1.18,3.11,0.82,0.86,0,177.35,4.35,0.32,0.32,123.78,39.79,563.76,115.66,12.6,99.46,24.97,89.39,20.54,52.29,16.56,46.38,13.81,24.17,8.41,27.98,37.12,62.84,18.38,81.62,3336.87,0.61,0.3,0.79,1.65,3.33,1.27,0.57,0,172.91,4.2,0.36,0.46,133.43,47.41,427.61,125.94,9.11,59.38,36.44,66.39,8.16,29.91,28.31,46.61,16.58,21.96,8.13,40.99,54.74,45.23,35.27,64.73,3261.73,0.54,0.35,0.77,1.87,2.9,1.3,0.72,0,183.36,4.93,0.36,0.42,175.04,62.36,481.12,152.91,14.29,81.38,55.13,106.76,21.57,41.15,44.04,42.35,6.86,24.41,11.09,39.48,41.1,59.06,22.92,77.08,3290.2,0.61,0.34,0.8,1.63,2.92,1.25,0.8,0,185.24,4.87,0.34,0.53,300.64,102.11,502.89,133.87,44.47,58.54,34.4,75.66,24.2,25.1,26.36,46.77,12.43,26.27,8.04,0.4,91.27,0,100,0,1534.25,0.63,0.63,0,1.59,1.59,0,0,0,174.07,3.19,0.35,0.5,206.11,72.67,462.51,96.29,235.03,50.14,15.45,210.72,170.34,28.79,11.59,164.42,112.27,26.69,3.87,0.3,95.53,0,100,0,1591.33,0.77,0.77,0,1.3,1.3,0,0,0,251.5,2.34,0.31,0.04,16.89,5.32,453.34,105.76,163.23,40,30.76,151.03,109.39,22.5,19.13,174.39,113.21,26.86,11.63,70.8,22.8,77.09,10.85,89.15,3004.87,0.87,0.41,1,1.15,2.43,1,1.84,0,154.62,2.47,0.34,0.07,21.01,7.21,480.42,91.71,19.71,46.28,41.99,64.93,14.53,20.17,30.23,49.33,12.21,25.29,11.76,63.66,17.69,82.12,5.69,94.31,2927.73,1.03,0.33,1.18,0.97,3.03,0.85,1.91,0,167.54,2.15,0.33,0.17,36.84,12.31,468.35,131.8,18.66,47.37,59.28,81.75,13.83,19.8,48.12,49.58,13.9,24.55,11.15,33.53,31.92,67.97,15.62,84.38,2875.1,0.9,0.44,1.11,1.11,2.28,0.9,0.86,0,191.01,4.66,0.34,0.04,13.79,4.66,453.65,96.01,187.29,43.05,19.09,143.58,109.08,22.16,12.33,37.42,7.79,22.92,6.76,36.31,28.96,70.92,13.71,86.29,2988.32,0.85,0.4,1.03,1.17,2.48,0.97,0.92,0,168.33,3.81,0.31,0.12,51.24,15.93,446.3,98.17,162.51,37.17,42.58,92.19,50.92,12.14,29.13,42.5,9.4,19.66,13.45,57.24,33.6,66.56,17.66,82.34,3208.99,0.83,0.44,1.03,1.2,2.28,0.97,1.54,0,189.3,2.94,0.33,0.2,56.48,18.8,443.05,135.98,17.15,63.62,28.25,67.05,19.98,26.08,20.99,39.52,9.37,22.82,7.27,60.82,25.61,74.41,13.43,86.57,3234.06,0.81,0.42,0.94,1.24,2.36,1.06,1.59,0,182.65,3.66,0.36,0.07,21.28,7.65,462.24,121.51,12.12,52.92,34.87,61.91,13.25,24.2,24.46,48.07,13.14,24.53,10.41,0.36,91.08,0,100,0,1690.88,0.64,0.64,0,1.55,1.55,0,0,0,173.29,9.07,0.31,0.06,16.72,5.19,419.26,113.9,167.9,39.91,49.68,123.29,70.59,15.13,37.58,176.67,118.47,25.46,12.1,0.28,100.26,0,100,0,1713.71,0.75,0.75,0,1.34,1.34,0,0,0,180.5,5.61,0.35,0.09,18.69,6.56,568.42,112.6,119.96,34.75,46.49,56.74,13.81,7.67,35.26,164.18,109.98,26.6,11.23,17.03,62.16,37.7,38.67,61.33,3208.36,0.61,0.38,0.99,1.65,2.65,1.01,0.33,0,185.87,4.55,0.39,0.4,157.94,61.25,446.73,116.87,14.59,47.38,25.61,49.91,13.41,19.55,16.95,43.62,11.25,23.64,8.66,16.47,76.29,23.45,77.26,22.74,3005.2,0.35,0.36,0.34,2.83,2.8,2.92,0.17,0,171.58,4.54,0.38,0.11,13.32,5.04,442.45,119,16.61,104.25,46.31,105.26,17.05,53.75,34.45,37.95,6.28,19.83,11.86,1467199591,135760229,46.29,4.28,9.25,370.69,1467199591,135760229,46.29,4.28,9.25,370.69,1467199591,135760229,46.29,4.28,9.25,370.69
26.04,28.12,71.84,12.01,87.99,2609.3,1.06,0.45,1.3,0.94,2.21,0.77,11.5,0,209.04,1.76,0.34,0.13,33.3,11.42,452.17,126.14,8.1,63.47,35.64,70.48,16.73,28.28,25.47,40.85,5.97,24.68,10.18,26.04,28.12,71.84,12.01,87.99,2609.3,1.06,0.45,1.3,0.94,2.21,0.77,11.5,0,209.04,1.76,0.34,0.13,33.3,11.42,452.17,126.14,8.1,63.47,35.64,70.48,16.73,28.28,25.47,40.85,5.97,24.68,10.18,26.04,28.12,71.84,12.01,87.99,2609.3,1.06,0.45,1.3,0.94,2.21,0.77,11.5,0,209.04,1.76,0.34,0.13,33.3,11.42,452.17,126.14,8.1,63.47,35.64,70.48,16.73,28.28,25.47,40.85,5.97,24.68,10.18,50.17,27.57,72.44,7.75,92.25,2598.48,0.99,0.28,1.26,1.01,3.58,0.79,1.29,0,209.35,2.12,0.35,0.15,49.22,17.06,463.56,133.05,22.19,54.97,31.46,64.31,25.05,18.75,20.5,46.25,8.34,26.92,10.95,44.92,36.84,63.24,19.41,80.59,2559.53,0.82,0.43,1.05,1.22,2.31,0.95,0.94,0,246.26,1.63,0.34,0.14,45,15.13,404.86,144.68,9.5,74.53,32.42,75.46,11.76,40.15,23.56,40.5,4.81,26.75,8.87,50.95,19.8,80.25,11.16,88.84,2543.12,0.89,0.5,0.98,1.13,2,1.02,1.15,0,212.01,1.44,0.35,0.23,64.72,22.73,527.33,130.91,5.11,64.81,48.42,83.7,16.22,29.11,38.38,36.56,6.77,19.82,10.04,53.58,19.76,80.21,11.31,88.69,2593.24,1.11,0.63,1.22,0.9,1.58,0.82,1.54,0,189.83,1.55,0.38,0.18,45.37,17.1,465.48,160.91,7.2,87.01,37.25,88.34,18.27,42.27,27.8,54.97,8.51,36.94,9.46,0.52,116.71,0,100,0,1485.24,0.44,0.44,0,2.29,2.29,0,0,0,172.27,15.48,0.46,0.69,409.65,187.3,774.04,229.59,161.03,35.18,15.09,79.14,54.66,14.69,9.79,153.52,117.18,23.27,5.29,0.41,104.8,0,100,0,1390.84,0.63,0.63,0,1.58,1.58,0,0,0,176.54,3.47,0.5,0.65,251.94,125.65,691.11,166.36,112.57,29.24,7.37,10.33,1.38,5.44,3.51,169.15,120.15,23.82,3.86,45.95,22.3,77.59,6.9,93.1,2562.88,1.48,0.46,1.77,0.68,2.19,0.56,1.74,0,241.53,1.55,0.35,0.06,14.96,5.3,449.05,114.69,7.67,54.53,32.32,60.99,13.85,24.35,22.78,36,3.02,23.49,9.54,55.53,17.88,82.11,6.43,93.57,2605.96,1.27,0.46,1.44,0.79,2.19,0.69,1.83,0,183.18,1.43,0.31,0.09,28.89,8.93,441.24,120.25,7.34,86.19,31.4,83.75,33.47,29.84,20.43,36.94,1.93,24.1,10.96,0.48,110.2,0,100,0,1499.39,0.49,0.49,0,2.03,2.03,0,0,0,172.92,17.3,0.37,0.68,535.48,197.54,764.76,230.1,168.46,36.91,14.36,103.83,79.33,15.04,9.46,159.98,124.3,23.69,4.9,0.33,96.2,0,100,0,1652.87,0.69,0.69,0,1.44,1.44,0,0,0,178.31,4.67,0.51,0.65,252.95,129.58,702.13,172.91,139.59,31.36,7.35,39.86,27.54,8.46,3.86,159.6,114.84,23.29,3.49,45.6,50.56,49.19,25.14,74.86,2803.89,0.97,0.48,1.47,1.04,2.09,0.68,1.23,0,203.15,3.69,0.29,0.12,28.23,8.18,453.91,97.1,10.25,47.1,34.1,57.51,15.27,18.87,23.36,41.55,9.14,21.56,10.74,32.81,22.23,77.74,9.69,90.31,2636.43,1.02,0.45,1.19,0.98,2.24,0.84,0.89,0,102.7,2.16,0.35,0.09,19.98,6.94,414.29,118.15,3.5,39.12,33.12,48.15,5.94,19.87,22.34,45.82,9.39,25.56,10.78,0.58,89.74,0,100,0,1699.34,0.44,0.44,0,2.25,2.25,0,0,0,172.46,14.38,0.41,0.72,557.07,228.7,777.47,233.77,244.34,49.05,15.95,211.33,173.94,26.14,11.25,152.59,124.93,22.35,4.7,0.33,98.35,0,100,0,1715.7,0.67,0.67,0,1.5,1.5,0,0,0,175.17,3.6,0.51,0.64,252.32,128.84,674.71,154.84,115.75,29.99,6.55,13.48,5,5.51,2.97,158.67,113.1,24.32,3.57,22.31,28.7,71.28,13.24,86.76,2723.96,1.11,0.51,1.35,0.9,1.95,0.74,0.67,0,273.08,2.1,0.37,0.26,50.23,18.55,462.87,225.04,183.19,39.18,15.14,145.79,113.98,20.86,10.96,28.24,4.6,19.38,4.18,12.74,51.09,48.46,24.84,75.16,2588.12,0.63,0.3,0.97,1.59,3.28,1.03,0.21,0,222.71,1.46,0.37,0.43,123.9,45.97,564.74,172.91,114.89,26.86,8.08,15.24,5.79,5.15,4.31,41.57,13.27,24.5,3.78,1354312125,74843352,67.89,3.75,5.53,312.79,1354312125,74843352,67.89,3.75,5.53,312.79,1354312125,74843352,67.89,3.75,5.53,312.79
29.28,29.53,70.45,13.61,86.39,2744.18,1.04,0.48,1.27,0.96,2.09,0.78,13.36,0,203.65,2.76,0.35,0.16,45.59,15.95,450.77,120.51,13.49,39.92,30.44,50.54,13.3,15.43,21.81,40.21,8.69,22.86,8.63,29.28,29.53,70.45,13.61,86.39,2744.18,1.04,0.48,1.27,0.96,2.09,0.78,13.36,0,203.65,2.76,0.35,0.16,45.59,15.95,450.77,120.51,13.49,39.92,30.44,50.54,13.3,15.43,21.81,40.21,8.69,22.86,8.63,29.28,29.53,70.45,13.61,86.39,2744.18,1.04,0.48,1.27,0.96,2.09,0.78,13.36,0,203.65,2.76,0.35,0.16,45.59,15.95,450.77,120.51,13.49,39.92,30.44,50.54,13.3,15.43,21.81,40.21,8.69,22.86,8.63,41.72,49.72,50.25,21.95,78.05,2631.59,0.73,0.32,1.14,1.36,3.09,0.88,0.8,0,185.76,2.57,0.35,0.25,72.22,25.31,490.59,171.62,19.76,39.4,24.15,47.63,18.61,13.48,15.54,35.38,8.34,18.37,8.61,38.46,33.87,66.72,18.7,81.3,2749.78,0.89,0.5,1.1,1.12,2.01,0.91,0.95,0,255.77,2.11,0.36,0.15,41.95,14.89,453.95,100.87,18.13,43.1,32.06,56.08,15.63,17.27,23.18,44.72,16.97,18.79,8.88,50.72,34.08,65.76,18.17,81.83,2984.9,1.09,0.58,1.35,0.92,1.73,0.74,1.64,0,237.57,3.26,0.35,0.22,62.63,21.75,422.36,126.47,21.04,52.5,36.76,68,23.84,17.27,26.88,38.57,4.57,24.1,9.88,42.36,30.07,69.75,13.61,86.39,2835.85,0.9,0.41,1.11,1.11,2.46,0.9,1.08,0,204.85,2.83,0.34,0.25,72.58,24.98,455.57,113.12,16.79,38.98,32.28,53.48,13.57,16.07,23.84,49.18,8.04,32.71,8.45,0.4,132.12,0,100,0,1328.74,0.51,0.51,0,1.97,1.97,0,0,0,170.03,11.13,0.4,0.71,527.59,213.57,784.53,190.46,157.46,36.79,11.44,104.21,80.75,17.15,6.31,159.35,117.88,23.85,5.14,0.35,96.83,0,100,0,1404.05,0.7,0.7,0,1.43,1.43,0,0,0,170.46,3.15,0.5,0.65,257.4,128.63,679.36,147.63,115.65,28.41,5.26,7.97,1.28,4.96,1.73,161.36,115.9,24.03,3.53,52.35,20.69,79.19,8.06,91.94,2557.05,1.01,0.39,1.17,0.99,2.55,0.86,1.35,0,224.93,2.77,0.35,0.12,32.01,11.28,448.41,108.79,11.62,43.21,30.92,51.32,14.22,14.97,22.13,38.57,4.96,24.77,8.79,55.41,18.2,81.75,13.86,86.14,2577.61,0.89,0.68,0.94,1.12,1.47,1.06,1.27,0,144.16,2.59,0.33,0.16,37.21,12.18,481.82,127.77,10.33,39.75,21.68,41.99,11.02,16.95,14.02,42.81,17.82,17.32,7.66,13.93,19.36,80.71,7.83,92.17,2422.19,1.23,0.5,1.4,0.82,2.02,0.71,0.41,0,172.13,13.64,0.44,0.71,532.05,236.41,737.49,227.93,6.94,32.05,17.64,32.35,6.68,12.98,12.7,31.14,3.83,22.36,4.94,18.65,4.21,95.76,1.14,98.86,2465.98,1.6,0.44,1.65,0.62,2.3,0.6,0.74,0,172.07,5.69,0.45,0.68,346.92,157.53,704.52,155.49,9.76,34.5,5.23,23.99,10.41,11.44,2.15,29.33,4.16,22.08,3.09,46.39,34.15,65.66,13.16,86.84,2814.41,1.37,0.53,1.81,0.73,1.89,0.55,1.79,0,214.83,2.66,0.35,0.08,23.34,8.15,410.55,123.49,9.11,36.82,39.38,55.49,10.14,15.16,30.19,37.93,10.74,17.94,9.19,47.66,25.17,74.75,10.66,89.34,2920.91,1.02,0.43,1.22,0.98,2.31,0.82,1.42,0,217.87,2.99,0.36,0.13,43.4,15.51,456.7,111.28,11.45,42.84,26.14,49.31,11.89,18.1,19.32,43.02,4.6,31.54,6.82,0.49,95.8,0,100,0,1281.7,0.6,0.6,0,1.68,1.68,0,0,0,170.69,13.15,0.44,0.69,424.23,186.75,750.51,215.87,145.73,34,14.17,104.06,75.79,18.97,9.3,125.59,126.04,20.8,4.87,0.31,100.68,0,100,0,1518.18,0.74,0.74,0,1.34,1.34,0,0,0,165.85,3.02,0.52,0.66,255.32,131.93,682.52,148.1,117,28.91,5.96,7.94,1.44,4.42,2.08,171.78,117.41,25.55,3.88,31.92,29.19,70.89,9.66,90.34,2859.78,1.15,0.38,1.46,0.87,2.64,0.68,1.05,0,175.89,1.7,0.38,0.67,466.37,177.29,403.26,105.92,12.08,28.18,43.31,50.13,8.27,10.75,31.1,72.53,24.31,35.98,12.21,26.69,38.97,60.95,22.8,77.2,2886.5,1.06,0.62,1.34,0.95,1.62,0.75,0.81,0,213.8,5.89,0.38,0.66,350.79,132.66,541.08,138.8,11.37,36.43,28.61,43.75,11.41,13.81,18.53,34.88,6.17,18.6,10.07,1512347174,112635853,67.2,5.01,7.45,340.63,1512347174,112635853,67.2,5.01,7.45,340.63,1512347174,112635853,67.2,5.01,7.45,340.63
20.6,18.22,81.83,5.95,94.05,2706.03,1.17,0.38,1.34,0.86,2.62,0.74,10.43,0,182.43,2.42,0.35,0.11,26.22,9.16,453.97,108.1,5.46,54.04,48.63,73.31,17.46,19.67,36.17,44.39,3.26,28.58,12.46,20.6,18.22,81.83,5.95,94.05,2706.03,1.17,0.38,1.34,0.86,2.62,0.74,10.43,0,182.43,2.42,0.35,0.11,26.22,9.16,453.97,108.1,5.46,54.04,48.63,73.31,17.46,19.67,36.17,44.39,3.26,28.58,12.46,20.6,18.22,81.83,5.95,94.05,2706.03,1.17,0.38,1.34,0.86,2.62,0.74,10.43,0,182.43,2.42,0.35,0.11,26.22,9.16,453.97,108.1,5.46,54.04,48.63,73.31,17.46,19.67,36.17,44.39,3.26,28.58,12.46,2.17,84.07,19,97.89,2.11,1741.7,0.67,0.8,0.08,1.5,1.25,13.1,0.03,0,228.28,4.91,0.34,0.25,99.14,33.29,475.05,209.08,179.7,35.27,11.91,116.66,92.29,16.47,7.9,128.54,97.59,20.02,4.02,0.22,96.2,0,100,0,2003.88,0.79,0.79,0,1.26,1.26,0,0,0,243.47,5.2,0.3,0.04,10.15,3.09,459.42,146.47,114.07,26.95,5.18,8.24,1.77,4.79,1.68,156.65,114.81,23.46,3.51,40.85,27.53,72.47,7.93,92.07,2641.82,1.12,0.32,1.43,0.89,3.09,0.7,1.21,0,165.78,3.19,0.36,0.28,57.44,20.6,496.6,120.25,17.69,45.92,51.19,72.77,15.32,19.12,38.33,97.95,48.92,34.88,12.87,34.38,44.68,55.38,24.01,75.99,2637.78,0.76,0.41,1.04,1.32,2.46,0.96,0.69,0,176.63,3.41,0.33,0.11,27.16,8.97,436.85,137.02,18.03,76.7,59.29,107.47,38.4,21.74,47.34,45.49,8.1,25.3,11.96,0.4,104.65,0,100,0,1287.28,0.63,0.63,0,1.6,1.6,0,0,0,170.05,7.74,0.42,0.73,462.09,191.83,728.45,188.1,156.09,36.63,11.22,84.78,62.17,16.34,6.27,173.14,106.23,24.19,4.95,0.31,92.61,0,100,0,1487.11,0.73,0.73,0,1.37,1.37,0,0,0,173.3,3.17,0.51,0.65,253.31,128.53,682.52,146.22,115.2,26.64,5.2,7.38,1.34,4.47,1.56,162.35,114.42,24.36,3.63,79.07,13.46,86.54,3.69,96.31,2751.6,1.23,0.34,1.37,0.81,2.97,0.73,2.67,0,168.62,2.29,0.35,0.08,22.87,8.07,376.21,124.57,4.95,56.19,59.17,84.89,18.75,19.87,46.27,40.13,1.48,25.74,12.9,88.69,5.1,94.88,1.73,98.27,2772.09,1.11,0.38,1.15,0.9,2.65,0.87,2.74,0,193.94,2.39,0.35,0.07,11.85,4.18,509.96,92.68,3.22,52.12,43.22,66.85,15.11,19.84,31.9,44.2,1.04,31.83,11.32,0.32,130.2,0,100,0,1550.35,0.53,0.53,0,1.88,1.88,0,0,0,170.69,7.62,0.46,0.63,397.23,182.91,754.42,214.02,142.23,31.44,10.86,60.14,43.61,10.44,6.08,162.45,109.82,23.01,4.78,0.35,100.12,0,100,0,1605.15,0.63,0.63,0,1.58,1.58,0,0,0,172.52,4.25,0.51,0.67,248.39,125.71,714.15,144.84,114.14,28.09,4.7,7.34,0.78,4.99,1.57,163.99,116.93,24.58,3.12,37.36,26.09,74.03,7.41,92.59,2725.76,1.3,0.37,1.63,0.77,2.7,0.61,1.33,0,225.83,1.92,0.35,0.11,27.75,9.81,534.97,86.84,1.58,52.21,39.05,60.16,14.94,19.92,25.3,41.87,2.91,25.26,13.75,45.09,13.51,86.53,3.49,96.51,2712.64,1.44,0.37,1.61,0.69,2.68,0.62,1.77,0,145.58,1.53,0.32,0.07,16.31,5.24,412.93,88.39,4.42,55.38,37.86,62.83,18.35,19.07,25.41,45.7,2.83,30.44,12.45,0.41,121.6,0,100,0,1354.4,0.5,0.5,0,2.01,2.01,0,0,0,170.71,7.21,0.46,0.68,340.69,158.33,778.86,204.86,144.67,36.19,10.04,95.76,74.31,15.68,5.76,137.7,102.24,22.89,4.27,0.29,103.6,0,100,0,1554.51,0.73,0.73,0,1.37,1.37,0,0,0,168.88,3.13,0.5,0.67,247.24,124.23,685.65,153.86,113.31,27.05,5.74,8.26,1.87,4.2,2.2,150.87,110.9,23.2,3.54,0.36,94.58,0,100,0,1460.14,0.67,0.67,0,1.5,1.5,0,0,0,167.13,11.08,0.48,0.64,357.78,171.86,752.7,238.49,155.14,34.57,13.96,86.69,64.31,13.28,9.1,163.31,97.75,23.24,4.85,0.24,99.33,0,100,0,1730.11,0.78,0.78,0,1.28,1.28,0,0,0,170.52,5.15,0.5,0.65,251.67,126.98,682.91,147.14,125.36,28.12,5.04,17.71,10.21,5.84,1.66,159.84,115.41,24.22,3.38,997538682,52929744,58.49,3.1,5.31,285.82,997538682,52929744,58.49,3.1,5.31,285.82,997538682,52929744,58.49,3.1,5.31,285.82
14.85,12.66,87.32,4.2,95.8,2479.18,1.21,0.4,1.32,0.83,2.5,0.76,7.1,0,152.31,1.11,0.4,0.16,31.79,12.73,452.96,111.87,5.58,56.87,49.77,76.28,19.11,19.96,37.21,44.52,3.62,28.25,12.56,14.85,12.66,87.32,4.2,95.8,2479.18,1.21,0.4,1.32,0.83,2.5,0.76,7.1,0,152.31,1.11,0.4,0.16,31.79,12.73,452.96,111.87,5.58,56.87,49.77,76.28,19.11,19.96,37.21,44.52,3.62,28.25,12.56,14.85,12.66,87.32,4.2,95.8,2479.18,1.21,0.4,1.32,0.83,2.5,0.76,7.1,0,152.31,1.11,0.4,0.16,31.79,12.73,452.96,111.87,5.58,56.87,49.77,76.28,19.11,19.96,37.21,44.52,3.62,28.25,12.56,0.97,101.28,0,100,0,1309.63,0.5,0.5,0,1.99,1.99,0,0.01,0,199.56,10.23,0.36,0.51,209.37,75.94,567.79,193.37,185.68,34.39,11.19,125.67,101.22,17.02,7.43,125.51,95.29,18.48,3.76,0.25,99.25,0,100,0,1737.67,0.78,0.78,0,1.28,1.28,0,0,0,164.45,3.17,0.48,0.65,276.81,132.95,693.17,146.17,116.51,29.18,5.05,9.46,2.3,5.48,1.68,154.47,113.94,22.73,3.37,7.56,36.09,64.59,20.03,79.97,2169.2,0.67,0.38,0.84,1.49,2.66,1.19,0.11,0,170.89,7.36,0.37,0.43,116.46,43.01,597.88,146.97,42.75,72.7,53.06,97.33,35.3,20.26,41.77,77.75,26.59,38.82,11.29,7.13,76.97,22.99,69.55,30.45,1954.77,0.49,0.44,0.64,2.06,2.28,1.55,0.07,0,192.51,13.72,0.33,0.3,112.99,37.32,616.43,92.31,8.47,66.8,39.22,74.36,26.86,21.23,26.26,79.75,34.19,31.64,12.96,0.42,95.09,0,100,0,1277.62,0.67,0.67,0,1.5,1.5,0,0,0,171.02,7.29,0.42,0.68,395.55,165.63,758.93,215.51,177.84,39.88,11.16,119.88,96.17,17.86,5.86,169.58,104.64,23.62,5.3,0.28,98.03,0,100,0,1526.43,0.8,0.8,0,1.25,1.25,0,0,0,170.57,3.3,0.49,0.67,269.33,131.06,692.68,144.13,117.47,29.26,5.03,9.43,2.21,5.53,1.69,163.34,114.76,24.74,3.34,47.23,21.25,78.53,8.03,91.97,2453.89,1.01,0.38,1.17,0.99,2.64,0.85,1.16,0,164.89,1.96,0.34,0.17,28.71,9.73,451.49,84.73,13.85,38.94,41.07,54.88,13.4,13.82,27.65,38.6,3.27,21.92,13.41,52.33,10.63,89.44,3.39,96.61,2497.77,1.18,0.38,1.28,0.85,2.66,0.78,1.54,0,217.18,1.8,0.21,0.08,16.08,3.42,455.11,133.77,14.2,64.92,61.73,97.99,27.97,20.68,49.34,45.9,3.59,29.89,12.39,0.34,89.29,0,100,0,1506.66,0.73,0.73,0,1.37,1.37,0,0,0,170.41,9.18,0.46,0.68,363.32,165.66,754.86,233.79,155.52,34.34,11.5,60.28,45.19,8.56,6.53,179.31,116.18,24.81,4.97,0.27,98.84,0,100,0,1582.94,0.81,0.81,0,1.23,1.23,0,0,0,175.87,5.82,0.45,0.67,328.39,148.8,699.19,155.42,116.27,29.29,5.28,9.25,1.55,5.52,2.18,162.9,114.48,23.36,3.1,51.92,5.25,94.67,1.63,98.37,2586.59,1.12,0.35,1.16,0.89,2.87,0.86,1.51,0,109.86,0.7,0.46,0.19,35.5,16.44,478.37,118.95,1.09,62.62,54.25,83.55,21.2,21.09,41.27,44.34,0.65,30.71,12.99,67.47,3.94,96.05,0.83,99.17,2552.7,1.55,0.33,1.6,0.64,3.06,0.62,2.67,0,163.61,0.85,0.47,0.12,25.21,11.91,421.2,99.84,0.83,51.39,42.57,64.78,13.78,20.02,30.98,44.67,3.33,29.75,11.59,0.41,107.83,0,100,0,1250.5,0.61,0.61,0,1.63,1.63,0,0,0,170.01,7.17,0.46,0.67,363.46,168.43,730.43,234.65,175.33,35.02,10.57,70.02,52.93,11.09,6,162.8,112.08,21.71,4.57,0.31,94.21,0,100,0,1451.42,0.78,0.78,0,1.28,1.28,0,0,0,177.2,3.3,0.48,0.67,275.78,133,688.27,147.82,116.66,29.51,5.13,8.64,1.93,4.98,1.73,165.05,115.62,25.34,3.4,0.4,118.35,0,100,0,1276.56,0.56,0.56,0,1.78,1.78,0,0,0,170.19,8.65,0.47,0.71,445.84,209.46,750.96,232.25,159.89,34.06,11.04,70.17,52.46,11.1,6.61,165.04,106.27,23.63,4.43,0.28,98.03,0,100,0,1497.81,0.81,0.81,0,1.24,1.24,0,0,0,178.39,3.29,0.48,0.66,269.82,129.63,685.1,146.11,121.24,29.41,4.83,16.7,8.37,6.7,1.63,162.64,114.22,24.91,3.2,810340807,37445138,71.87,3.32,4.62,264.5,810340807,37445138,71.87,3.32,4.62,264.5,810340807,37445138,71.87,3.32,4.62,264.5
16.16,17.05,83.04,6.95,93.05,2495.39,1.15,0.47,1.29,0.87,2.13,0.77,7.44,0,154.89,1.26,0.36,0.08,17.43,6.32,449.03,112.97,6.7,55.79,51.1,77.25,18.73,20.12,38.4,46.18,3.24,30.15,12.7,16.16,17.05,83.04,6.95,93.05,2495.39,1.15,0.47,1.29,0.87,2.13,0.77,7.44,0,154.89,1.26,0.36,0.08,17.43,6.32,449.03,112.97,6.7,55.79,51.1,77.25,18.73,20.12,38.4,46.18,3.24,30.15,12.7,16.16,17.05,83.04,6.95,93.05,2495.39,1.15,0.47,1.29,0.87,2.13,0.77,7.44,0,154.89,1.26,0.36,0.08,17.43,6.32,449.03,112.97,6.7,55.79,51.1,77.25,18.73,20.12,38.4,46.18,3.24,30.15,12.7,1.81,102.9,0,100,0,1324.25,0.35,0.35,0,2.88,2.88,0,0.01,0,205.49,15.03,0.43,0.71,429.51,183.59,704.56,146.98,66.33,46.21,31.71,63.16,30.39,10.1,22.67,145.52,108.33,20.35,9.03,0.24,97.89,0,100,0,1829.59,0.79,0.79,0,1.27,1.27,0,0,0,170.66,9.25,0.48,0.65,291.39,138.63,689.78,147.66,115.58,28.67,5.54,8.35,1.19,5.25,1.92,165.56,117.24,24.39,3.62,14.02,30.3,70.34,10.14,89.86,2334.77,0.85,0.29,1.09,1.18,3.51,0.92,0.28,0,213.78,5.79,0.36,0.42,77.14,27.72,569.94,188.53,124.3,52.4,14.48,81.44,54.6,18.16,8.68,66.49,26.87,33.77,5.8,14.48,52.71,47.77,29.28,70.72,2124.83,0.68,0.38,1.02,1.46,2.62,0.98,0.21,0,91.66,5.22,0.34,0.27,74.79,25.44,409.24,178.97,97.5,44.2,15.53,74.48,49.31,15.09,10.08,38.04,11.58,21.04,5.46,0.37,94.82,0,100,0,1474.57,0.67,0.67,0,1.49,1.49,0,0,0,175.45,8.03,0.47,0.68,346.34,161.78,729.01,184.06,152.52,35.2,9.29,101.12,79.51,17.47,4.15,147.47,104.98,22.4,5.14,0.28,101.11,0,100,0,1595.79,0.77,0.77,0,1.3,1.3,0,0,0,175.98,3.65,0.51,0.65,253.69,128.5,688.76,146.99,114.28,26.64,5.42,6.79,0.89,4.27,1.62,161.29,114.9,23.58,3.8,64.73,14.52,85.46,4.84,95.16,2549.27,1.24,0.41,1.38,0.81,2.43,0.73,2.04,0,206.14,1.99,0.36,0.12,26.48,9.58,416,85.3,5.78,64.85,37.83,70.83,24.97,20.86,24.99,38.36,1.86,23.62,12.83,67.11,11.5,88.51,4.87,95.13,2536.61,1.31,0.56,1.41,0.76,1.8,0.71,2.24,0,132.39,1.14,0.35,0.06,16.14,5.71,489.85,132.32,5.72,45.92,61.43,79.66,11.86,19.42,48.38,54.51,1.45,40.02,13.05,0.4,101.28,0,100,0,1640.05,0.53,0.53,0,1.9,1.9,0,0,0,170.25,10.75,0.43,0.68,385.16,164.41,727.56,197.42,166,33.67,10.67,70.17,53.25,11.14,5.77,174.91,119.07,23.87,4.9,0.3,105.27,0,100,0,1629.37,0.67,0.67,0,1.49,1.49,0,0,0,172.28,4.48,0.47,0.67,311.09,145.73,686.98,186.34,118.22,28.51,7.55,10.27,1.44,4.93,3.9,163.31,117.23,23.58,3.65,50.54,10.38,89.56,4.64,95.36,2561.19,1.09,0.49,1.16,0.92,2.05,0.86,1.41,0,179.78,1.01,0.35,0.03,6.52,2.28,467.96,121.33,3.28,55.08,56.73,80.89,16.64,20.13,44.12,35.85,1.34,21.88,12.61,43.31,18.06,82.05,9.35,90.65,2558.32,1.11,0.58,1.23,0.9,1.73,0.81,1.23,0,103.53,0.66,0.35,0.04,6.78,2.35,428.01,110.2,6.55,58.38,52.52,80.8,20.58,20.57,39.65,46.69,1.53,32.27,12.87,0.4,117.08,0,100,0,1257.68,0.57,0.57,0,1.74,1.74,0,0,0,170.89,13.23,0.43,0.67,388.12,165.96,727.8,179.36,149.14,32.7,7.59,59.53,44.98,11.16,3.39,156.74,110.02,22.34,4.2,0.27,100.6,0,100,0,1601.41,0.76,0.76,0,1.32,1.32,0,0,0,165.69,3.2,0.51,0.65,253.04,129.84,687.66,149.47,112.09,29.12,6.01,7.17,0.9,4.64,1.63,159.57,115.12,24.28,4.38,0.36,107.95,0,100,0,1436.61,0.62,0.62,0,1.61,1.61,0,0,0,169.97,11.11,0.47,0.68,345.65,161.06,840.62,205.47,143.65,33.43,7.66,46.85,35.8,7.47,3.58,171.25,111.17,23.64,4.07,0.21,104.01,0,100,0,1997.99,0.74,0.74,0,1.36,1.36,0,0,0,165.68,3.13,0.51,0.64,252.27,128.67,678.93,145.9,115.69,27.71,5.07,6.75,0.49,4.7,1.56,170.53,119.61,23.99,3.52,815529775,36580851,69.94,3.14,4.49,260.21,815529775,36580851,69.94,3.14,4.49,260.21,815529775,36580851,69.94,3.14,4.49,260.21
15.54,16.78,83.12,5.55,94.45,2525.05,1.23,0.41,1.4,0.81,2.45,0.71,7.74,0,155.77,1.26,0.36,0.11,25.27,9.06,453.36,112.71,4.87,56.55,51.28,77.14,18.6,20.37,38.18,46.3,2.89,30.2,13.1,15.54,16.78,83.12,5.55,94.45,2525.05,1.23,0.41,1.4,0.81,2.45,0.71,7.74,0,155.77,1.26,0.36,0.11,25.27,9.06,453.36,112.71,4.87,56.55,51.28,77.14,18.6,20.37,38.18,46.3,2.89,30.2,13.1,15.54,16.78,83.12,5.55,94.45,2525.05,1.23,0.41,1.4,0.81,2.45,0.71,7.74,0,155.77,1.26,0.36,0.11,25.27,9.06,453.36,112.71,4.87,56.55,51.28,77.14,18.6,20.37,38.18,46.3,2.89,30.2,13.1,0.89,102.01,0,100,0,1297.9,0.54,0.54,0,1.86,1.86,0,0.01,0,196.75,11.03,0.41,0.7,489.9,199.14,732.23,208.02,153.94,30.55,11.33,89.04,68.64,13.01,7.39,78.59,37.39,36.19,3.94,0.27,101.32,0,100,0,1663.53,0.74,0.74,0,1.35,1.35,0,0,0,172.89,4.25,0.5,0.66,263.94,130.91,698.22,152.71,116.24,26.94,5.09,9.3,1.97,4.86,2.47,165.02,115.71,23.26,2.62,29.84,19.71,80.13,7.66,92.34,2468.09,0.98,0.38,1.13,1.02,2.63,0.89,0.72,0,160.19,1.38,0.37,0.26,68.03,25.49,440.76,122.41,108.13,44.31,46.83,90.65,41.28,14.23,35.13,46.5,8.42,26.34,11.69,26.53,32.04,68.37,12.17,87.83,2528.88,0.96,0.37,1.24,1.04,2.73,0.81,0.65,0,205.5,1.89,0.35,0.37,110.28,38.37,489.59,116.94,16.1,37.91,45.13,63.71,11.6,17.83,34.28,63.12,21.22,30.71,10.85,0.43,90.87,0,100,0,1284.55,0.67,0.67,0,1.48,1.48,0,0,0,173.84,11.82,0.39,0.74,544.54,214.22,741.21,220.52,144.14,33.31,16.07,65.85,42.69,12.23,10.93,165.16,117.48,23.18,5.14,0.28,93.96,0,100,0,1554.96,0.81,0.81,0,1.23,1.23,0,0,0,167.35,3.52,0.5,0.65,266.16,133.52,686.12,148.23,113.56,27.06,4.94,7.41,1.26,4.16,2,155.9,113.46,23.17,2.94,57.05,16.07,83.78,4.5,95.5,2583.3,1.29,0.36,1.47,0.78,2.77,0.68,1.9,0,226.1,1.8,0.35,0.11,22.13,7.76,382.33,117.6,5.16,75.83,55.12,94.12,30.17,21.83,42.12,41.71,0.36,28.36,13,62.06,8.88,90.91,3.52,96.48,2579.9,1.29,0.51,1.36,0.78,1.97,0.73,2.05,0,64.55,1.37,0.34,0.04,7.9,2.72,540.23,122.05,3.3,53.68,58.42,83.49,17.31,20.48,45.7,48.86,0.26,35.89,12.72,0.38,94.32,0,100,0,1359.69,0.7,0.7,0,1.42,1.42,0,0,0,170.04,9.04,0.4,0.71,455.99,181.09,728.11,194.06,143.73,32.42,14.51,54.69,36,8.88,9.8,171.51,113.15,24.52,4.71,0.26,95.32,0,100,0,1680.28,0.8,0.8,0,1.25,1.25,0,0,0,174.03,6.77,0.49,0.67,265.97,129.41,728.03,160.69,131.68,28.27,5.87,26.06,17.76,5.85,2.45,161.61,117.51,23.53,3.42,33.29,13.76,86.01,3.12,96.88,2497.5,1.49,0.34,1.68,0.67,2.96,0.6,1.24,0,75.07,0.47,0.36,0.11,26.92,9.6,422.16,86.04,1.77,52.49,38.45,59.54,14.97,19.97,24.59,40.2,6.45,19.68,13.85,35.88,16.05,83.91,5.5,94.5,2533,1.26,0.43,1.42,0.79,2.32,0.7,1.14,0,198.95,1.24,0.34,0.05,13.59,4.69,517.95,109.71,2.39,49.74,51.29,69.73,13.17,20.09,36.47,50.27,13.4,21.5,14.83,0.41,105.47,0,100,0,1225.24,0.64,0.64,0,1.55,1.55,0,0,0,172.8,11.42,0.39,0.71,470.02,182.02,725.93,186.59,141.82,30.69,10,37.86,25.17,7.11,5.58,184.33,114.01,24.48,4.42,0.29,100.06,0,100,0,1481.82,0.77,0.77,0,1.3,1.3,0,0,0,170.13,3.21,0.5,0.65,260.12,128.83,690.72,161.18,120.82,28.89,7.11,17.8,9.82,5.27,2.71,157.03,112.52,22.51,4.4,0.38,107.75,0,100,0,1269.43,0.66,0.66,0,1.52,1.52,0,0,0,170.02,7.1,0.38,0.73,506.14,192.3,761.44,242.19,164.37,35.25,13.78,77.5,57.02,11.22,9.26,167.95,132.82,24.8,4.53,0.35,95.75,0,100,0,1350.13,0.72,0.72,0,1.39,1.39,0,0,0,175.18,3.35,0.5,0.66,263.42,131.55,671.23,147.82,114.6,26.63,5.22,7,0.75,4.19,2.06,150.78,113.58,21.23,3.15,847744035,38646007,77.2,3.52,4.56,263.14,847744035,38646007,77.2,3.52,4.56,263.14,847744035,38646007,77.2,3.52,4.56,263.14
20.12,34.65,65.27,17.18,82.82,2514.7,1.06,0.53,1.34,0.94,1.9,0.74,8.57,0,161.59,1.77,0.36,0.09,20.91,7.53,461.19,108.82,9.92,44.68,46.93,62.13,12.83,14.56,34.73,43.83,5.05,26.51,12.2,20.12,34.65,65.27,17.18,82.82,2514.7,1.06,0.53,1.34,0.94,1.9,0.74,8.57,0,161.59,1.77,0.36,0.09,20.91,7.53,461.19,108.82,9.92,44.68,46.93,62.13,12.83,14.56,34.73,43.83,5.05,26.51,12.2,20.12,34.65,65.27,17.18,82.82,2514.7,1.06,0.53,1.34,0.94,1.9,0.74,8.57,0,161.59,1.77,0.36,0.09,20.91,7.53,461.19,108.82,9.92,44.68,46.93,62.13,12.83,14.56,34.73,43.83,5.05,26.51,12.2,15.82,59.61,40.42,34.85,65.15,2321.58,0.84,0.49,1.36,1.19,2.03,0.74,0.31,0,190.09,6.91,0.36,0.35,152.67,55.16,459.47,159.1,4.65,44.39,8.04,31.33,8.36,19.74,3.23,27.39,1.48,21.07,4.81,14.07,46.64,53.3,18.46,81.54,2326.29,1.08,0.43,1.65,0.93,2.35,0.61,0.35,0,198.93,11.98,0.36,0.47,286.04,101.63,465.75,76.65,12.47,81.58,34.79,75.44,32.63,21.77,21.04,39.88,4.57,21.44,13.75,45.1,21.5,78.48,10.13,89.87,2530.19,1.06,0.5,1.21,0.94,2,0.82,1.21,0,213.92,2.43,0.36,0.17,41.4,15.11,419.74,107.17,9.23,48.46,44.78,63.75,15.47,16.35,31.94,46.51,2.16,31.47,12.85,45.4,24.28,75.7,11.45,88.55,2583.6,0.84,0.4,0.99,1.19,2.52,1.01,0.99,0,88.34,2.26,0.36,0.1,29.49,10.64,511.09,160.08,8.47,46.74,67.73,84.03,14.18,14.61,55.24,62.59,14.73,35.35,12.49,0.53,99.07,0,100,0,1561.86,0.46,0.46,0,2.19,2.19,0,0,0,170.11,14.19,0.43,0.72,467.69,201.79,763.86,215.43,153.7,35.1,14.39,75.08,52.62,13.42,9.04,168.67,119.93,24.43,5.35,0.38,99.86,0,100,0,1540.01,0.61,0.61,0,1.63,1.63,0,0,0,170.71,3.27,0.5,0.65,247.12,124.63,671.11,146.7,112.9,27.52,5.67,6.9,0.65,4.35,1.9,172.48,118.15,25.64,3.77,61.28,39.08,60.78,24.37,75.63,2543.47,0.91,0.57,1.14,1.09,1.76,0.88,1.42,0,159.91,1.37,0.32,0.02,5.58,1.81,393.24,103.3,14.88,36.54,47.14,55.24,8.65,12.02,34.57,37.48,0.79,24.14,12.56,52.46,31.24,68.47,16.69,83.31,2517.01,1.03,0.55,1.25,0.97,1.83,0.8,1.35,0,156.15,1.17,0.36,0.05,7,2.49,548.14,120.49,13.23,38.95,46.44,57.58,10.29,10.84,36.45,53.79,7.15,36.66,9.99,0.48,101.9,0,100,0,1384.63,0.54,0.54,0,1.85,1.85,0,0,0,171.18,7.22,0.38,0.73,485,185.21,741.35,207.64,165.06,36.18,12.2,117.65,91.83,18.28,7.54,135.18,105.98,22.75,4.66,0.46,101.54,0,100,0,1429.37,0.56,0.56,0,1.8,1.8,0,0,0,176.44,4.44,0.45,0.68,337.3,151.35,697.71,146.67,122.63,27.68,5.73,17.77,10.65,5.43,1.69,163.65,115.84,24.6,4.04,42.34,28.58,71.22,10.33,89.67,2588.07,1.51,0.54,1.89,0.66,1.84,0.53,1.65,0,177.77,2.72,0.36,0.23,43.54,15.82,420.59,88.17,6.62,50.5,38.99,57.92,16.13,15.45,26.34,47.05,12.22,22.12,12.65,42.02,48.9,51.35,23.24,76.76,2525.46,1.19,0.57,1.78,0.84,1.77,0.56,1.26,0,165,1.86,0.34,0.07,19.61,6.62,502.49,137.96,7.69,39.57,61.91,73.39,9.82,13.92,49.64,38.2,4.25,21.47,12.27,0.54,84.82,0,100,0,1378.19,0.56,0.56,0,1.77,1.77,0,0,0,170.16,12.64,0.44,0.72,411.95,179.97,744.06,180.57,146.66,31.98,10.1,42.55,28.43,8.13,5.99,125.4,97.8,20.65,4.11,0.33,97.91,0,100,0,1563.51,0.65,0.65,0,1.55,1.55,0,0,0,163.3,3.36,0.52,0.65,247.36,128.35,685.76,147.27,115.96,29.37,5.51,7.07,0.93,4.5,1.64,170.93,117.32,25.68,3.87,0.46,104.54,0,100,0,1274.23,0.58,0.58,0,1.73,1.73,0,0,0,170.67,11.2,0.4,0.73,557.2,220.95,750.79,204.97,147.22,33.51,7.06,57.57,43.2,11.3,3.07,136,88.17,21.53,3.98,0.26,101.78,0,100,0,1864.65,0.68,0.68,0,1.47,1.47,0,0,0,168.31,3.27,0.51,0.65,251.7,127.42,682.64,144.54,127.14,29.72,4.53,17.37,9.75,6.01,1.61,164.65,115.45,23.31,2.92,887648234,50751141,65.46,3.74,5.72,271.12,887648234,50751141,65.46,3.74,5.72,271.12,887648234,50751141,65.46,3.74,5.72,271.12
15.74,13.95,86.07,4.16,95.84,2410.6,1.28,0.38,1.43,0.78,2.61,0.7,7.8,0,158.23,1.3,0.35,0.12,29.58,10.44,448.9,113.18,5.45,53.42,51.13,74.63,16.97,19.74,37.92,45.13,3.66,28.16,13.21,15.74,13.95,86.07,4.16,95.84,2410.6,1.28,0.38,1.43,0.78,2.61,0.7,7.8,0,158.23,1.3,0.35,0.12,29.58,10.44,448.9,113.18,5.45,53.42,51.13,74.63,16.97,19.74,37.92,45.13,3.66,28.16,13.21,15.74,13.95,86.07,4.16,95.84,2410.6,1.28,0.38,1.43,0.78,2.61,0.7,7.8,0,158.23,1.3,0.35,0.12,29.58,10.44,448.9,113.18,5.45,53.42,51.13,74.63,16.97,19.74,37.92,45.13,3.66,28.16,13.21,10.71,48.42,53.01,10.85,89.15,2354.53,1.6,0.36,2.74,0.62,2.74,0.37,0.41,0,205.31,18.61,0.35,0.15,45.94,15.91,579.71,172.44,6.81,39.75,44.6,63.19,9.59,18.78,34.82,143.24,108.49,21.08,9.77,7.98,19.36,80.41,3.96,96.04,2205.42,1.56,0.32,1.86,0.64,3.13,0.54,0.27,0,181.77,18.18,0.36,0.16,49.71,17.69,685.4,78.84,23.7,80.99,34.73,83.32,40.49,21.76,21.07,174.7,114.18,24.82,13.66,10.36,82.15,17.99,56.63,43.37,2041.19,0.47,0.33,1.14,2.11,3.06,0.87,0.1,0,150.21,2.02,0.35,0.27,78.09,27,413.66,117.25,9.96,40.07,48.78,63,8.95,18.93,35.13,64.22,10.82,39.79,13.66,14.4,17.24,82.67,3.17,96.83,2310.24,1.78,0.33,2.09,0.56,3.04,0.48,0.59,0,68.46,2.46,0.35,0.12,35.21,12.44,451.97,87.68,7.85,40.03,34.57,48.94,7.61,18.92,22.41,51.06,9.89,29.14,12.16,0.41,111.49,0,100,0,1266.6,0.57,0.57,0,1.75,1.75,0,0,0,170.28,11.01,0.45,0.74,497.24,225.12,800.6,203.47,143.21,34.16,11.52,51.8,36.63,8.81,6.36,172.71,122.48,25,5.16,0.28,99.01,0,100,0,1540.43,0.73,0.73,0,1.38,1.38,0,0,0,169.07,3.25,0.47,0.66,287.97,135.75,706.16,145.32,114.33,28.09,5.22,7.13,0.93,4.42,1.77,165.11,117,24.28,3.45,85.29,4.43,95.54,1.52,98.48,2493.99,1.07,0.37,1.1,0.93,2.72,0.91,2.28,0,73.74,1.06,0.34,0.09,21.39,7.33,492.71,108.69,9.93,49.2,50.67,72.29,17.34,17.24,37.7,37.72,3.38,21.35,12.97,69.11,3.77,96.13,1.39,98.61,2487.52,1.09,0.4,1.12,0.92,2.48,0.89,1.87,0,228.3,1.41,0.35,0.07,8.18,2.88,465.16,138.41,8.25,66.48,64.51,98.61,26.49,20.7,51.42,52.12,2.78,36.28,13.09,0.42,107.13,0,100,0,1221.85,0.61,0.61,0,1.64,1.64,0,0,0,170.21,7.73,0.41,0.72,441.52,182.8,776.45,210.09,198.81,39.89,9.36,91.65,74.84,11.88,4.93,169.09,122.73,24.46,4.43,0.35,95.97,0,100,0,1336.75,0.69,0.69,0,1.45,1.45,0,0,0,171.32,4.44,0.44,0.68,372.71,164.14,723.52,154.91,130.73,30.41,5.53,27.03,18.22,6.64,2.17,158.12,117.16,23.71,3.36,31.14,19.16,80.92,4.62,95.38,2448.98,1.81,0.44,2.14,0.55,2.28,0.47,1.38,0,110.28,0.9,0.35,0.13,35.58,12.51,419.94,90.47,2.12,50.1,42.44,62,13.53,20.03,28.43,43.39,1.51,27.82,14,20.2,25.38,74.27,5,95,2243.48,1.91,0.38,2.44,0.52,2.66,0.41,0.86,0,180.24,1.27,0.35,0.13,38.75,13.65,412.57,126.03,1.53,55.22,53.84,78.28,16.58,20.48,41.22,45.27,2.73,29.82,12.62,0.42,125.62,0,100,0,1225.33,0.51,0.51,0,1.96,1.96,0,0,0,171.53,8.91,0.43,0.73,419.2,181.06,759.67,213.41,155.59,35.3,11.3,76.33,57.06,12.47,6.8,175.18,122.75,25.56,4.5,0.26,110.06,0,100,0,1760.6,0.63,0.63,0,1.6,1.6,0,0,0,174.04,3.38,0.5,0.65,253.76,128.08,691.26,144.79,116.12,29.24,4.33,7.73,1.2,4.98,1.55,156.81,112.07,25.5,2.78,0.42,99.64,0,100,0,1455.9,0.55,0.55,0,1.83,1.83,0,0,0,171.5,8.92,0.47,0.67,343.74,161.85,787.73,183.12,170.79,37.23,8.12,97.49,76.73,16.72,4.04,169.56,122.37,26.17,4.07,0.24,86,0,100,0,1989.24,0.78,0.78,0,1.28,1.28,0,0,0,173.23,3.35,0.51,0.64,250.61,128.41,694.97,145.96,114.11,26.28,4.92,6.62,1.01,4,1.61,158.31,113.21,24.66,3.31,870650332,41166908,76.79,3.63,4.73,264.84,870650332,41166908,76.79,3.63,4.73,264.84,870650332,41166908,76.79,3.63,4.73,264.84
15.81,19.75,80.31,8.08,91.92,2678.55,1.12,0.46,1.28,0.89,2.19,0.78,7.58,0,156.72,1.14,0.36,0.08,17.77,6.37,456.03,112.03,6.79,55.21,51.02,76.12,18.05,19.81,38.26,44.79,3.13,28.81,12.76,15.81,19.75,80.31,8.08,91.92,2678.55,1.12,0.46,1.28,0.89,2.19,0.78,7.58,0,156.72,1.14,0.36,0.08,17.77,6.37,456.03,112.03,6.79,55.21,51.02,76.12,18.05,19.81,38.26,44.79,3.13,28.81,12.76,15.81,19.75,80.31,8.08,91.92,2678.55,1.12,0.46,1.28,0.89,2.19,0.78,7.58,0,156.72,1.14,0.36,0.08,17.77,6.37,456.03,112.03,6.79,55.21,51.02,76.12,18.05,19.81,38.26,44.79,3.13,28.81,12.76,0.73,122.87,0,100,0,1460.26,0.46,0.46,0,2.17,2.17,0,0.01,0,191.91,9.56,0.39,0.7,470.56,184.55,694.73,137.69,61.51,46.39,29.16,53.71,23.21,9.04,21.45,133.73,104.84,19.61,7.71,0.25,100.96,0,100,0,1685.78,0.78,0.78,0,1.28,1.28,0,0,0,175.19,3.32,0.51,0.64,254.84,129.78,713.25,146.57,114.57,28.34,5.36,8.23,1.4,4.96,1.86,159.41,112.2,23.67,3.51,12.38,49.33,51.01,25.63,74.37,2787.9,0.69,0.36,1.01,1.45,2.78,0.99,0.24,0,68.48,2.29,0.35,0.19,36.65,12.89,404.26,128.22,13.82,56.4,59.42,81.73,19.49,18.84,43.4,68.73,17.32,35.81,16.02,22.02,12.19,87.83,5.55,94.45,2715.9,0.97,0.44,1.05,1.03,2.25,0.95,0.58,0,196.43,6.66,0.36,0.3,103.58,36.93,418.21,176.74,9.09,68.21,16.71,61.77,29.84,21.49,10.45,42.41,12.87,22.91,6.26,0.42,111.43,0,100,0,1202.76,0.61,0.61,0,1.65,1.65,0,0,0,179.32,8.63,0.42,0.68,428.08,177.83,781.31,207.05,142.64,33.14,11.95,42.63,28.62,7.68,6.33,167.63,105.21,22.03,5.62,0.28,97.04,0,100,0,1686.57,0.74,0.74,0,1.36,1.36,0,0,0,174.66,3.42,0.5,0.65,253.75,128.02,676.74,142.1,114.2,28.51,5.01,7.43,0.82,5.05,1.56,168.77,116.76,24.58,3.44,49.64,37.15,62.78,21.66,78.34,2695.61,1,0.58,1.25,1,1.72,0.8,1.34,0,206.16,1.46,0.34,0.08,12.92,4.4,461.45,115.74,11.27,49.19,49.04,71.63,15.84,19.24,36.55,49.1,2.92,33.67,12.48,50.28,16.09,83.73,4.01,95.99,2682.76,1.28,0.32,1.47,0.78,3.13,0.68,1.73,0,89.33,0.6,0.34,0.04,7.04,2.37,496.82,131.44,13.24,61.9,58.35,91.12,24.88,19.61,46.62,35.04,1.65,21.65,11.73,0.4,108.3,0,100,0,1235.51,0.63,0.63,0,1.6,1.6,0,0,0,168.63,7.19,0.37,0.73,521.48,191.69,752.64,186.08,142.5,31.32,10.59,39.41,26.84,6.38,6.2,170.29,115.99,22.66,4.39,0.38,103.71,0,100,0,1257.03,0.7,0.7,0,1.44,1.44,0,0,0,175.68,3.19,0.46,0.67,323.76,148.28,713.92,176.5,123.82,28.68,7.01,18.58,9.44,5.92,3.23,164.19,115.99,24.16,3.78,57.5,9.41,90.63,2.56,97.44,2710.46,1.3,0.35,1.4,0.77,2.82,0.71,2.03,0,148.23,0.92,0.38,0.1,26.79,10.06,440.41,107.34,3.79,52.54,51.21,73.13,15.21,19.59,38.32,42.92,2.69,27.33,12.89,57.21,11.55,88.47,4.44,95.56,2678.34,1.06,0.41,1.14,0.94,2.46,0.87,1.62,0,176.24,1.17,0.35,0.07,20.39,7.07,422.33,104.07,2.03,57.01,49.33,74.65,17.78,20.63,36.24,46.8,1.73,31.93,13.09,0.4,109.11,0,100,0,1233.72,0.63,0.63,0,1.6,1.6,0,0,0,170.68,7.2,0.45,0.7,383.84,172.86,735.39,186.2,142.58,32.22,11.8,55.23,38.4,9.39,7.44,176.51,122.51,24.36,4.36,0.31,100.04,0,100,0,1436.24,0.72,0.72,0,1.39,1.39,0,0,0,177.08,3.22,0.51,0.65,249.82,127.44,691.22,150.01,120.25,28.97,5.06,16.53,9.36,5.37,1.8,158.82,115.19,23.47,3.26,0.41,119.19,0,100,0,1219.83,0.55,0.55,0,1.81,1.81,0,0,0,174.67,6.99,0.51,0.64,358.37,181.86,749.78,200.87,155.04,36.62,14.05,119.13,91.09,18.55,9.49,171.18,119.06,24.16,4.56,0.28,99.85,0,100,0,1481.91,0.81,0.81,0,1.24,1.24,0,0,0,174.83,3.23,0.5,0.64,249.97,125.69,685.22,146.25,119.01,27.53,4.41,7.11,1.11,4.43,1.56,159.16,115.53,23.7,2.85,844374790,39065616,71.4,3.3,4.63,260.98,844374790,39065616,71.4,3.3,4.63,260.98,844374790,39065616,71.4,3.3,4.63,260.98
17.88,30.1,69.89,16.16,83.84,2595.56,1.2,0.64,1.44,0.83,1.55,0.69,8.91,0,165.6,1.23,0.37,0.1,20.66,7.66,447.39,113.96,5.08,55.92,51.36,77.44,18.11,20.45,38.88,45.42,3.1,29.74,12.48,17.88,30.1,69.89,16.16,83.84,2595.56,1.2,0.64,1.44,0.83,1.55,0.69,8.91,0,165.6,1.23,0.37,0.1,20.66,7.66,447.39,113.96,5.08,55.92,51.36,77.44,18.11,20.45,38.88,45.42,3.1,29.74,12.48,17.88,30.1,69.89,16.16,83.84,2595.56,1.2,0.64,1.44,0.83,1.55,0.69,8.91,0,165.6,1.23,0.37,0.1,20.66,7.66,447.39,113.96,5.08,55.92,51.36,77.44,18.11,20.45,38.88,45.42,3.1,29.74,12.48,0.77,114.39,0,100,0,1495.36,0.49,0.49,0,2.04,2.04,0,0.01,0,190.28,10.54,0.42,0.69,386.36,164.17,712.55,216.68,173.86,33.85,12.76,111.13,86.1,16.36,8.68,80.45,41.3,34.27,4.08,0.24,102.66,0,100,0,1865.85,0.73,0.73,0,1.37,1.37,0,0,0,163.9,3.3,0.5,0.64,260.15,130.52,680.57,148.93,116.84,28.29,5.58,8.57,1.87,4.87,1.82,160.35,113.48,24.55,3.75,25.5,34.59,65.3,16.18,83.82,2559.06,0.86,0.4,1.1,1.17,2.5,0.91,0.56,0,79.35,2.13,0.37,0.38,94.46,35.21,633.22,126.94,99.22,47.44,42.1,87.8,41.99,14.2,31.61,105.5,40.28,50.47,10.49,43.38,20.44,79.44,7.75,92.25,2614.45,1.14,0.43,1.32,0.88,2.32,0.76,1.29,0,71.55,1.42,0.36,0.08,24.61,8.76,460.65,102.91,58.72,68.88,41.57,97.44,47.23,21.02,29.19,63.33,5.04,45.23,12.38,0.28,112.01,0,100,0,1748.75,0.63,0.63,0,1.59,1.59,0,0,0,170.19,7.71,0.46,0.67,338.29,154.08,727.65,199.26,157.66,36.84,11.92,68.31,50.9,10.91,6.5,160.78,93.52,24.01,5.41,0.25,107.28,0,100,0,1681.04,0.76,0.76,0,1.31,1.31,0,0,0,170.13,3.19,0.51,0.65,250.43,128.52,686.74,145.89,113.36,27.51,5.71,7.34,1.17,4.34,1.83,160.79,113.07,25.22,3.88,49.19,19.72,80.44,4.43,95.57,2551.8,1.52,0.34,1.81,0.66,2.91,0.55,1.92,0,130.07,0.68,0.37,0.23,30.37,11.26,405.53,103.01,4.53,48.24,48.99,68.24,12.35,19.58,36.31,45.46,7.96,24.87,12.68,65.53,48.54,51.23,44.85,55.15,2914.01,1,0.92,1.07,1,1.08,0.93,1.91,0,189.45,1.32,0.32,0.05,11.93,3.88,452.45,124,3.65,48.09,58.44,78.28,11.99,19.66,46.63,39.38,3.14,24.42,11.81,0.35,104.76,0,100,0,1405.76,0.67,0.67,0,1.49,1.49,0,0,0,169.84,7.26,0.49,0.68,338.07,165.95,728.74,185.71,213.78,36.59,11.03,85.33,68.25,11.09,5.99,140.38,89.91,23.87,5.04,0.41,98.3,0,100,0,1390.15,0.62,0.62,0,1.61,1.61,0,0,0,173.95,4.82,0.51,0.65,250.04,128.61,688.2,154.59,134.6,29.53,5.66,29.18,19.45,7.46,2.28,154.39,112.04,24.24,3.38,52.92,20.79,79.26,7.29,92.71,2457.09,1.41,0.5,1.65,0.71,2.02,0.61,1.84,0,211,1.81,0.39,0.05,11.19,4.38,416.62,118.44,1.81,54.74,54.18,77.26,16.66,20.78,39.83,47.61,1.68,31.58,14.35,46.25,24.49,75.46,10.21,89.79,2435.98,1.22,0.51,1.45,0.82,1.97,0.69,1.37,0,189.73,1.16,0.35,0.08,15.25,5.37,462.87,127.03,1.99,73.9,52.88,93.08,29.58,22.24,41.27,44.1,1.32,31.14,11.61,0.37,105.24,0,100,0,1391.71,0.63,0.63,0,1.6,1.6,0,0,0,170.04,10,0.45,0.67,341.61,154.87,728.75,189.41,170.91,35.93,12.86,88.39,68.58,11.5,8.31,149.66,93.97,22.65,4.54,0.3,99.09,0,100,0,1467.01,0.72,0.72,0,1.38,1.38,0,0,0,170.47,3.35,0.5,0.66,246.29,124.27,688.93,147.67,121.37,28.83,5.64,17.27,9.64,5.81,1.82,159.31,111.99,25.08,3.82,0.38,103.35,0,100,0,1652.89,0.52,0.52,0,1.93,1.93,0,0,0,169.7,10.34,0.46,0.65,341.13,158.25,728.45,259,155.96,34.99,16.42,92.87,65.46,15.8,11.61,168.13,106.22,24.74,4.81,0.24,117.38,0,100,0,1584.52,0.74,0.74,0,1.36,1.36,0,0,0,172.95,3.25,0.5,0.66,249.41,124.76,686.5,147.81,113.88,27.29,5.03,7.75,1.06,4.99,1.71,168.89,117.7,25.05,3.32,851060994,37505155,62.98,2.78,4.41,263.55,851060994,37505155,62.98,2.78,4.41,263.55,851060994,37505155,62.98,2.78,4.41,263.55
14.78,13.3,86.74,4.34,95.66,2427.7,1.19,0.39,1.32,0.84,2.56,0.76,6.86,0,162.05,1.17,0.36,0.08,17.3,6.18,451,110.43,5.69,55.65,50.15,76.06,18.21,20.27,37.59,44.82,2.9,29.26,12.56,14.78,13.3,86.74,4.34,95.66,2427.7,1.19,0.39,1.32,0.84,2.56,0.76,6.86,0,162.05,1.17,0.36,0.08,17.3,6.18,451,110.43,5.69,55.65,50.15,76.06,18.21,20.27,37.59,44.82,2.9,29.26,12.56,14.78,13.3,86.74,4.34,95.66,2427.7,1.19,0.39,1.32,0.84,2.56,0.76,6.86,0,162.05,1.17,0.36,0.08,17.3,6.18,451,110.43,5.69,55.65,50.15,76.06,18.21,20.27,37.59,44.82,2.9,29.26,12.56,2.07,83.69,20.47,97.41,2.59,1732.39,0.56,0.68,0.07,1.78,1.47,13.48,0.02,0,182.42,4.89,0.45,0.7,403.31,180.11,721.33,201.13,147.16,31.14,10.18,65.49,48.76,10.75,5.99,143.34,104.51,21.4,4.19,0.28,101.7,0,100,0,1607.02,0.72,0.72,0,1.38,1.38,0,0,0,157.7,3.16,0.51,0.64,258.78,130.82,703.26,147.62,113.87,27.35,5.24,8.09,1.54,4.74,1.81,175.46,117.82,25.05,3.44,19.39,11.64,88.18,4.69,95.31,2415.46,0.92,0.37,0.99,1.09,2.71,1.01,0.43,0,59.07,1.91,0.35,0.11,25.71,9.07,575.69,120.23,48.17,67.17,24.98,76.38,41.5,19.3,15.58,65.19,19.39,36.12,9.41,12.45,27.07,73.35,9.38,90.62,2361.98,1.05,0.36,1.3,0.96,2.75,0.77,0.31,0,215.51,2.57,0.35,0.32,44.71,15.85,386.22,139.89,8.48,52.03,53.14,79.85,17.15,19.52,43.18,61.36,8.61,42.58,9.96,0.31,124.09,0,100,0,1454.63,0.61,0.61,0,1.64,1.64,0,0,0,170.78,7.23,0.46,0.68,349.07,160.45,765,211.01,147.8,35.47,11.21,55.61,39.18,10.58,5.85,153.47,103.08,22.37,5.36,0.27,106.96,0,100,0,1483,0.75,0.75,0,1.34,1.34,0,0,0,170.57,3.19,0.51,0.64,253.36,128.01,686.63,143.62,113.68,26.91,5.02,6.51,1.08,3.8,1.63,162.5,114.67,23.89,3.39,20.26,48.9,51.35,13.75,86.25,2266.16,1.18,0.33,1.99,0.85,3,0.5,0.54,0,142.82,1.01,0.36,0.11,22.74,8.24,428.61,153.87,5.63,43.16,44.12,65.84,10.17,19.38,36.3,42.42,7.77,26.78,7.82,19.81,46.5,52.75,21.67,78.33,2293.82,0.73,0.34,1.08,1.36,2.94,0.92,0.33,0,208.16,1.36,0.32,0.04,10.06,3.26,481.58,87.68,4.56,62.52,40.12,70.18,22.44,20.69,27.05,43.01,2.17,27.78,13.07,0.36,97.82,0,100,0,1375.08,0.7,0.7,0,1.43,1.43,0,0,0,170.44,7.14,0.42,0.68,387.55,161.77,753.68,216.2,174.17,33.71,9.68,70.77,54.67,11.55,4.55,171.95,95.76,22.85,5.13,0.27,101.84,0,100,0,1779.34,0.7,0.7,0,1.43,1.43,0,0,0,172.99,5.5,0.5,0.65,252.29,127.05,709.65,156.94,114.85,27.79,5.83,8.16,1.33,4.67,2.16,162.6,116.79,23.2,3.67,80.84,2.42,97.49,0.76,99.24,2493.32,1.28,0.4,1.3,0.78,2.49,0.77,2.57,0,133.92,0.85,0.36,0.08,14.47,5.19,450.28,131.78,4.51,62.13,62.1,92.77,22.19,20.81,49.77,40.39,0.71,27.34,12.32,78.43,3.65,96.5,1.25,98.75,2506.81,1.33,0.45,1.36,0.75,2.2,0.73,2.62,0,138.79,0.97,0.33,0.04,9.01,2.95,459.75,104.78,2.44,55.7,50.39,74.76,16.85,20.65,37.26,45.82,0.88,31.8,13.13,0.45,98.54,0,100,0,1238.99,0.61,0.61,0,1.63,1.63,0,0,0,170.65,7.17,0.42,0.68,392.06,162.88,726.32,227.51,143.54,32.33,8.77,42.1,30.73,7.19,4.18,172.08,109.84,24.63,4.59,0.37,101.65,0,100,0,1258,0.7,0.7,0,1.43,1.43,0,0,0,167.9,3.2,0.51,0.65,248.62,126.35,693.91,149.35,114.78,29.32,5.88,7.47,0.69,5.08,1.7,170.85,115.54,25.63,4.18,0.43,104.42,0,100,0,1229.41,0.61,0.61,0,1.64,1.64,0,0,0,170.78,7.62,0.46,0.64,352.13,163.03,729.01,198.94,160.6,36.51,8.83,108.98,86.48,18.05,4.45,176.15,119.56,24.82,4.37,0.32,98.56,0,100,0,1432.11,0.71,0.71,0,1.42,1.42,0,0,0,174.56,3.18,0.51,0.65,249.78,127.05,684.96,147.19,115.6,27.67,4.97,7.31,0.92,4.63,1.77,164.76,117.03,24.61,3.2,856510423,37585189,71.77,3.15,4.39,263.63,856510423,37585189,71.77,3.15,4.39,263.63,856510423,37585189,71.77,3.15,4.39,263.63
21.44,12.72,87.32,5.27,94.73,3162.97,1.02,0.42,1.1,0.98,2.37,0.91,11.03,0,168.45,1.13,0.36,0.08,15.81,5.76,450.41,111.57,5.74,46.42,50.88,66.5,14.06,15.31,37.13,44.02,2.89,27.32,13.75,21.44,12.72,87.32,5.27,94.73,3162.97,1.02,0.42,1.1,0.98,2.37,0.91,11.03,0,168.45,1.13,0.36,0.08,15.81,5.76,450.41,111.57,5.74,46.42,50.88,66.5,14.06,15.31,37.13,44.02,2.89,27.32,13.75,21.44,12.72,87.32,5.27,94.73,3162.97,1.02,0.42,1.1,0.98,2.37,0.91,11.03,0,168.45,1.13,0.36,0.08,15.81,5.76,450.41,111.57,5.74,46.42,50.88,66.5,14.06,15.31,37.13,44.02,2.89,27.32,13.75,0.89,109.28,0,100,0,1305.32,0.51,0.51,0,1.96,1.96,0,0.01,0,195.64,10.47,0.38,0.52,215.6,82.14,569.41,175.32,146.35,30.73,9.15,72.88,56.11,11.21,5.56,139.7,105.23,20.02,3.59,0.31,99.76,0,100,0,1549.97,0.75,0.75,0,1.34,1.34,0,0,0,168.72,3.66,0.5,0.65,256.33,128.05,717.14,145.81,115.95,28.35,4.9,9.2,2.01,5.39,1.8,154.81,114.12,21.26,3.1,43.99,12.21,87.7,3.59,96.41,3123.47,1.06,0.31,1.16,0.94,3.21,0.86,1.46,0,81.73,2.78,0.34,0.18,36.1,12.27,502.56,122.85,13.53,48.48,46.43,65.77,16.4,15.04,34.33,57.03,4.88,39.92,12.1,29.25,31.75,68.37,13.92,86.08,3246.86,0.79,0.35,1,1.26,2.88,1,0.75,0,141.8,4.74,0.37,0.23,31.88,11.68,437.54,95.14,9.53,45.1,37.8,53.52,16.27,12.25,25.01,38.08,4.17,20.91,12.8,0.41,99.24,0,100,0,1446.88,0.58,0.58,0,1.71,1.71,0,0,0,170.22,7.23,0.37,0.72,527.05,196.63,750.92,230.29,142.85,34.74,13.4,64.67,44.72,11.81,8.15,168.57,113.76,23.79,5.26,0.3,96.29,0,100,0,1664.1,0.71,0.71,0,1.4,1.4,0,0,0,167.21,3.22,0.51,0.64,252.7,130.04,709.19,148.2,116.14,28.73,5.25,7.9,1.13,5.16,1.61,162.39,115.57,24.27,3.64,83.4,7.83,92.16,2,98,3034.4,1.15,0.29,1.23,0.87,3.39,0.81,2.92,0,219.39,1.27,0.38,0.07,16.03,6.02,421.53,115.02,9.97,28.92,48.87,53.44,7.26,9.81,36.36,52.04,5.24,34.3,12.51,80.67,10.48,89.76,5.75,94.25,3092.39,1,0.55,1.05,1,1.82,0.95,2.5,0,86.52,0.37,0.37,0.09,12.11,4.48,508.81,110.48,8.38,41.22,50.88,61.41,11.32,13.57,36.51,48.26,2.17,31.75,14.37,0.46,110.7,0,100,0,1315.59,0.53,0.53,0,1.88,1.88,0,0,0,170.7,9.17,0.48,0.68,360.52,172.51,785.69,188.46,166.6,34.34,11.72,49.77,34.69,8.21,6.88,132.8,115.36,22.52,4.85,0.37,96.83,0,100,0,1542.55,0.66,0.66,0,1.51,1.51,0,0,0,183.11,5.79,0.5,0.64,249.74,125.46,712.45,189.19,133.07,30.37,7.63,29.25,18.1,7.23,3.93,167.82,116.83,23.83,3.71,52.69,9.18,90.81,4.22,95.78,3380.43,0.94,0.43,0.99,1.07,2.33,1.01,1.67,0,188.99,1.08,0.35,0.03,7.94,2.76,421.07,127.31,3.42,58.37,60.57,84.66,20.26,17.66,46.74,41.5,1.3,26.37,13.83,48.75,13.62,86.28,6.73,93.27,3409.81,1.03,0.51,1.11,0.97,1.97,0.9,1.71,0,209.47,1.39,0.33,0.04,10.27,3.43,398.66,101.23,2.12,45.38,48.47,62.83,11.77,16.82,34.24,37.02,1.93,20.85,14.23,0.48,93.36,0,100,0,1278.82,0.61,0.61,0,1.63,1.63,0,0,0,170.7,9.2,0.41,0.68,412.77,170.77,783.77,220.69,142.68,34.2,12.03,72.6,52.72,12.36,7.52,155.23,123.08,23.49,4.51,0.39,100.23,0,100,0,1377.86,0.65,0.65,0,1.55,1.55,0,0,0,171.62,3.19,0.52,0.64,247.69,127.86,708.1,151,115.08,29.56,5.7,8.41,1.74,4.83,1.84,168.41,117.55,25.51,3.86,0.48,98.94,0,100,0,1315.86,0.56,0.56,0,1.79,1.79,0,0,0,165.82,11.91,0.45,0.69,386.69,174.1,792.82,186.52,167.7,36.22,10.98,89.3,69.21,13.34,6.75,158.4,118.67,23.33,4.23,0.35,92.3,0,100,0,1540.52,0.73,0.73,0,1.37,1.37,0,0,0,172.81,3.28,0.51,0.64,250.45,128.9,709.51,143.36,114.6,27.63,4.37,7.56,1.12,4.85,1.59,144.99,108.8,22.16,2.77,853287130,50989271,64.78,3.87,5.98,282.55,853287130,50989271,64.78,3.87,5.98,282.55,853287130,50989271,64.78,3.87,5.98,282.55
18.78,25.71,74.21,9.51,90.49,2735.15,1.07,0.4,1.31,0.93,2.52,0.76,8.83,0,164.72,1.85,0.36,0.18,46.31,16.54,458.15,119.75,12,49.97,51.33,75.53,18.38,17.89,39.26,48.21,8.44,27.64,12.07,18.78,25.71,74.21,9.51,90.49,2735.15,1.07,0.4,1.31,0.93,2.52,0.76,8.83,0,164.72,1.85,0.36,0.18,46.31,16.54,458.15,119.75,12,49.97,51.33,75.53,18.38,17.89,39.26,48.21,8.44,27.64,12.07,18.78,25.71,74.21,9.51,90.49,2735.15,1.07,0.4,1.31,0.93,2.52,0.76,8.83,0,164.72,1.85,0.36,0.18,46.31,16.54,458.15,119.75,12,49.97,51.33,75.53,18.38,17.89,39.26,48.21,8.44,27.64,12.07,8.99,24.45,76.03,4.69,95.31,2670.37,1.67,0.32,2.11,0.6,3.1,0.47,0.4,0,190.32,2.99,0.37,0.23,65.7,24.06,438.84,142.12,34.27,75.48,58.12,111.3,43.88,21.16,46.27,49.28,7.34,29.93,11.85,4.71,45.39,54.93,23.88,76.12,2972.1,0.63,0.33,0.87,1.59,3.02,1.15,0.09,0,143.56,6.52,0.36,0.26,65.98,23.84,460.9,121.34,29.52,40.92,46.11,75.27,21.45,19.25,34.57,42.59,5.48,25.49,11.54,33.97,59.45,40.59,31.31,68.69,2796.89,0.55,0.29,0.93,1.83,3.47,1.08,0.52,0,156.11,6.12,0.37,0.32,80.02,29.43,513.9,177.53,10.87,55.36,21.46,55.2,21.17,19.13,14.91,34.76,3.44,24.72,6.55,44.75,22.51,77.47,6.48,93.52,2757.08,1.13,0.33,1.37,0.88,3.07,0.73,1.4,0,153.8,6.35,0.37,0.22,60.64,22.29,511.08,114.75,7.13,58.12,13.98,51.77,21.36,20.32,10.09,41.24,8.61,28.7,3.89,0.45,87.37,0,100,0,1571.9,0.57,0.57,0,1.76,1.76,0,0,0,170.07,12.65,0.39,0.71,463.57,179.18,761.11,257.48,155.64,37,17.01,95.92,66.07,17.78,12.07,169.8,113.78,25.27,4.94,0.29,98.04,0,100,0,1618.36,0.77,0.77,0,1.29,1.29,0,0,0,166.62,3.12,0.51,0.65,252.26,128.57,684.97,145.11,114.29,28.12,4.88,8.32,1.54,5.2,1.58,167.96,116.98,24.92,3.3,62.97,14.29,85.6,5.04,94.96,2660.11,1.06,0.37,1.18,0.94,2.67,0.85,1.78,0,186.01,1.19,0.33,0.19,49.83,16.42,455.62,92.9,5.82,47.09,38.84,57.53,12.31,18.59,26.63,55.76,8.02,35.49,12.21,59.25,17.87,81.85,9.76,90.24,2718.32,1.15,0.63,1.27,0.87,1.6,0.79,1.85,0,135.48,1,0.36,0.15,38.87,14.04,471.51,133.18,5.89,59.96,59.03,88.3,21.75,20.05,46.5,44.99,4.62,27.82,12.54,0.43,89.38,0,100,0,1647.95,0.56,0.56,0,1.8,1.8,0,0,0,170.19,8.54,0.43,0.68,368.11,156.79,778.42,264.05,143.53,31.63,16.48,51.68,32.35,7.9,11.42,173.99,118.97,23.32,5.06,0.23,107.59,0,100,0,1709.24,0.79,0.79,0,1.27,1.27,0,0,0,171.01,3.27,0.44,0.68,373.45,163.71,721.66,157.56,115.16,26.97,5.98,7.98,0.62,4.99,2.37,169.57,118.89,24.26,3.61,47.53,20.93,78.96,7.96,92.04,2781.73,1.36,0.52,1.58,0.74,1.94,0.63,1.79,0,136.44,1.49,0.37,0.08,18.96,7.02,439,123,28.58,26.94,56.84,68.95,14.84,9.64,44.47,50.95,16.55,22.05,12.37,35.59,29.75,70.32,10.87,89.13,2817.25,0.97,0.36,1.23,1.03,2.81,0.81,0.98,0,175.93,2.3,0.35,0.2,43.11,15.1,457.7,120.72,19.01,36.93,56.33,71.69,14.8,13.23,43.67,62.19,24.66,25.12,12.67,0.48,99.81,0,100,0,1583.94,0.47,0.47,0,2.14,2.14,0,0,0,170.15,12.94,0.48,0.69,417.5,201.81,772.45,190.22,184.24,38.26,11.7,121.53,97.55,16.83,7.15,159.71,96.86,22.73,4.54,0.22,99.41,0,100,0,2157.45,0.72,0.72,0,1.38,1.38,0,0,0,170.2,3.27,0.51,0.64,252.55,128.79,689.44,148.39,113.31,27.63,5.88,7.19,1.06,4.35,1.78,162.3,115.28,24.93,4.1,0.49,109.47,0,100,0,1359.32,0.48,0.48,0,2.1,2.1,0,0,0,169.68,9.25,0.38,0.72,534.39,202.43,739.47,207.91,163.73,34.25,9.37,83.37,65.33,12.93,5.12,144.38,118.85,23.74,4.25,0.22,98.03,0,100,0,2124.96,0.72,0.72,0,1.39,1.39,0,0,0,174.11,3.43,0.48,0.59,280.41,135.28,695.15,146.69,112.85,26.67,5,7.66,1.37,4.68,1.61,152.52,109.29,23.12,3.39,930207295,55456847,69.87,4.17,5.96,300.68,930207295,55456847,69.87,4.17,5.96,300.68,930207295,55456847,69.87,4.17,5.96,300.68
20.21,31.6,68.42,13.26,86.74,2763.17,1.1,0.46,1.39,0.91,2.17,0.72,9.82,0,163.82,1.63,0.36,0.11,27.69,9.95,453.2,114.51,21.82,50.95,43.07,71.51,20.46,18.69,32.35,45.45,5.87,28.8,10.72,20.21,31.6,68.42,13.26,86.74,2763.17,1.1,0.46,1.39,0.91,2.17,0.72,9.82,0,163.82,1.63,0.36,0.11,27.69,9.95,453.2,114.51,21.82,50.95,43.07,71.51,20.46,18.69,32.35,45.45,5.87,28.8,10.72,20.21,31.6,68.42,13.26,86.74,2763.17,1.1,0.46,1.39,0.91,2.17,0.72,9.82,0,163.82,1.63,0.36,0.11,27.69,9.95,453.2,114.51,21.82,50.95,43.07,71.51,20.46,18.69,32.35,45.45,5.87,28.8,10.72,25.87,30.7,69.39,8.34,91.66,2552.98,1.12,0.3,1.48,0.89,3.29,0.68,0.74,0,225,2.89,0.35,0.87,328.3,114.47,568.16,136.2,28.03,61.95,28.53,69.13,29.48,18.14,21.51,69.08,27.88,34.3,7.01,13.06,67.76,32.37,38.56,61.44,2429.84,0.64,0.37,1.22,1.55,2.73,0.82,0.2,0,226.49,11.54,0.37,0.13,13.58,5,392.9,125.44,37.2,49.66,19,56.08,25.43,16.16,14.5,33.76,6.27,23.01,4.5,41.61,41.28,58.61,20.37,79.63,2995.4,1.1,0.54,1.49,0.91,1.85,0.67,1.37,0,133.55,7.84,0.35,0.22,66.57,23.22,483.2,105.87,49.02,57.8,29.77,73.72,33.91,19.83,19.98,64.96,22.93,31.93,9.79,31.58,53.49,46.58,25.41,74.59,2862.55,0.72,0.34,1.16,1.39,2.92,0.87,0.65,0,150.59,3.62,0.36,0.28,70.43,25.1,427.81,140.62,36.29,51.2,33.51,69.7,25.23,17.97,26.49,51.69,15.8,28.76,7.02,0.35,99.86,0,100,0,1501.24,0.67,0.67,0,1.5,1.5,0,0,0,171.27,10.14,0.45,0.69,378.46,168.71,751.94,207.73,196.78,40.79,11.82,107.44,80.02,20.38,7.05,187.04,123.81,24.98,4.77,0.31,94.04,0,100,0,1500.92,0.8,0.8,0,1.25,1.25,0,0,0,177.19,3.52,0.5,0.66,252.67,126.55,694.47,149.36,121.91,31.24,5.7,16.8,8.56,6.12,2.11,164.22,116.96,23.27,3.59,67.78,12.99,86.98,4.54,95.46,2687.17,1.41,0.49,1.55,0.71,2.03,0.65,2.56,0,109.25,0.82,0.35,0.07,17.47,6.16,422.44,110.94,10.39,51.42,47.83,72.53,17.07,19.44,36.02,43.73,1.01,30.92,11.81,76.79,12.92,87.08,5.97,94.03,2673.83,1.23,0.57,1.32,0.82,1.77,0.76,2.52,0,122.93,1.15,0.35,0.1,15.35,5.37,516.2,121.25,17.07,46.19,50.73,75.4,16.37,18.95,40.08,38.22,1.76,25.85,10.64,0.41,113.91,0,100,0,1383.71,0.63,0.63,0,1.58,1.58,0,0,0,169.77,15.15,0.46,0.69,397.61,183.02,742.76,251.14,190.71,40.93,19.59,129.12,94.34,19.98,14.8,173.6,110.07,23.25,4.79,0.33,102.03,0,100,0,1398.27,0.75,0.75,0,1.33,1.33,0,0,0,173.9,5.62,0.51,0.65,247.41,125.81,705.16,194.26,152.73,34.36,7.74,46.84,35.23,7.39,4.21,163.68,119.29,23.16,3.52,34.27,39.44,60.68,15.47,84.53,2946.41,1.02,0.4,1.43,0.98,2.49,0.7,1.03,0,204.24,1.59,0.37,0.1,28.44,10.57,456,111.61,14.73,54.48,40.72,70.78,20.96,19.8,30.02,45.27,6.36,28.19,10.7,30.91,51.83,48.18,35.22,64.78,2952.23,0.82,0.56,1.11,1.21,1.79,0.9,0.75,0,211.41,1.54,0.35,0.05,12.69,4.4,454.41,103.87,17.28,45.34,40.47,60.84,14.48,17.78,28.59,56.89,13.44,31.55,11.89,0.34,104.34,0,100,0,1562.66,0.62,0.62,0,1.62,1.62,0,0,0,169.97,9.32,0.37,0.72,547.98,203.73,758.5,224.5,210.32,42.42,16.18,111.17,84.64,14.71,11.82,155.98,123.71,22.97,4.35,0.28,107.25,0,100,0,1574.65,0.73,0.73,0,1.36,1.36,0,0,0,171.53,3.29,0.52,0.64,252.6,131.25,699.43,149.09,132.69,33.55,5.75,27.81,17.49,8.14,2.18,160.54,114.78,24.35,3.57,0.37,100.55,0,100,0,1558.78,0.6,0.6,0,1.67,1.67,0,0,0,170.46,14.05,0.4,0.7,520.93,209.06,744.42,187.74,182.56,34.53,12.39,56.21,39.6,8.06,8.55,168.51,123.23,23.44,3.84,0.22,104.64,0,100,0,1914.7,0.76,0.76,0,1.32,1.32,0,0,0,168.69,3.23,0.5,0.65,252.9,127.57,687.72,149.07,119.65,30.55,5.32,16.7,8.15,6.34,2.21,161.51,115.67,24.03,3.11,967120742,60000174,69.04,4.28,6.2,311,967120742,60000174,69.04,4.28,6.2,311,967120742,60000174,69.04,4.28,6.2,311
16.58,19.09,80.89,5.72,94.28,2492.12,1.23,0.37,1.43,0.81,2.71,0.7,8.14,0,156.7,2.53,0.36,0.22,57.99,21.1,462.26,110.58,9.77,54.05,45.49,72.09,19.55,19.73,32.82,45.81,4.1,28.97,12.68,16.58,19.09,80.89,5.72,94.28,2492.12,1.23,0.37,1.43,0.81,2.71,0.7,8.14,0,156.7,2.53,0.36,0.22,57.99,21.1,462.26,110.58,9.77,54.05,45.49,72.09,19.55,19.73,32.82,45.81,4.1,28.97,12.68,16.58,19.09,80.89,5.72,94.28,2492.12,1.23,0.37,1.43,0.81,2.71,0.7,8.14,0,156.7,2.53,0.36,0.22,57.99,21.1,462.26,110.58,9.77,54.05,45.49,72.09,19.55,19.73,32.82,45.81,4.1,28.97,12.68,3.45,91.35,11.54,98.31,1.69,2054.29,0.5,0.55,0.07,2.02,1.82,13.42,0.04,0,222.88,2.46,0.37,0.55,233.75,86.01,564.93,97.31,57.7,40.28,35.43,66.9,28.48,15.35,23.07,119.32,80.53,23.84,12.35,1.76,19.92,77.3,8.66,91.34,2331.39,1.29,0.54,1.48,0.78,1.84,0.68,0.05,0,97.04,1.35,0.38,0.26,84.9,32.13,416.93,85.66,17.68,39,36.94,54.98,13.33,18.12,23.53,128.53,84.63,24.37,13.41,24.7,65.45,34.7,19.09,80.91,2409.92,0.94,0.27,2.19,1.07,3.66,0.46,0.56,0,124.49,3.68,0.37,0.15,46.65,17.06,575.68,94.78,10.23,40.88,39.77,55.88,10.48,18.37,27.03,39.95,4.24,23,12.74,31.77,22.02,77.84,5.59,94.41,2594.87,1.13,0.29,1.37,0.88,3.49,0.73,0.93,0,191.33,2.74,0.38,0.29,87.47,33.08,565.06,113.58,30.11,41.98,51.52,77.11,20.03,18.81,38.28,74.6,35.13,25.71,13.24,0.39,101.22,0,100,0,1506.9,0.58,0.58,0,1.73,1.73,0,0,0,173.99,13.01,0.48,0.72,435.11,210.47,771.74,222.24,170.28,35.78,12.48,56.05,38.49,10.49,7.07,174.27,120.24,24.96,5.41,0.29,102.97,0,100,0,1481.27,0.76,0.76,0,1.31,1.31,0,0,0,174.31,5.71,0.48,0.67,281.65,136.42,681.13,160.66,119.84,30.15,6.78,12.62,4.29,5.52,2.81,170.76,118.15,25.23,3.97,47.75,8.75,91,2.1,97.9,2479.54,1.5,0.36,1.61,0.67,2.79,0.62,1.77,0,168.76,1.89,0.36,0.14,30.71,10.95,495.34,89.61,5.22,66.64,29.94,68.42,25.37,21.03,22.01,37.67,3.27,26.44,7.93,56.11,11.43,88.63,2.37,97.63,2500.81,1.56,0.32,1.72,0.64,3.1,0.58,2.19,0,91.3,1.47,0.36,0.34,79.45,28.89,405.94,146.8,2.11,75.48,66.7,105.9,32.06,22.09,51.75,55.09,0.56,39.59,14.95,0.39,127.24,0,100,0,1462.17,0.47,0.47,0,2.12,2.12,0,0,0,173.42,10.63,0.45,0.69,389.13,174.45,776.18,225.85,161,32.54,11.94,50.36,34.57,8.53,7.26,173.62,107.39,25.15,4.68,0.29,109.68,0,100,0,1614.63,0.65,0.65,0,1.53,1.53,0,0,0,181.44,7.85,0.46,0.68,319.02,145.59,739.21,188.99,128.75,30.1,8.16,22.99,12.31,6.27,4.41,151.89,113.21,23.74,3.76,52.4,13.26,86.82,7.12,92.88,2532.53,1.09,0.59,1.17,0.92,1.71,0.86,1.45,0,169.41,4.74,0.35,0.2,51.08,17.69,457.37,106.85,7.01,44.41,32.58,53.31,11,19.04,23.27,37.32,3.5,24.51,9.31,44.74,12.11,87.64,4.24,95.76,2521.09,1.01,0.35,1.11,0.99,2.82,0.9,1.14,0,214.58,3.46,0.36,0.22,54.92,19.83,453.74,133.09,6.7,46.91,45.79,68.02,13.53,18.92,35.56,40.89,4.69,25.92,10.23,0.44,97.4,0,100,0,1235.47,0.64,0.64,0,1.56,1.56,0,0,0,172.62,11.17,0.43,0.68,372.51,158.66,748.87,249.42,151.46,34.13,12.9,78.6,57.62,12.58,8.4,167.96,122.88,24.08,4.5,0.29,114.3,0,100,0,1480.38,0.66,0.66,0,1.51,1.51,0,0,0,171.7,6.48,0.47,0.67,283.62,133.67,702.14,160.65,116.33,31.74,7.05,11.43,2.96,5.54,2.93,172.32,120.53,26.98,4.12,0.44,91.11,0,100,0,1479.66,0.57,0.57,0,1.75,1.75,0,0,0,175.45,15.07,0.34,0.18,63.36,21.79,770.75,213.83,163.8,39.47,15.33,118.33,88.66,19.02,10.65,159.18,119.75,23.7,4.68,0.23,104.12,0,100,0,1943.8,0.72,0.72,0,1.39,1.39,0,0,0,177.55,6.69,0.36,0.17,50.98,18.51,714.23,86.88,141.84,33.77,35.58,114.82,76.6,15.99,22.22,172.49,115.41,24.3,13.37,1035197805,65417897,65.31,4.13,6.32,327.28,1035197805,65417897,65.31,4.13,6.32,327.28,1035197805,65417897,65.31,4.13,6.32,327.28
16.63,18.65,81.35,5.12,94.88,3307.68,1.3,0.36,1.52,0.77,2.8,0.66,11.45,0,167.84,1.83,0.4,0.17,40.63,16.39,453.58,111.14,6.43,53.43,49.83,73.14,18.01,19.54,35.59,45.52,4.2,27.04,14.24,16.63,18.65,81.35,5.12,94.88,3307.68,1.3,0.36,1.52,0.77,2.8,0.66,11.45,0,167.84,1.83,0.4,0.17,40.63,16.39,453.58,111.14,6.43,53.43,49.83,73.14,18.01,19.54,35.59,45.52,4.2,27.04,14.24,16.63,18.65,81.35,5.12,94.88,3307.68,1.3,0.36,1.52,0.77,2.8,0.66,11.45,0,167.84,1.83,0.4,0.17,40.63,16.39,453.58,111.14,6.43,53.43,49.83,73.14,18.01,19.54,35.59,45.52,4.2,27.04,14.24,0.57,111.31,0,100,0,1758.93,0.56,0.56,0,1.79,1.79,0,0.01,0,189.42,10.23,0.4,0.7,451.65,181.97,727.14,80.71,14,43.93,35.41,54.06,13.3,18.62,22.14,102.05,62.06,25.37,13.27,0.24,105.86,0,100,0,1767.98,0.73,0.73,0,1.37,1.37,0,0,0,166.38,3.42,0.49,0.67,287.1,139.69,729.32,81.1,139.31,44.76,34.12,113.38,73.45,18.95,20.97,38,6.17,18.55,13.15,39.17,45.65,54.4,10.54,89.46,2855.49,1.46,0.34,2.4,0.69,2.97,0.42,1.63,0,215.26,4.64,0.39,0.41,123.81,48.86,534.64,125.81,15.53,34.95,20.85,38.87,10.23,15.38,13.26,52.36,23,21.61,7.58,25.25,34.97,65.01,7.49,92.51,2972.35,1.4,0.3,2,0.71,3.33,0.5,1.05,0,213.1,4.42,0.38,0.23,70.68,26.59,469.97,96.95,12.44,40.53,31.94,49.83,11.31,18.75,19.76,42.31,9.67,20.45,12.18,0.27,105.41,0,100,0,1760.44,0.7,0.7,0,1.43,1.43,0,0,0,168.64,7.81,0.39,0.72,487.81,192.53,787.45,211.77,147.97,31.13,8.78,34.33,23.3,7.27,3.76,179.45,132.63,24.55,5.02,0.24,106.01,0,100,0,1760.31,0.78,0.78,0,1.28,1.28,0,0,0,169.85,3.35,0.48,0.67,281.72,135.68,710.07,154.18,120.51,29.44,5.78,6.98,0.51,4.8,1.67,173.01,122.2,26.32,4.11,50.1,10.9,89.16,3.21,96.79,3653.81,1.17,0.35,1.27,0.85,2.89,0.79,2.15,0,161.95,2.21,0.41,0.22,43.22,17.51,403.61,119.43,3.6,58.35,53.19,79.67,18.81,20.17,40.69,51.06,4.84,33.75,12.5,57.12,9.17,90.73,2.82,97.18,3635.57,1.21,0.37,1.3,0.83,2.69,0.77,2.51,0,135.45,1.01,0.42,0.11,19.39,8.19,436.57,167.04,2.33,77.6,82.14,121.47,34.21,21.97,65.29,53.55,1.94,34.76,16.85,0.28,111.9,0,100,0,1775.82,0.63,0.63,0,1.59,1.59,0,0,0,168.75,9.05,0.37,0.71,523.37,194.61,762.28,181.43,147.66,29.68,7.03,31.79,22.4,6.45,2.94,179.72,129.04,24.32,4.09,0.39,102.52,0,100,0,1765.68,0.57,0.57,0,1.74,1.74,0,0,0,169.75,4.67,0.45,0.66,314.15,142.34,737.6,164.89,120.49,29.22,6.02,7.73,0.62,4.79,2.32,175.1,124.08,25.86,3.71,39.97,20.15,79.83,4.57,95.43,3015.33,1.65,0.37,1.97,0.61,2.67,0.51,1.99,0,202.47,1.63,0.4,0.06,16.51,6.55,475.22,85.46,4.95,60.37,37.91,66.68,22.28,20.42,23.98,36.63,2.53,20.19,13.93,51.43,10.33,89.57,3.26,96.74,3430.51,1.18,0.37,1.27,0.85,2.69,0.79,2.08,0,154.2,1.48,0.42,0.24,57.6,24.37,494.68,80.37,2.63,39.26,36.31,47.47,6.37,18.58,22.52,39.51,0.66,25.04,13.8,0.29,98.12,0,100,0,1770.69,0.7,0.7,0,1.43,1.43,0,0,0,167.11,7.34,0.44,0.68,371.1,164.77,780.84,181.69,146.46,29.92,6.86,30.78,22.11,5.97,2.71,180.74,129.98,24.15,4.16,0.24,106.14,0,100,0,1758.98,0.77,0.77,0,1.3,1.3,0,0,0,164.37,3.45,0.5,0.68,289.88,145.21,716.08,155.14,120.73,30.5,5.9,7.37,0.69,4.78,1.9,176.35,122.25,27.06,3.99,0.27,99.15,0,100,0,1763.26,0.71,0.71,0,1.4,1.4,0,0,0,165.09,9.35,0.43,0.68,348.43,148.72,760.78,183.34,150.08,29.32,6.47,31.18,22.37,6.12,2.69,176.9,125.91,23.72,3.78,0.24,105.63,0,100,0,1769.31,0.76,0.76,0,1.31,1.31,0,0,0,166.65,3.45,0.49,0.66,287.15,141.18,720.4,154.13,122.65,29.5,5.31,7.15,0.72,4.67,1.77,172.81,122.45,25.25,3.54,1186423993,60587813,67.36,3.44,5.11,352.8,1186423993,60587813,67.36,3.44,5.11,352.8,1186423993,60587813,67.36,3.44,5.11,352.8
18.86,25.5,74.46,10.88,89.12,3469.18,1.1,0.47,1.31,0.91,2.14,0.76,11.46,0,163.15,1.58,0.36,0.11,26.45,9.59,462.34,114.25,11.32,54.12,53.21,77.21,18.58,19.05,39.57,46.49,4.32,28.48,13.64,18.86,25.5,74.46,10.88,89.12,3469.18,1.1,0.47,1.31,0.91,2.14,0.76,11.46,0,163.15,1.58,0.36,0.11,26.45,9.59,462.34,114.25,11.32,54.12,53.21,77.21,18.58,19.05,39.57,46.49,4.32,28.48,13.64,18.86,25.5,74.46,10.88,89.12,3469.18,1.1,0.47,1.31,0.91,2.14,0.76,11.46,0,163.15,1.58,0.36,0.11,26.45,9.59,462.34,114.25,11.32,54.12,53.21,77.21,18.58,19.05,39.57,46.49,4.32,28.48,13.64,3.05,39.01,62.53,22.9,77.1,2965.34,0.69,0.41,0.86,1.46,2.44,1.16,0.06,0,182.56,3.69,0.38,0.7,373.95,141.15,440.07,203.84,156.66,31.56,10.55,54.52,38.73,9.11,6.67,78.27,39.66,34.61,3.88,3.86,92.07,8.25,94.71,5.29,3101.27,0.61,0.63,0.39,1.64,1.59,2.56,0.07,0,192.85,4.48,0.36,0.67,405.66,147.22,583.44,148.78,120.75,30.31,5.38,15.68,7.67,6.23,1.77,159.49,112.91,24.38,3.6,27.58,79.01,20.97,69.97,30.03,3234.31,0.57,0.51,0.82,1.75,1.97,1.22,0.51,0,110.78,5.31,0.36,0.43,165.3,58.7,508.87,153.59,22.09,45.69,19.06,43.82,13.98,18.05,11.79,45.49,11.1,27.07,7.27,22.42,47.21,52.44,21.81,78.19,3207.71,0.77,0.35,1.14,1.31,2.84,0.88,0.55,0,226.78,3.18,0.36,0.23,75.64,27.23,434.79,120.1,11.8,53.21,39.08,64.93,17.66,19.51,27.77,38.53,6.1,21.04,11.31,0.27,108.49,0,100,0,1757.38,0.68,0.68,0,1.46,1.46,0,0,0,171.62,7.31,0.45,0.68,352.46,158.99,747.88,233.32,163.88,36.68,9.74,72.81,55.56,12.58,4.67,167.36,119.09,26.23,5.07,0.25,107.75,0,100,0,1745.33,0.76,0.76,0,1.32,1.32,0,0,0,171.59,3.36,0.51,0.66,257.37,131.6,709.7,150.66,118.85,30.98,5.67,14.92,6.97,6.15,1.8,160.16,111.76,26.85,3.87,52.86,17.81,82.07,6.47,93.53,3778.3,1.05,0.38,1.2,0.95,2.61,0.83,2.1,0,200.66,2.33,0.37,0.07,18.48,6.77,451.54,115.39,10.71,49.79,53.97,76.06,15.55,19.15,41.36,51.36,8.45,30.33,12.6,80.55,20.16,79.74,10.23,89.77,3528.02,1.2,0.61,1.36,0.83,1.64,0.74,3.42,0,152.95,1.36,0.36,0.06,13.3,4.75,490.13,85.72,7.25,49.73,41.32,60.24,14.01,18.7,27.53,47.36,2.02,31.52,13.8,0.28,109,0,100,0,1746.94,0.68,0.68,0,1.48,1.48,0,0,0,172.08,7.3,0.43,0.67,373.35,159.47,744.19,180.02,145.42,33.7,6.93,48.88,35.94,10.06,2.88,164.36,118.17,24.74,4.05,0.37,99.3,0,100,0,1767.77,0.61,0.61,0,1.63,1.63,0,0,0,171.34,3.32,0.47,0.68,321.53,150.47,722.52,149.95,144.69,33.36,5.36,40.83,30.14,9.09,1.61,157.65,112.22,25.67,3.75,45.72,19.33,80.74,3.96,96.04,3281.28,1.49,0.31,1.77,0.67,3.28,0.56,2.23,0,159.56,1.35,0.35,0.05,11.1,3.88,415.7,154.53,14.1,59.68,74.05,102.16,24.3,19.02,58.84,50.68,1.26,34.18,15.21,63.36,10.03,89.92,3.55,96.45,3570.69,1.09,0.39,1.17,0.92,2.59,0.85,2.47,0,153.74,0.93,0.36,0.1,18.46,6.68,494.95,142.21,9.9,61.51,68.32,96.54,23.39,19.71,53.45,42.03,3.41,23.74,14.87,0.27,106.27,0,100,0,1738.15,0.7,0.7,0,1.42,1.42,0,0,0,172.29,8.79,0.46,0.67,345.95,157.46,744.33,177.77,145.08,31.29,6.45,35.73,25.72,7.37,2.64,168.48,121,24.92,3.81,0.24,105.69,0,100,0,1764.19,0.79,0.79,0,1.27,1.27,0,0,0,173.64,3.42,0.51,0.65,255.87,131.62,713.25,150.53,118.23,32.86,5.64,14.19,6.47,5.99,1.73,160.76,111.11,27.65,3.91,0.27,103.94,0,100,0,1769.15,0.71,0.71,0,1.4,1.4,0,0,0,172.04,7.33,0.45,0.68,347.93,157.31,746.23,177.51,143.75,31.16,6.07,33.66,24.27,6.9,2.49,166.37,120.32,25.67,3.58,0.24,105.36,0,100,0,1748.31,0.78,0.78,0,1.28,1.28,0,0,0,170.26,3.29,0.51,0.66,259.74,132.34,709.77,150.51,120.6,30.88,5.28,13.56,6.15,5.85,1.57,159.97,112.11,27.01,3.7,1130545947,60141738,66.46,3.54,5.32,349.96,1130545947,60141738,66.46,3.54,5.32,349.96,1130545947,60141738,66.46,3.54,5.32,349.96
26.29,43.76,56.32,23.34,76.66,3369.34,0.83,0.44,1.13,1.21,2.26,0.89,11.74,0,174.22,1.9,0.34,0.2,50.98,17.56,469.66,107.51,11.37,55.1,42.73,71.86,20.48,19.33,32.05,46.7,7.19,28.75,10.68,26.29,43.76,56.32,23.34,76.66,3369.34,0.83,0.44,1.13,1.21,2.26,0.89,11.74,0,174.22,1.9,0.34,0.2,50.98,17.56,469.66,107.51,11.37,55.1,42.73,71.86,20.48,19.33,32.05,46.7,7.19,28.75,10.68,26.29,43.76,56.32,23.34,76.66,3369.34,0.83,0.44,1.13,1.21,2.26,0.89,11.74,0,174.22,1.9,0.34,0.2,50.98,17.56,469.66,107.51,11.37,55.1,42.73,71.86,20.48,19.33,32.05,46.7,7.19,28.75,10.68,1.94,78.01,24.55,97.39,2.61,2417.59,0.46,0.58,0.05,2.19,1.71,20.1,0.02,0,223.75,2.98,0.35,0.56,363.06,127.45,589.96,205.28,148.8,29.47,10.39,57.47,41.78,8.94,6.76,128.3,92.03,24.83,3.63,0.36,98.64,0,100,0,1809.38,0.56,0.56,0,1.78,1.78,0,0,0,228.04,6.99,0.36,0.59,307.61,109.83,447.54,148.21,115.97,28.37,5.34,7.79,0.85,5.03,1.91,137.38,92.3,30.53,3.43,59.22,67.49,32.6,48.67,51.33,3625.99,0.62,0.45,0.98,1.6,2.22,1.02,1.34,0,229.87,3.89,0.35,0.38,98.48,34.51,557.1,101.23,34.96,66.15,24.54,72.76,35.39,18.15,19.22,67.87,29.66,32.79,5.32,58.42,56.41,43.56,30.43,69.57,3491,0.79,0.43,1.26,1.27,2.35,0.79,1.61,0,188.62,3.64,0.34,0.44,152.82,51.89,504.17,98.61,32.92,50.82,26.72,59.3,24.36,16.51,18.43,50.59,16.03,26.23,8.29,0.48,123.34,0,100,0,1469.51,0.45,0.45,0,2.23,2.23,0,0,0,175.83,11.31,0.46,0.68,346.42,160.11,730.82,292.9,142.75,34.62,17.38,54.45,34.38,8.48,11.59,138.68,87.59,30.25,5.79,0.42,102.01,0,100,0,1557.54,0.56,0.56,0,1.8,1.8,0,0,0,187.99,6.36,0.51,0.65,254.82,129.55,686.86,146.44,114.26,27.72,5.8,7.41,1.2,4.43,1.78,135.67,90.79,29.9,4.03,81.91,34.15,65.85,15.07,84.93,3148.42,0.84,0.37,1.08,1.19,2.71,0.93,2.16,0,204.07,1.56,0.34,0.15,34.72,11.85,405.52,99.61,4.01,44.18,45.04,63.08,11.01,18.64,33.44,48.88,6.8,30.46,11.61,84.17,33.11,66.9,17.18,82.82,3131.85,0.87,0.45,1.08,1.14,2.2,0.92,2.31,0,93.49,0.95,0.34,0.1,22.86,7.67,475.45,130.38,4.28,70.14,58.67,95.52,27.61,21.47,46.45,46.06,3.91,29.9,12.23,0.42,114.67,0,100,0,1635.75,0.49,0.49,0,2.04,2.04,0,0,0,175.33,9.39,0.42,0.71,424.31,179.09,735.92,216.43,148.9,34.13,12.75,76.24,55.19,13.08,7.96,139.98,86.2,29.85,4.79,0.5,100.73,0,100,0,1631.78,0.51,0.51,0,1.94,1.94,0,0,0,180.11,5.76,0.51,0.66,256.12,129.4,681.42,157.01,132.53,29.07,5.27,26.7,17.65,6.8,2.25,131.17,85.64,30.26,3.02,63.89,38.41,61.72,19.05,80.95,3584.48,0.91,0.45,1.19,1.1,2.22,0.84,2.08,0,138.13,1.3,0.35,0.11,23.71,8.25,442.03,95.39,14.66,65.97,42.56,80.09,28.72,21.21,30.16,39.49,2.12,24.97,12.4,67.99,36.7,63.23,19.55,80.45,3523.05,0.92,0.49,1.17,1.09,2.04,0.85,2.21,0,187.24,1.37,0.33,0.16,39.2,13.1,484.67,118.86,9.6,45.85,48.68,70.64,14.53,18.6,37.51,50.15,9.13,29.85,11.17,0.41,111.2,0,100,0,1655.98,0.51,0.51,0,1.96,1.96,0,0,0,174.99,10.03,0.41,0.67,385.73,159.16,785.26,260.74,154.19,34.22,9.74,112.25,88.31,18.91,5.03,140.16,94.61,29.58,4.71,0.41,96.44,0,100,0,1644.51,0.57,0.57,0,1.77,1.77,0,0,0,174.57,4.86,0.51,0.66,253.78,130.04,687.72,157.53,122.29,28.8,6.15,17.6,9.83,5.46,2.31,129.3,83.15,31,3.84,0.42,134.41,0,100,0,1627.27,0.42,0.42,0,2.39,2.39,0,0,0,175.16,11.13,0.5,0.67,442.9,220.46,727.51,238.63,181.55,38.74,13.95,151.62,121.53,20.66,9.43,134.94,91.1,29.5,4.52,0.39,115.07,0,100,0,1618.89,0.52,0.52,0,1.92,1.92,0,0,0,174.56,4.77,0.5,0.66,248.63,125.02,690.23,146.51,116.29,27.37,5.3,7.47,1.37,4.43,1.67,131.63,88,30.06,3.63,927326145,54540817,60.72,3.57,5.88,319.63,927326145,54540817,60.72,3.57,5.88,319.63,927326145,54540817,60.72,3.57,5.88,319.63
24.18,40.99,58.94,25.5,74.5,2424.9,1.18,0.73,1.49,0.85,1.36,0.67,11.08,0,159.39,2.97,0.36,0.34,91.49,32.61,445.31,82.82,33.89,35.3,20.25,49.17,21.21,13.09,14.88,44.14,18.22,20.51,5.37,24.18,40.99,58.94,25.5,74.5,2424.9,1.18,0.73,1.49,0.85,1.36,0.67,11.08,0,159.39,2.97,0.36,0.34,91.49,32.61,445.31,82.82,33.89,35.3,20.25,49.17,21.21,13.09,14.88,44.14,18.22,20.51,5.37,24.18,40.99,58.94,25.5,74.5,2424.9,1.18,0.73,1.49,0.85,1.36,0.67,11.08,0,159.39,2.97,0.36,0.34,91.49,32.61,445.31,82.82,33.89,35.3,20.25,49.17,21.21,13.09,14.88,44.14,18.22,20.51,5.37,30.68,85.16,14.87,81.49,18.51,2549.88,0.6,0.57,0.74,1.67,1.75,1.34,0.47,0,194.06,5.41,0.33,0.41,91.27,30.32,515.39,68.66,48.83,36.73,17.76,55.89,30.97,12.21,12.71,49.5,23.82,20.6,5.05,20.48,81.68,17.94,72.42,27.58,2543.45,0.57,0.5,0.87,1.77,2,1.15,0.29,0,173.63,2.6,0.36,0.49,137.79,49.87,512.53,87.12,43.1,33.7,21.73,54.62,25.89,12.27,16.47,44.36,15.19,23.93,5.27,48.71,42.77,57.38,28.47,71.53,2303.32,0.86,0.57,1.07,1.17,1.75,0.93,0.96,0,207.54,5.03,0.36,0.3,79.69,28.6,513.64,73.51,30.68,33.77,18.51,45.05,20.26,12,12.79,48.13,25.14,17.22,5.72,62.29,18.05,81.8,7.03,92.97,2345.87,1.12,0.43,1.27,0.89,2.3,0.79,1.63,0,170.56,2.86,0.36,0.28,69.29,24.71,421.69,117.9,53.91,40.77,42.47,78.21,29.38,14.87,33.95,54.43,24.25,21.63,8.52,0.46,108.68,0,100,0,1341,0.57,0.57,0,1.75,1.75,0,0,0,171.27,15.4,0.38,0.46,136.8,51.66,559.61,128.27,46.36,47.79,17.83,62.22,26.64,23.05,12.53,48.66,15.55,27.91,5.3,0.44,97.03,0,100,0,1324.6,0.67,0.67,0,1.5,1.5,0,0,0,176.22,5.31,0.39,0.55,195.61,75.76,500.66,122.06,38.14,41,17.84,53.07,23.07,17.24,12.76,42.95,14.76,23.09,5.08,52.78,27.87,72.09,10.19,89.81,2390.63,1.75,0.64,2.18,0.57,1.56,0.46,2.21,0,150.11,1.85,0.35,0.3,78.87,27.55,461.72,97.34,13.15,13.93,17.86,26.27,8.52,4.7,13.06,41.44,10.71,25.88,4.81,47.96,36.04,63.78,21.54,78.46,2397.37,0.95,0.57,1.17,1.05,1.76,0.86,1.09,0,118.85,1.48,0.29,0.38,90.22,26.28,467.85,71.24,37.71,39.37,11.99,43.46,21.7,13.67,8.09,40.67,15.2,21.54,3.9,0.54,109.85,0,100,0,1314.22,0.49,0.49,0,2.05,2.05,0,0,0,171.81,12.68,0.38,0.29,76.69,29.08,445.38,90.21,45.43,43.16,26.56,64.04,29.69,16.15,18.2,54.01,18.78,26.9,8.36,0.43,98.25,0,100,0,1466.81,0.59,0.59,0,1.71,1.71,0,0,0,172.26,5.21,0.36,0.33,93.47,34.07,425.64,93.57,31.59,41.62,25.38,56.87,21.29,17.88,17.7,42.69,15.15,19.84,7.68,55.72,37.06,62.72,21.2,78.8,2490.36,1.07,0.61,1.34,0.93,1.63,0.74,1.49,0,191.86,3.62,0.36,0.22,53.1,19.1,366.79,52.9,26.97,35.12,9.17,36.58,17.99,11.9,6.7,37.95,20.57,14.78,2.48,65.2,41.12,58.84,35.6,64.4,2543.08,1.76,1.52,1.92,0.57,0.66,0.52,2.92,0,174.32,3.18,0.36,0.21,70.19,25.12,368.68,20.24,22.92,29.37,2.79,25.87,13.01,10.97,1.89,23.73,11.04,11.77,0.9,0.52,108.67,0,100,0,1388.36,0.48,0.48,0,2.09,2.09,0,0,0,184.65,20.4,0.36,0.38,108.23,38.9,556.05,115.81,60.19,43.18,22.05,64.55,32.12,17.14,15.29,55.43,25.9,22.78,6.76,0.35,106.28,0,100,0,1580.71,0.62,0.62,0,1.61,1.61,0,0,0,184.34,12.77,0.37,0.42,123.68,45.99,501.87,97.51,48.39,43.82,22.18,60,29.28,15.28,15.43,61.05,33.4,20.8,6.75,0.54,93.72,0,100,0,1394.71,0.52,0.52,0,1.92,1.92,0,0,0,161.76,5.35,0.36,0.31,78.94,28.11,473.75,114.5,23.55,33.5,34.45,55.62,18.4,10.32,26.9,45.62,18.44,19.6,7.55,0.34,106.97,0,100,0,1560.93,0.63,0.63,0,1.6,1.6,0,0,0,109.69,2.66,0.35,0.33,89.77,31.72,441.77,105.71,35.27,54.02,31.46,73.84,27.13,21.99,24.73,47.3,24.37,16.01,6.73,1626145181,167421926,63.1,6.5,10.3,296.22,1626145181,167421926,63.1,6.5,10.3,296.22,1626145181,167421926,63.1,6.5,10.3,296.22
61.96,53.84,46.17,37.53,62.47,3437.51,0.79,0.55,1.07,1.26,1.81,0.93,26.96,0,194.03,5.4,0.36,0.35,107.11,38.16,483.62,103.33,24.55,41.56,24.58,50.3,15.49,16.94,17.86,41.22,15.95,18.53,6.72,61.96,53.84,46.17,37.53,62.47,3437.51,0.79,0.55,1.07,1.26,1.81,0.93,26.96,0,194.03,5.4,0.36,0.35,107.11,38.16,483.62,103.33,24.55,41.56,24.58,50.3,15.49,16.94,17.86,41.22,15.95,18.53,6.72,61.96,53.84,46.17,37.53,62.47,3437.51,0.79,0.55,1.07,1.26,1.81,0.93,26.96,0,194.03,5.4,0.36,0.35,107.11,38.16,483.62,103.33,24.55,41.56,24.58,50.3,15.49,16.94,17.86,41.22,15.95,18.53,6.72,73.54,65.88,34.16,48.96,51.04,3659.95,0.69,0.51,1.03,1.46,1.96,0.97,1.85,0,182.57,7.58,0.36,0.36,105.59,37.9,550.11,102.76,26.43,34.31,15.33,37.67,14.48,12.8,10.39,43.67,19.87,18.88,4.94,61.14,60.21,39.71,46.34,53.66,3657.47,0.59,0.45,0.79,1.71,2.22,1.27,1.31,0,205.13,6.48,0.36,0.36,108.45,38.62,490.76,106.24,24.24,31.05,23.01,43.5,13.9,11.97,17.63,34.57,14.21,14.93,5.38,73.98,60.07,39.9,46.85,53.15,3447.95,0.66,0.51,0.88,1.52,1.95,1.14,1.68,0,189.93,6.6,0.37,0.44,154.59,57.46,493.37,119.82,18.27,46.48,24.88,53.67,18.92,15.31,19.43,45.95,15.17,25.32,5.45,76.24,49.67,50.36,30.75,69.25,3432.96,0.75,0.47,1.03,1.33,2.15,0.97,1.97,0,199.57,5.93,0.36,0.46,153.72,55.57,526.84,99.41,22.13,47.99,14.76,46.24,20.88,15.21,10.15,41.05,15.51,20.95,4.61,36.74,46.49,53.57,27.31,72.69,2800.09,0.82,0.48,1.11,1.22,2.07,0.9,0.85,0,202.08,5.07,0.36,0.38,131.87,47.85,482.04,111.74,12.87,102.1,35.37,96.53,19.34,50.9,26.3,46.53,17.53,19.95,9.07,38.05,51.31,48.69,31.33,68.67,2782.01,0.91,0.56,1.29,1.09,1.79,0.78,0.97,0,192.95,5.93,0.36,0.35,108,39.24,492.27,107.66,20.75,47.31,37.47,66.05,15.16,22.58,28.31,51.91,13.97,28.8,9.16,73.74,54.92,45.14,36.04,63.96,3513.28,0.86,0.56,1.22,1.16,1.77,0.82,2.23,0,192.85,6.02,0.35,0.34,105.51,37.29,513.18,119.42,53.1,29.99,15.67,40.39,20.28,9.77,10.34,63.88,33.79,24.76,5.33,68.04,53.76,46.27,46.23,53.77,3525.48,0.79,0.68,0.91,1.27,1.48,1.1,1.88,0,198.83,3.96,0.36,0.4,130.52,46.5,489.57,101.8,12.15,31.38,16.22,34.65,10.03,14.12,10.51,29.67,12.86,11.1,5.71,53.75,48.24,51.61,30.09,69.91,3353.5,0.85,0.53,1.15,1.18,1.89,0.87,1.53,0,201.59,5.44,0.34,0.32,88.79,30.16,477.65,97.02,25.14,54.34,33.43,67.92,22.11,21.01,24.81,38.7,12.58,17.39,8.62,52.98,44.72,55.4,24.79,75.21,3357.81,0.92,0.51,1.25,1.09,1.97,0.8,1.63,0,197.39,4.77,0.35,0.32,96.32,33.37,456.78,100.91,29.59,39.34,31.15,57.23,14.23,19.53,23.46,35.05,12.97,14.33,7.69,80.49,41.57,58.4,22.27,77.73,3518.39,0.89,0.48,1.19,1.12,2.09,0.84,2.53,0,207.57,5.4,0.35,0.3,89.33,31.07,456.78,79.41,31.66,20.71,16.7,29.86,11,7.31,11.55,39.93,18.2,16.58,5.15,78.13,40.26,59.74,21.92,78.08,3525.86,0.86,0.47,1.12,1.17,2.15,0.89,2.36,0,213.29,4.77,0.35,0.3,75.29,26.6,476.97,96.62,18.96,21.56,27.99,36.52,9.03,6.81,20.68,38.36,17.77,13.26,7.32,39.92,70.2,29.78,53.66,46.34,3414.57,0.62,0.48,0.97,1.6,2.1,1.03,0.85,0,210.43,6.27,0.36,0.4,130.12,46.28,450.78,123.53,167.74,48.37,15.54,124.13,92.32,21.32,10.49,112.55,102.31,26.14,5.06,38.32,75.28,24.66,61.24,38.76,3416.45,0.6,0.48,0.94,1.68,2.06,1.07,0.78,0,173.6,5.98,0.34,0.32,104.86,36.1,436.1,67.19,138.76,45.07,9.9,60.69,39.87,13.57,7.25,141.55,101.87,29.2,2.65,75.43,47.99,52.08,29.99,70.01,3462.69,0.84,0.53,1.14,1.18,1.89,0.88,2.21,0,154.75,3.8,0.37,0.32,104.55,38.22,511.76,101.83,18.53,41,25.52,49.23,13.74,17.56,17.92,40.13,10.3,22.23,7.59,70.74,61.8,38.29,62.52,37.48,3461.84,0.94,0.96,0.92,1.06,1.05,1.08,2.31,0,178.58,5.25,0.34,0.24,70.51,24.31,469.37,120.41,26.42,50.72,25.94,57.27,16.96,22.03,18.28,33.74,7.5,18.58,7.66,2164242993,253683662,47.84,5.61,11.72,363.09,2164242993,253683662,47.84,5.61,11.72,363.09,2164242993,253683662,47.84,5.61,11.72,363.09
64.38,38.17,61.76,20.47,79.53,3150,0.88,0.47,1.13,1.14,2.13,0.89,28.44,0,197.4,3.88,0.36,0.24,75.14,26.68,458.83,103.17,24.29,47.64,26.45,55.63,17.15,19.63,18.85,37.16,10.5,19.04,7.6,64.38,38.17,61.76,20.47,79.53,3150,0.88,0.47,1.13,1.14,2.13,0.89,28.44,0,197.4,3.88,0.36,0.24,75.14,26.68,458.83,103.17,24.29,47.64,26.45,55.63,17.15,19.63,18.85,37.16,10.5,19.04,7.6,64.38,38.17,61.76,20.47,79.53,3150,0.88,0.47,1.13,1.14,2.13,0.89,28.44,0,197.4,3.88,0.36,0.24,75.14,26.68,458.83,103.17,24.29,47.64,26.45,55.63,17.15,19.63,18.85,37.16,10.5,19.04,7.6,65.32,53.93,45.9,28.89,71.11,3208.67,0.7,0.37,1.08,1.43,2.67,0.92,1.46,0,205.83,4.61,0.35,0.33,120,41.49,511.71,92.29,41.29,72.69,22.27,69.49,27.24,27.55,14.7,61.28,20.97,32.7,7.58,63.36,41.04,58.86,22.14,77.86,3198.98,0.72,0.39,0.95,1.4,2.59,1.06,1.45,0,183.76,4.36,0.36,0.2,73.88,26.3,526.35,100.53,29.74,43.61,31.94,60.2,17.55,19.51,23.14,44.5,13.08,22.65,8.79,56.51,45.67,54.13,27.12,72.88,3381.67,0.8,0.47,1.07,1.25,2.12,0.93,1.52,0,197.72,6.45,0.36,0.22,52.88,18.96,555.2,120.89,28.48,46.41,35.33,66.36,23.57,16.25,26.54,50.4,7.62,34,8.8,62.76,39.12,60.88,16.49,83.51,3382.34,1.07,0.45,1.47,0.94,2.22,0.68,2.27,0,167.47,5.1,0.32,0.24,81.76,26.57,462.99,126.39,25.79,73.53,34.31,85.35,24.13,35.4,25.82,49.08,7.06,33.56,8.49,67.92,29.85,69.99,12.94,87.06,2923.91,0.99,0.43,1.23,1.01,2.34,0.82,1.96,0,177.43,2.41,0.36,0.19,56.75,20.28,438.96,145.7,12.97,79.85,31.57,79.37,32.86,24.8,21.71,49.76,3.13,36.78,9.86,73.2,31.16,68.82,18.83,81.17,2913.19,0.74,0.45,0.87,1.35,2.24,1.15,1.58,0,201.87,3.01,0.35,0.11,35.51,12.34,354.82,106.58,8.7,28.02,34.6,45.06,6.45,13.13,25.48,27.42,2.5,15.74,9.12,60.3,46.68,53.42,34.85,65.15,3342.53,0.81,0.6,0.99,1.24,1.65,1.01,1.63,0,197.71,4.78,0.39,0.3,109.7,42.97,418.68,87.71,13.08,27.85,17.96,31.7,8.25,11.08,12.37,25.84,12.01,8.24,5.59,79.12,55.14,44.81,34.73,65.27,3523.05,1,0.63,1.45,1,1.59,0.69,2.78,0,225.01,2.38,0.41,0.35,67.98,27.56,427.01,119.79,43,47.62,38.94,72.41,28.14,13.84,30.44,49.03,24.63,15.87,8.5,56.21,34.69,65.51,17.05,82.95,3016.95,0.75,0.37,0.96,1.33,2.69,1.04,1.28,0,205.06,3.49,0.35,0.22,69.22,24.3,474.1,84.05,22.64,61.66,30.26,70.57,20.31,28.44,21.82,34.18,5.37,20.3,8.44,68.57,30.01,69.99,11.68,88.32,3105.12,1.01,0.39,1.28,0.99,2.53,0.78,2.16,0,215.39,3.75,0.34,0.24,80.36,27.61,466.45,107.31,31.95,40.65,34.67,60.56,19.74,17.19,23.63,31.57,3.17,17.29,11.04,82.41,18.77,81.05,8.67,91.33,3057.67,1.04,0.48,1.17,0.96,2.08,0.85,2.62,0,211.14,5.09,0.36,0.21,62.67,22.6,500.46,113.94,23.13,27.84,15.27,30.8,11.33,9.8,9.67,23.52,8.02,9.92,5.59,67.44,34.84,65.16,19.04,80.96,3060.86,0.85,0.46,1.05,1.18,2.16,0.95,1.75,0,198.53,3.84,0.34,0.17,53.39,18.26,529.62,116.69,25.84,34.49,27.27,48.72,13.83,14.54,20.35,43,17.4,18.58,6.92,48.17,46.69,53.1,26.18,73.82,3381.79,0.75,0.42,1.04,1.34,2.39,0.96,1.22,0,195.58,7.56,0.37,0.72,563.11,208.41,557.17,149.61,33.76,41.12,31.06,59.11,20.03,15.65,23.43,38,18.38,11.76,7.63,46.07,45.31,54.61,30.15,69.85,3348.73,0.8,0.53,1.02,1.25,1.88,0.98,1.23,0,199.3,6.02,0.5,0.66,261.1,131.52,490.02,141.81,30.22,17.72,21.72,35.15,14.44,5.97,14.73,31.97,14.06,10.81,6.99,68.31,33.65,66.24,15.93,84.07,2859.48,0.9,0.43,1.15,1.11,2.34,0.87,1.77,0,126.93,1.8,0.33,0.24,90.67,30.27,517.5,55.84,12.87,69.96,15.67,56.61,12.3,33.01,11.3,28.02,2.39,21.29,4.37,64.46,24.77,75.13,11.81,88.19,2852.75,0.96,0.46,1.13,1.04,2.18,0.89,1.77,0,219.45,2.69,0.35,0.39,156.93,55.57,461.61,103.21,17.55,84.06,21.67,70.18,14.38,41.51,14.28,28.9,3.32,18.19,7.39,1764282566,174006289,41.52,4.09,9.86,365.68,1764282566,174006289,41.52,4.09,9.86,365.68,1764282566,174006289,41.52,4.09,9.86,365.68
28.83,33.05,66.85,15,85,2773.79,1.01,0.46,1.29,0.99,2.18,0.78,12.94,0,190.78,2.87,0.36,0.31,98.51,35.8,410.72,107.9,30.31,59.74,34.07,75.21,24.66,25.71,24.84,56.27,13.02,33.96,9.24,28.83,33.05,66.85,15,85,2773.79,1.01,0.46,1.29,0.99,2.18,0.78,12.94,0,190.78,2.87,0.36,0.31,98.51,35.8,410.72,107.9,30.31,59.74,34.07,75.21,24.66,25.71,24.84,56.27,13.02,33.96,9.24,28.83,33.05,66.85,15,85,2773.79,1.01,0.46,1.29,0.99,2.18,0.78,12.94,0,190.78,2.87,0.36,0.31,98.51,35.8,410.72,107.9,30.31,59.74,34.07,75.21,24.66,25.71,24.84,56.27,13.02,33.96,9.24,64.58,42.22,57.74,15.9,84.1,2745.75,1,0.38,1.45,1,2.66,0.69,1.77,0,173.69,3.25,0.36,0.33,106.64,38.13,426.88,94.44,31.34,37.73,39.63,60.28,18.53,15.67,26.08,83.68,25.82,44.28,13.56,56.64,19.43,80.48,6.24,93.76,2706.92,0.92,0.3,1.07,1.09,3.38,0.93,1.41,0,204.52,2.43,0.36,0.37,135.05,48.86,447.94,118.73,63.04,50.52,35.84,86.41,41.5,19.08,25.83,59.05,13.27,35.73,10.01,51.45,20.92,79.08,7.71,92.29,2670.46,1.07,0.39,1.25,0.94,2.54,0.8,1.47,0,143.71,2.41,0.34,0.26,71.45,24.4,460.51,133.69,15.07,66.62,36.61,77.71,22.33,29.52,25.86,50.54,9.44,30.35,10.75,47.19,28.61,71.3,13.1,86.9,2551.05,0.8,0.37,0.98,1.24,2.72,1.02,0.97,0,196.2,3.06,0.37,0.35,109.15,39.96,418,136.09,33.39,75.9,48.34,106.74,33.02,34.83,38.89,60.01,11.34,39.21,9.45,0.39,85.97,0,100,0,1782.48,0.6,0.6,0,1.68,1.68,0,0,0,171.02,15.98,0.45,0.68,497.78,222.5,810.1,289.26,167.68,36.1,16.06,63.46,42.39,10.49,10.57,166.19,72.98,22.52,5.49,0.3,100.57,0,100,0,1731.3,0.67,0.67,0,1.5,1.5,0,0,0,167.9,3.32,0.45,0.68,301.91,136.25,731.99,150.66,116.26,29.49,6.13,14.2,6.16,5.79,2.24,167.83,117.43,24.49,3.89,53.48,31.64,68.22,15.12,84.88,3062.98,1.32,0.63,1.64,0.76,1.59,0.61,2.16,0,201,3.83,0.35,0.34,103.26,36.21,383.19,99.23,24.83,40.79,21.02,50.18,16.36,17.86,15.96,43.07,5.51,32.42,5.06,65.48,40.89,59,19.51,80.49,2942.61,1.05,0.5,1.43,0.96,2.01,0.7,2.01,0,190.76,2.29,0.37,0.27,81.68,30.28,397.84,65.77,24.45,54.62,9.5,52.7,22.48,23.87,6.35,48.82,4.99,40.64,3.15,0.39,116.76,0,100,0,1542.75,0.5,0.5,0,2.01,2.01,0,0,0,171.51,13.88,0.34,0.14,41.51,14.27,540.03,112.1,12.35,39.95,45.97,62.73,14.21,15.15,33.37,50.84,13.03,25.2,12.6,0.4,102.01,0,100,0,1634.79,0.55,0.55,0,1.81,1.81,0,0,0,177.11,6.02,0.36,0.14,40.92,14.56,503.08,109.36,4.55,86.87,35.14,76.85,8.76,43.65,24.44,69.59,7.54,51.36,10.69,41.23,28.53,71.33,11.38,88.62,2788.34,0.98,0.39,1.22,1.02,2.56,0.82,1.13,0,210.09,2.65,0.38,0.36,111.45,42.09,355.98,123.39,32.1,68.15,32.33,79.22,32.07,24.39,22.76,50.93,16.85,24.49,9.56,51.63,51.9,48.02,37.02,62.98,2817.96,0.77,0.55,1.01,1.29,1.81,0.99,1.12,0,221.11,2.71,0.37,0.39,138.08,51.21,361.73,133.42,26.5,82.04,54.78,100.29,21.83,36.48,41.98,60.1,22.03,25.24,12.8,0.4,104.97,0,100,0,1614.06,0.51,0.51,0,1.96,1.96,0,0,0,171.64,10.73,0.41,0.71,611.82,250.83,846.21,318.4,246.78,44.39,18,154.43,122.52,18.61,13.3,171.5,114.41,22.96,4.69,0.3,103.16,0,100,0,1694.36,0.65,0.65,0,1.54,1.54,0,0,0,179.71,3.77,0.45,0.66,308.04,138.9,735.95,150.17,120.84,31.47,5.35,14.77,6.39,6.26,2.12,172.02,119.53,25.03,3.23,8.63,37.57,60.93,13.66,86.34,2548.66,1.15,0.41,1.6,0.87,2.44,0.63,0.25,0,169.17,2.02,0.37,0.42,140.73,52.3,464.94,152.66,61.02,53.99,50.28,98.6,39.51,19.78,39.3,59.48,24.79,23.68,10.97,19.48,9.44,90.51,2.38,97.62,2588.85,1.3,0.33,1.4,0.77,3.05,0.71,0.65,0,103.75,3.34,0.36,0.36,118.42,42.84,500.22,152.27,68.87,43.24,53.71,99.68,40.3,16.16,43.22,65.22,26.18,28.5,10.49,1693298962,108552974,74.69,4.79,6.41,351.55,1693298962,108552974,74.69,4.79,6.41,351.55,1693298962,108552974,74.69,4.79,6.41,351.55
46.21,52.87,47.05,33.4,66.6,2673.77,0.77,0.48,1.09,1.3,2.06,0.92,15.17,0,195.92,3.95,0.36,0.29,87.89,31.65,463.18,115.53,25.38,68.81,36.21,78.92,22.7,29.73,26.49,52.33,11.89,30.67,9.72,46.21,52.87,47.05,33.4,66.6,2673.77,0.77,0.48,1.09,1.3,2.06,0.92,15.17,0,195.92,3.95,0.36,0.29,87.89,31.65,463.18,115.53,25.38,68.81,36.21,78.92,22.7,29.73,26.49,52.33,11.89,30.67,9.72,46.21,52.87,47.05,33.4,66.6,2673.77,0.77,0.48,1.09,1.3,2.06,0.92,15.17,0,195.92,3.95,0.36,0.29,87.89,31.65,463.18,115.53,25.38,68.81,36.21,78.92,22.7,29.73,26.49,52.33,11.89,30.67,9.72,59.83,70.04,29.79,55.84,44.16,2693.45,0.58,0.46,0.85,1.73,2.18,1.17,0.93,0,221.96,6.79,0.37,0.42,165.56,60.73,489.4,125.38,44.98,65.51,34,79.75,29.12,25.72,24.91,57.3,14.62,33.57,9.09,60.6,58.99,40.74,43.3,56.7,2731.96,0.62,0.45,0.86,1.62,2.21,1.17,1.02,0,203.21,5.67,0.34,0.2,59.05,20.05,484.01,112.12,40.21,49.32,33.17,64.65,23.49,17.58,23.59,66.33,18.77,37.92,9.58,52.36,43.85,56.02,21.72,78.28,2727.15,0.83,0.41,1.16,1.21,2.44,0.87,1.18,0,169.32,2.55,0.36,0.27,76.53,27.61,495.98,130.89,23.45,77.22,43.78,93.62,31.39,28.11,34.12,52.12,12.72,29.69,9.66,65.49,60.92,39.06,48.92,51.08,2950.48,0.7,0.56,0.91,1.44,1.79,1.1,1.34,0,199.74,4.65,0.36,0.35,112.21,40.32,484.86,135.89,20.17,56.36,51.98,84.45,23.24,19.52,41.68,53.6,15.29,27.98,10.3,0.44,91.17,0,100,0,1724.26,0.52,0.52,0,1.94,1.94,0,0,0,147.29,11.12,0.34,0.75,627.56,214.19,761,249.22,141.86,35.83,15.14,71.1,47.41,13.44,10.26,165.3,115.9,27.81,4.89,0.25,106.74,0,100,0,1837.07,0.74,0.74,0,1.36,1.36,0,0,0,181.67,6.26,0.45,0.67,310.08,138.16,694.53,148.03,112.76,27.39,5.67,7.94,1.58,4.05,2.3,153.11,107.89,26.53,3.37,84.19,51.91,48.05,38.34,61.66,2508.86,0.7,0.52,0.9,1.43,1.94,1.12,1.47,0,212.12,3.45,0.36,0.27,59.77,21.73,426.59,103.46,26.66,100.06,33.5,93.44,21.05,50.44,21.95,47.83,8.1,28.17,11.54,80.04,35.38,64.6,24.06,75.94,2523.77,0.74,0.5,0.87,1.35,1.99,1.15,1.49,0,233.68,3.14,0.36,0.23,80.64,29.09,452.57,119.66,27.87,99.72,35.18,99.81,24.67,48.83,26.31,53.35,7.99,36.5,8.87,41.53,42.51,57.46,24.41,75.59,2481.59,0.87,0.5,1.14,1.15,2,0.87,0.9,0,177.07,3.26,0.45,0.69,420.87,188.38,774.11,270.12,209.28,38.32,11.67,102.5,79.86,15.67,6.96,171.51,113.07,26.04,4.7,43.63,44.18,55.73,21.37,78.63,2471.86,0.96,0.47,1.36,1.04,2.14,0.74,1.04,0,222.63,3.76,0.45,0.66,313.21,142.43,688.84,149.11,114.66,25.81,5.55,7.34,1.01,4.26,2.06,157.45,110.3,26.38,3.49,71.95,55.65,44.27,34.46,65.54,2754.41,0.85,0.53,1.26,1.17,1.9,0.79,1.69,0,171.98,3.58,0.36,0.32,90.85,32.89,457.95,118.9,22.02,48.61,25.32,55.66,19.56,18.42,17.68,52.5,12.31,32.52,7.64,65.5,63.97,35.95,41.36,58.64,2814.26,0.79,0.51,1.29,1.26,1.96,0.78,1.46,0,193.14,5.4,0.35,0.23,68.12,23.63,472.8,81.53,22.54,54.23,22.69,58.49,19.63,24,14.86,54.88,19.07,27.95,7.82,0.4,106.43,0,100,0,1473.4,0.57,0.57,0,1.77,1.77,0,0,0,172.99,15.95,0.44,0.7,417.06,183.1,789.1,237.1,180.66,34.31,14.15,83.71,61.79,12.27,9.65,146.65,104.9,24.97,4.5,0.35,100.87,0,100,0,1499.22,0.67,0.67,0,1.49,1.49,0,0,0,177.56,4.52,0.45,0.67,309.52,140.41,674.37,146.59,114.77,28.24,5.29,8.48,1.89,4.74,1.85,146.36,106.38,25.56,3.43,59.68,43.39,56.41,18.79,81.21,2737.04,0.95,0.41,1.36,1.06,2.44,0.73,1.54,0,161.91,3.13,0.37,0.29,81.79,30.2,433.94,111.31,18.89,56.28,35.91,67.14,17.33,24.69,25.12,50.69,12.96,26.94,10.79,53.44,56.78,43.32,31.64,68.36,2671.88,0.77,0.43,1.21,1.31,2.34,0.83,1.09,0,187.59,2.82,0.36,0.34,110.32,39.66,453.16,109.79,18.03,63.34,36.9,74.85,19.13,29.49,26.23,39.39,3.31,25.4,10.68,1616539320,96633687,65.33,3.91,5.98,314.44,1616539320,96633687,65.33,3.91,5.98,314.44,1616539320,96633687,65.33,3.91,5.98,314.44
41.81,41.61,58.47,22.92,77.08,2598.34,0.92,0.51,1.21,1.09,1.98,0.83,15.97,0,194.44,3.6,0.36,0.29,80.83,29.39,454.26,108.77,22.66,49.78,35.8,65.72,18.36,21.4,25.96,51.87,9.29,32.71,9.84,41.81,41.61,58.47,22.92,77.08,2598.34,0.92,0.51,1.21,1.09,1.98,0.83,15.97,0,194.44,3.6,0.36,0.29,80.83,29.39,454.26,108.77,22.66,49.78,35.8,65.72,18.36,21.4,25.96,51.87,9.29,32.71,9.84,41.81,41.61,58.47,22.92,77.08,2598.34,0.92,0.51,1.21,1.09,1.98,0.83,15.97,0,194.44,3.6,0.36,0.29,80.83,29.39,454.26,108.77,22.66,49.78,35.8,65.72,18.36,21.4,25.96,51.87,9.29,32.71,9.84,48.06,68.35,31.6,59.36,40.64,2652.99,0.59,0.52,0.76,1.68,1.94,1.31,0.76,0,217.88,4.21,0.35,0.38,137.23,48.63,550.99,105.51,40.27,51.12,31.51,71.57,21.43,27.99,22.15,60.51,28.41,22.84,9.36,42.44,46.32,53.69,37.13,62.87,2700.6,0.73,0.59,0.86,1.36,1.7,1.16,0.84,0,170.1,3.89,0.37,0.24,64.83,23.89,469.36,114.31,32.24,53.52,31.31,66.64,27,18.1,21.54,79.56,22.76,47.1,9.77,74.91,31.77,68.33,15.99,84.01,2521.61,0.91,0.46,1.12,1.09,2.17,0.89,1.73,0,134.49,3.67,0.35,0.26,62.94,21.87,484.57,127.9,21.03,62.8,47.27,83.72,22.56,25.35,35.82,54.5,11.86,31.26,11.45,73.47,38.76,61.21,27.61,72.39,2553.37,0.9,0.64,1.06,1.11,1.56,0.94,1.69,0,170.31,2.64,0.36,0.41,136.6,48.62,405.48,111.72,20.74,59.6,28.26,66.96,23.92,22.15,20.89,51.55,7.08,37.12,7.37,0.39,137.95,0,100,0,1503.9,0.46,0.46,0,2.18,2.18,0,0,0,172.38,11,0.4,0.72,476.66,191.84,828.31,221.01,236.74,43.87,14.19,146.33,117.08,20.27,8.99,173.14,118.01,24.47,5.21,0.3,97.45,0,100,0,1724.47,0.72,0.72,0,1.4,1.4,0,0,0,169.35,6.35,0.44,0.67,330.13,145.63,701.67,145.67,115.22,28.52,5.7,9.08,2.27,4.95,1.87,165.63,116.21,24.95,3.84,70.84,42.46,57.75,20.71,79.29,2510.46,0.97,0.47,1.33,1.03,2.12,0.75,1.72,0,226.83,5.86,0.35,0.24,63.99,22.68,510.6,105.72,28.62,37.7,27.14,54.02,13.56,19.88,20.58,62.2,4.97,50.65,6.56,73.15,31.11,68.95,14.78,85.22,2539.73,1.14,0.54,1.42,0.87,1.84,0.71,2.13,0,194.71,3.46,0.36,0.24,67.42,24.32,416.93,86.03,18.34,45.64,28.87,53.65,14.06,20.8,18.79,50.92,3.88,36.97,10.08,40.86,20.26,79.67,7.46,92.54,2622.25,1.36,0.5,1.58,0.73,2,0.63,1.46,0,201.35,3.19,0.36,0.12,24.99,8.93,418.94,79.62,238.82,40.4,25.6,135.17,102.77,16.71,15.68,139.89,101.35,20.45,9.92,34.64,33.67,66.42,20.51,79.49,2751.58,0.85,0.52,1.01,1.18,1.94,0.99,0.81,0,195.16,3.15,0.36,0.16,38.29,13.88,455.73,106.33,115.41,27.68,5.57,9.91,1.61,4.87,3.43,164.45,115.87,22.88,2.15,57.2,37.91,62.08,19.94,80.06,2584.68,0.86,0.45,1.12,1.16,2.2,0.9,1.28,0,183.85,2.56,0.38,0.31,88.46,33.59,454.14,105.69,21.17,46.25,38.02,65.7,15.4,22.34,27.95,45.09,11.12,23.79,10.07,54.12,47.88,52.17,27.46,72.54,2528.93,0.9,0.52,1.26,1.11,1.93,0.8,1.24,0,233.42,4.65,0.38,0.41,125.62,47.24,440.39,101.74,21.76,49.32,29.57,58.47,20.62,17.24,20.61,38.07,7.55,21.51,8.96,0.4,109.19,0,100,0,1476.07,0.58,0.58,0,1.73,1.73,0,0,0,173,19.87,0.4,0.7,496.74,199.62,819.05,224.64,189.77,40,12.46,122.91,96.43,18.35,8.14,132.39,102.74,21.11,4.32,0.34,105.72,0,100,0,1460.1,0.69,0.69,0,1.46,1.46,0,0,0,166.66,6.55,0.43,0.68,361.08,154.16,688.42,148.02,116.12,29.5,6,9.54,2.18,5.41,1.95,173.36,117.09,24.69,4.05,48.08,53.97,46.13,23.8,76.2,2750.59,0.85,0.38,1.41,1.17,2.65,0.71,1.13,0,208.77,2.64,0.37,0.37,113.95,41.68,460.28,109.87,16.69,39.35,43.31,60.13,12.19,17.11,30.82,60.42,21.7,26.18,12.49,50.35,50.26,49.89,28.34,71.66,2696.62,0.87,0.49,1.26,1.15,2.03,0.8,1.19,0,205.68,4.14,0.36,0.23,68.04,24.7,506.03,127.56,15.29,62.94,50.11,88.32,19.5,30.15,38.68,39.39,3.87,24.06,11.43,1566002552,103907299,63.12,4.19,6.64,330.24,1566002552,103907299,63.12,4.19,6.64,330.24,1566002552,103907299,63.12,4.19,6.64,330.24
29.55,52.77,47.15,30.19,69.81,3077.55,1.11,0.64,1.65,0.9,1.57,0.61,16.19,0,164.32,3.8,0.37,0.23,64.87,23.69,484.85,69.97,24.63,23.52,17.41,32.61,13.09,8.34,11.19,32.22,11.85,14.12,6.22,29.55,52.77,47.15,30.19,69.81,3077.55,1.11,0.64,1.65,0.9,1.57,0.61,16.19,0,164.32,3.8,0.37,0.23,64.87,23.69,484.85,69.97,24.63,23.52,17.41,32.61,13.09,8.34,11.19,32.22,11.85,14.12,6.22,29.55,52.77,47.15,30.19,69.81,3077.55,1.11,0.64,1.65,0.9,1.57,0.61,16.19,0,164.32,3.8,0.37,0.23,64.87,23.69,484.85,69.97,24.63,23.52,17.41,32.61,13.09,8.34,11.19,32.22,11.85,14.12,6.22,40.37,67.45,32.68,39.52,60.48,2903.58,0.85,0.5,1.57,1.18,2.01,0.64,1,0,145.56,4.47,0.37,0.43,141.16,52.19,521.52,83.4,47.71,27.22,18.06,44.21,22.95,9.39,11.88,46.12,22.74,17.22,6.19,28.7,63.79,35.84,33.91,66.09,2720.95,0.78,0.41,1.43,1.29,2.43,0.7,0.6,0,216.42,4.97,0.38,0.29,94.78,35.83,509.35,67.18,50.18,28.55,11.75,41,22.97,10.06,7.98,25.23,8.84,12.64,3.78,57.78,51.43,48.35,35.1,64.9,2993.31,1.16,0.79,1.56,0.86,1.26,0.64,2.01,0,172.31,4.84,0.36,0.22,43.56,15.68,476.42,64.76,43.54,30.63,15.98,46.3,24.29,11.52,10.49,36.09,17.78,12.8,5.49,63.88,55.5,44.44,37.92,62.08,3109.37,1.36,0.93,1.9,0.74,1.08,0.53,2.7,0,133.29,3.05,0.36,0.17,49.56,17.98,528.16,58.71,15.66,27.13,15.13,29.7,9.45,10.43,9.83,39.81,20.48,14.02,5.3,0.49,94.2,0,100,0,1749.55,0.48,0.48,0,2.1,2.1,0,0,0,164.39,16.78,0.4,0.7,532.92,214.97,766.5,190.21,229.93,43.72,12.13,138.59,111.91,19.62,7.05,162.49,96.36,21.69,5.08,0.35,98.33,0,100,0,1765.25,0.62,0.62,0,1.6,1.6,0,0,0,173.53,8.17,0.47,0.65,279.84,132.69,690.23,156.67,119.93,29.53,7.19,16.61,6.8,6.66,3.15,168.41,115.72,23.54,4.04,63.64,63.26,36.56,44.19,55.81,3556.05,0.93,0.65,1.42,1.07,1.54,0.7,2.11,0,200.01,4.73,0.36,0.19,52.03,18.79,467.06,88.1,36.43,26.94,17.59,39.72,19.06,9.6,11.06,27.96,12.98,8.44,6.52,41.67,68.33,31.87,51.03,48.97,3474.01,0.72,0.54,1.11,1.39,1.86,0.9,1.04,0,170.37,3.66,0.36,0.23,55.99,20.09,534.37,87.3,20.57,21.88,21.17,31.4,10.94,7.17,13.29,37.75,14.27,15.6,7.88,0.45,103.27,0,100,0,1739.99,0.47,0.47,0,2.15,2.15,0,0,0,166.54,18.4,0.38,0.71,606.06,227.93,804.94,82.54,24.38,19.56,15.57,25.87,11.19,5.81,8.87,24.99,3.16,15.08,6.7,0.31,99.68,0,100,0,1907.16,0.61,0.61,0,1.63,1.63,0,0,0,167.15,4.46,0.48,0.65,272.54,129.9,687.82,51.8,20.37,29.24,17.43,32.79,11.69,10.62,10.48,31.45,7.91,16.52,6.96,60.93,43.39,56.42,22.3,77.7,3006.24,1.29,0.66,1.77,0.78,1.52,0.57,2.35,0,141.43,2.85,0.38,0.16,64.57,24.49,437.11,65.64,11.61,12.84,22.4,25.66,6.85,4.41,14.4,30.1,5.63,16.47,8,58.49,23.05,76.97,6.24,93.76,2883.4,1.58,0.43,1.92,0.63,2.34,0.52,2.66,0,158.25,2.89,0.34,0.23,67.96,23.28,478.61,61.98,10.27,22.58,16.93,25.73,7.09,7.6,11.04,24.54,4.71,13.94,5.9,0.47,101.53,0,100,0,1767.85,0.45,0.45,0,2.21,2.21,0,0,0,163.77,24.44,0.42,0.69,445.12,188.58,815.31,194.16,235.59,44.42,10.16,159.48,132.49,21.14,5.85,166.78,117.71,21.48,4.31,0.33,101.81,0,100,0,1753.4,0.64,0.64,0,1.56,1.56,0,0,0,165.46,4.42,0.48,0.66,270.07,129.89,686.54,157.17,117.13,29.63,7.38,14.2,6.12,5.31,2.77,160.95,112.6,24.72,4.61,31.72,57.76,42.04,28.52,71.48,3023.15,1.01,0.5,1.71,0.99,2.02,0.59,0.96,0,213.53,8.44,0.36,0.19,42.81,15.21,486.88,63.09,41.43,31.37,16,41.22,19.24,11.41,10.57,40.17,22.15,12.58,5.43,23.65,31.72,68.36,16.21,83.79,2825.04,1.12,0.57,1.37,0.89,1.75,0.73,0.75,0,57.28,1.43,0.36,0.28,88.67,31.87,422.91,81.37,40.83,37.6,18.1,47.75,20.82,15.32,11.61,52.41,25.82,19.95,6.5,1071091835,114411710,37.52,4.01,10.68,362.94,1071091835,114411710,37.52,4.01,10.68,362.94,1071091835,114411710,37.52,4.01,10.68,362.94
36.96,55.33,44.61,22.56,77.44,3399.42,1.2,0.49,2.08,0.83,2.05,0.48,24.09,0,143.64,2.29,0.36,0.21,46.16,16.59,500.72,56.32,9.1,19.21,15.91,22.51,6.03,5.8,10.68,28.67,8.69,14.72,5.23,36.96,55.33,44.61,22.56,77.44,3399.42,1.2,0.49,2.08,0.83,2.05,0.48,24.09,0,143.64,2.29,0.36,0.21,46.16,16.59,500.72,56.32,9.1,19.21,15.91,22.51,6.03,5.8,10.68,28.67,8.69,14.72,5.23,36.96,55.33,44.61,22.56,77.44,3399.42,1.2,0.49,2.08,0.83,2.05,0.48,24.09,0,143.64,2.29,0.36,0.21,46.16,16.59,500.72,56.32,9.1,19.21,15.91,22.51,6.03,5.8,10.68,28.67,8.69,14.72,5.23,61.43,72.65,27.53,36.1,63.9,3418.62,0.78,0.39,1.82,1.28,2.57,0.55,1.65,0,172.31,4.31,0.35,0.19,47.56,16.79,441.95,71.09,26.63,29.54,17.81,35.25,11.2,12.2,11.86,43.39,17.68,19.74,5.96,52.65,65.83,34.09,31.16,68.84,3362.46,0.95,0.45,1.92,1.05,2.22,0.52,1.68,0,148.07,2.99,0.36,0.12,35.69,12.96,483.04,91.94,66.49,28.85,22.39,50.74,27.65,8.98,14.11,52.67,23.43,20.94,8.28,64.81,58.1,41.73,25.81,74.19,3587.41,1.14,0.51,2.03,0.87,1.97,0.49,2.65,0,151.48,3.34,0.34,0.32,59.47,19.93,495.01,52.59,33.16,38.89,19.52,50.9,22.59,15.37,12.94,35.71,9.19,19.92,6.58,60.81,60.87,39.02,31.45,68.55,3499.3,1.02,0.53,1.79,0.98,1.9,0.56,2.16,0,132.88,1.65,0.36,0.32,105.1,37.87,486.57,43.05,11.54,41.19,11.18,36.62,10.99,17.73,7.9,34.3,12.82,18.19,3.29,0.39,114.74,0,100,0,1721.83,0.47,0.47,0,2.12,2.12,0,0,0,173.46,13.36,0.41,0.71,522.72,213.15,788.26,213.92,164.32,35.46,10.47,57.72,41.55,10.6,5.58,152.23,108.92,20.87,4.89,0.29,101.34,0,100,0,1750.3,0.7,0.7,0,1.44,1.44,0,0,0,171.35,5.25,0.49,0.66,276.62,134.68,739.92,152.63,123.3,33.11,6.02,17.63,8.77,6.66,2.2,174.91,122.2,26.13,3.82,79.09,36.61,63.38,10.72,89.28,3552.71,1.94,0.57,2.73,0.52,1.76,0.37,5.44,0,131.57,1.1,0.4,0.23,39.81,15.73,485.41,35.44,4.99,10.7,9.06,10.14,2.44,1.08,6.62,15.25,2.67,10.13,2.43,55.85,52.47,47.52,22.39,77.61,3377.5,1.17,0.5,1.92,0.85,2,0.52,2.22,0,115.29,1.66,0.38,0.24,42.07,15.85,549.75,51.52,0.91,8.89,15.63,11.47,0.58,0.29,10.61,15.63,1.07,9.53,5.02,0.33,115.74,0,100,0,1709.64,0.54,0.54,0,1.86,1.86,0,0,0,174.08,13.13,0.47,0.7,423.07,199.29,804.05,206.5,184.09,36.69,9.06,108.27,87.87,15.61,4.79,179.79,131.24,23.55,4.27,0.28,101.16,0,100,0,1765.05,0.7,0.7,0,1.43,1.43,0,0,0,180.55,5.41,0.49,0.66,277.31,135.71,744.99,151.94,121.91,31.74,5.92,16.27,7.85,6.24,2.18,175.36,122.68,25.57,3.74,61.15,55.36,44.63,26.35,73.65,3306.28,1.04,0.49,1.71,0.96,2.02,0.58,2.1,0,125.09,1.76,0.34,0.17,37.84,12.95,556.75,48,5.18,21.43,11.97,20.88,5.24,7.33,8.31,41.47,16.38,21.44,3.65,58.19,50.32,49.62,19.67,80.33,3324.21,1.29,0.51,2.09,0.77,1.98,0.48,2.5,0,158.82,3.02,0.35,0.26,44.82,15.51,500.94,66.9,31.58,40.63,19.69,51.07,21.93,16.29,12.84,43.18,15.32,21.04,6.85,0.44,99.69,0,100,0,1802.21,0.44,0.44,0,2.28,2.28,0,0,0,174.12,12.66,0.45,0.7,459.95,206.66,811.93,250.65,180.79,35.22,12.1,70.25,52.01,10.59,7.65,183.35,130.24,22.73,4.45,0.25,97.58,0,100,0,1997.19,0.7,0.7,0,1.42,1.42,0,0,0,177.4,5.36,0.49,0.67,276.8,134.71,742.83,153.69,121.14,34.64,6.27,16.88,7.83,6.7,2.36,175.19,122.27,26.39,3.92,46.62,49.86,50.13,20.42,79.58,3345.83,1.26,0.51,1.99,0.8,1.94,0.5,1.96,0,213.33,3.24,0.35,0.18,52.74,18.67,434.11,91.71,18.88,32.11,21.37,42.01,13.73,14.2,14.09,51.56,26.1,18.02,7.29,49.46,56.42,43.06,23.96,76.04,3150.76,1.11,0.47,1.95,0.9,2.13,0.51,1.72,0,150.84,3.15,0.36,0.16,34.34,12.31,434.84,95.6,25.83,40.58,32.2,55.7,17.71,17.72,20.28,51.21,21.17,18.12,11.92,897897591,139654890,26.19,4.07,15.55,351.46,897897591,139654890,26.19,4.07,15.55,351.46,897897591,139654890,26.19,4.07,15.55,351.46
25.18,42.16,57.79,12.36,87.64,3275.93,1.6,0.47,2.42,0.63,2.14,0.41,21.08,0,114.38,1.93,0.36,0.14,24.61,8.75,520.32,42.51,11.01,20.79,14.23,22.82,6.47,6.47,9.88,25.24,6.55,14.32,4.35,25.18,42.16,57.79,12.36,87.64,3275.93,1.6,0.47,2.42,0.63,2.14,0.41,21.08,0,114.38,1.93,0.36,0.14,24.61,8.75,520.32,42.51,11.01,20.79,14.23,22.82,6.47,6.47,9.88,25.24,6.55,14.32,4.35,25.18,42.16,57.79,12.36,87.64,3275.93,1.6,0.47,2.42,0.63,2.14,0.41,21.08,0,114.38,1.93,0.36,0.14,24.61,8.75,520.32,42.51,11.01,20.79,14.23,22.82,6.47,6.47,9.88,25.24,6.55,14.32,4.35,5.92,77.57,22.03,55.04,44.96,2693.64,0.81,0.58,1.65,1.23,1.74,0.6,0.13,0,189.21,2.66,0.38,0.68,354.68,135.07,431.45,67.09,8.06,40.24,15.39,38.15,9.82,18.04,10.3,30.07,4.63,20.31,5.09,5.9,11.63,88.45,1.96,98.04,3103.89,2.13,0.36,2.36,0.47,2.79,0.42,0.39,0,174.7,4.82,0.36,0.68,403.72,145.71,543.02,82.4,33.56,35.67,27.37,50.33,19.64,13.47,17.22,46.3,15.98,20.23,10.14,48.46,52.37,47.4,19.27,80.73,3176.02,1.15,0.42,1.95,0.87,2.37,0.51,1.76,0,146.81,2.9,0.35,0.35,92.01,32.44,459.46,67.51,12.33,29.84,21.09,34.92,9.25,11.95,13.72,33.93,8.22,18.33,7.37,56.52,70.16,29.73,40.78,59.22,3100.47,0.83,0.48,1.64,1.21,2.09,0.61,1.45,0,208.24,4.7,0.36,0.35,111.05,39.88,511.5,83.83,22.12,26.75,16.87,31.58,11.47,9.27,10.84,38.1,11.76,20.27,6.02,0.27,102.77,0,100,0,1786.52,0.67,0.67,0,1.49,1.49,0,0,0,172.28,9.53,0.41,0.7,437.33,180.18,768.16,186.34,159.5,32.53,8.87,50,37.12,9.16,3.72,182.47,126.64,25.02,5.15,0.25,104.07,0,100,0,1796.93,0.73,0.73,0,1.36,1.36,0,0,0,170.87,4.33,0.47,0.68,313.08,145.76,724.98,153.33,121.63,29.6,5.4,7.24,0.69,4.91,1.64,175.11,122.23,25.78,3.76,61.54,46.14,53.83,12.67,87.33,3464.14,1.49,0.41,2.41,0.67,2.45,0.41,3.17,0,81.11,1.59,0.36,0.17,31.77,11.3,512.55,31.64,11.55,21.17,9.27,20.2,6.84,6.36,7.01,17.61,4.03,11.32,2.26,78.62,27.95,72.06,6.02,93.98,3569.98,2.21,0.48,2.88,0.45,2.1,0.35,6.19,0,63.7,0.59,0.35,0.08,13.1,4.54,519.87,40.74,5.23,14.76,17.72,18.55,3.24,3.29,12.03,20.05,3.52,10.83,5.69,0.28,110.08,0,100,0,1729.5,0.62,0.62,0,1.6,1.6,0,0,0,171.93,8.45,0.41,0.7,438.08,181.39,765.19,183.14,168.63,31.31,6.58,47.77,36.74,8.3,2.73,178.41,127.92,25.31,3.84,0.25,102.25,0,100,0,1768.34,0.74,0.74,0,1.35,1.35,0,0,0,171.15,4.37,0.47,0.68,312.11,145.89,721.2,154.52,121.41,28.8,5.55,7.11,0.56,4.76,1.78,167.84,120.28,25.18,3.77,79.6,26.5,73.47,6.64,93.36,3203.3,1.99,0.5,2.53,0.5,2.01,0.4,5.07,0,127.24,1.75,0.34,0.05,7.11,2.43,537.16,38.13,9.75,15.49,11.38,16.3,4.52,3.54,8.24,25.71,8.65,13.92,3.14,64.51,44.36,55.63,15.93,84.07,3173.31,1.42,0.51,2.14,0.71,1.97,0.47,2.9,0,138.47,3.04,0.35,0.14,20.93,7.4,533.25,37.86,12.94,19.46,14.02,22.09,6.67,5.64,9.79,25.89,7.54,14.11,4.23,0.26,107.22,0,100,0,1750.36,0.69,0.69,0,1.45,1.45,0,0,0,171.27,8.41,0.41,0.7,441.39,182.67,766.84,184.02,178.25,33.53,6.41,55.55,43.95,8.95,2.65,174.51,128,22.61,3.76,0.24,106.04,0,100,0,1740.93,0.76,0.76,0,1.32,1.32,0,0,0,171.32,4.41,0.47,0.68,316.75,147.38,722.13,156.89,119.37,31.59,5.71,7.52,1.21,4.6,1.71,171.68,120.38,26.12,3.99,0.27,100.46,0,100,0,1794.1,0.69,0.69,0,1.45,1.45,0,0,0,171.62,8.34,0.41,0.7,438.02,179.9,766.95,179.91,174.56,31.12,6.22,53.71,42.33,8.78,2.6,177.65,123.07,23.34,3.62,0.23,104.27,0,100,0,1775.23,0.78,0.78,0,1.29,1.29,0,0,0,171.55,4.39,0.46,0.68,307.01,142.64,722.76,158.86,121.35,28.94,5.79,7.2,0.24,4.74,2.22,172.04,122.11,24.22,3.57,727448972,117711207,21.99,3.56,16.18,352.79,727448972,117711207,21.99,3.56,16.18,352.79,727448972,117711207,21.99,3.56,16.18,352.79
27.58,40.3,59.87,12.89,87.11,2911.62,1.71,0.55,2.5,0.58,1.82,0.4,22.07,0,110.47,1.37,0.37,0.15,29.51,10.82,514.91,42.36,9.06,20.29,14.71,22.93,6.4,6.33,10.2,21.29,3.54,13.2,4.52,27.58,40.3,59.87,12.89,87.11,2911.62,1.71,0.55,2.5,0.58,1.82,0.4,22.07,0,110.47,1.37,0.37,0.15,29.51,10.82,514.91,42.36,9.06,20.29,14.71,22.93,6.4,6.33,10.2,21.29,3.54,13.2,4.52,27.58,40.3,59.87,12.89,87.11,2911.62,1.71,0.55,2.5,0.58,1.82,0.4,22.07,0,110.47,1.37,0.37,0.15,29.51,10.82,514.91,42.36,9.06,20.29,14.71,22.93,6.4,6.33,10.2,21.29,3.54,13.2,4.52,23.73,62.35,37.94,30.97,69.03,2537.91,1.24,0.62,2.27,0.81,1.62,0.44,0.75,0,209.51,3.03,0.37,0.28,98.88,36.28,441.79,83.07,172.47,32.82,25.14,96.93,68.64,12.18,16.12,140.5,108.9,21.11,9.02,16.28,63.51,36.39,45.86,54.14,2383.83,1.11,0.8,1.64,0.9,1.25,0.61,0.43,0,156.87,1.74,0.35,0.1,29.61,10.46,506.83,99.26,123.7,30.4,30.71,29.38,4.11,5.71,19.56,176.16,119.57,24.21,11.15,63.4,65.21,34.91,32.21,67.79,2657.25,0.9,0.45,1.75,1.11,2.24,0.57,1.52,0,202.55,2.46,0.36,0.14,22.59,8.1,485.33,76.61,34.57,41.52,30.22,59.21,22.42,17.59,19.2,32.61,3.98,17.54,11.02,65.76,57.67,42.29,31.56,68.44,2626.23,1.08,0.59,1.74,0.93,1.7,0.57,1.86,0,179.4,1.7,0.37,0.5,180.22,66.36,444.76,101.82,21.88,39.54,29.19,49.07,13.77,16.9,18.4,85.49,45.29,29.08,10.79,0.34,107.85,0,100,0,1759.45,0.59,0.59,0,1.68,1.68,0,0,0,168.93,9.04,0.45,0.68,363.99,162.39,766.9,187.95,149.19,32.88,9.07,36.75,24.86,8.09,3.79,177.74,126.99,24.51,5.28,0.31,103.81,0,100,0,1765.43,0.67,0.67,0,1.5,1.5,0,0,0,168.14,3.42,0.5,0.67,274.29,137.42,725.84,154.57,122.31,31.38,5.6,10.68,3.68,5.26,1.74,170.25,120.87,25.18,3.85,27.22,28.08,71.87,6.19,93.81,3902.79,1.84,0.41,2.4,0.54,2.46,0.42,1.96,0,181.4,3.52,0.36,0.11,26.22,9.47,558.91,41.63,9.91,20.77,16.13,24.52,6.89,6.49,11.14,18.82,2.02,11.81,4.99,91.02,6.96,93.5,1.13,98.87,3963.5,3.17,0.52,3.36,0.32,1.93,0.3,11.48,0,59.07,0.33,0.37,0.15,25.51,9.37,560.54,24.86,4.9,13.47,7.77,11.89,3.19,2.59,6.12,13.29,2.1,9.54,1.65,0.34,129.41,0,100,0,1721.21,0.48,0.48,0,2.08,2.08,0,0,0,165.14,7.37,0.45,0.69,364.99,163.03,771.41,182.43,148.17,30.56,6.64,33.22,23.74,6.65,2.83,171.76,127.31,23.31,3.81,0.32,104.68,0,100,0,1782.46,0.63,0.63,0,1.58,1.58,0,0,0,164.14,3.31,0.5,0.67,274.1,138.38,720.6,153.84,122.67,30.23,5.47,11.33,3.92,5.61,1.79,169.46,120.64,24.76,3.68,73.39,56.68,43.25,32.4,67.6,2462.55,0.95,0.54,1.48,1.05,1.84,0.67,1.72,0,79.51,1.26,0.37,0.08,12.88,4.8,457.62,45.59,10.9,21.76,16.25,26.18,8.1,6.95,11.13,27.21,5.25,16.81,5.13,79.43,43.33,56.74,20.74,79.26,2495.28,1.25,0.6,1.74,0.8,1.68,0.57,2.47,0,74.73,1.19,0.37,0.16,24.48,8.95,478.44,34.74,3.7,17.62,12.86,18.14,3.88,5.12,9.14,21.77,2.54,15.49,3.72,0.32,107.19,0,100,0,1741.82,0.6,0.6,0,1.66,1.66,0,0,0,168.37,7.67,0.45,0.68,366.19,163.9,774.92,182.42,151.04,30.7,6.58,34.76,24.96,6.95,2.85,175.64,124.92,24.33,3.73,0.32,102.36,0,100,0,1767.29,0.65,0.65,0,1.54,1.54,0,0,0,166.23,3.29,0.5,0.67,277.21,139.23,722.97,154.24,122.17,30.92,5.77,11.59,4.24,5.46,1.89,173.2,120.68,26.43,3.89,0.32,106.34,0,100,0,1745.64,0.61,0.61,0,1.64,1.64,0,0,0,168.16,7.38,0.42,0.69,395.41,164.99,768.26,183.59,146.57,29.92,6.27,33.27,23.86,6.72,2.69,180.01,129.73,23.56,3.58,0.31,102.77,0,100,0,1764.79,0.66,0.66,0,1.52,1.52,0,0,0,168.03,3.34,0.5,0.67,275.41,138.41,728.71,154.31,123.02,29.91,5.27,10.17,3.15,5.32,1.7,171.16,121.42,24.67,3.57,693775930,109680598,21.24,3.36,15.81,354.66,693775930,109680598,21.24,3.36,15.81,354.66,693775930,109680598,21.24,3.36,15.81,354.66
31.82,50.45,49.58,23.45,76.55,3140.88,1.06,0.49,1.64,0.94,2.03,0.61,16.98,0,135.96,2.14,0.36,0.22,49.45,17.85,503.15,62.15,13.01,24.48,20.95,31.04,8.73,8.85,13.47,32.94,9.36,16.07,7.48,31.82,50.45,49.58,23.45,76.55,3140.88,1.06,0.49,1.64,0.94,2.03,0.61,16.98,0,135.96,2.14,0.36,0.22,49.45,17.85,503.15,62.15,13.01,24.48,20.95,31.04,8.73,8.85,13.47,32.94,9.36,16.07,7.48,31.82,50.45,49.58,23.45,76.55,3140.88,1.06,0.49,1.64,0.94,2.03,0.61,16.98,0,135.96,2.14,0.36,0.22,49.45,17.85,503.15,62.15,13.01,24.48,20.95,31.04,8.73,8.85,13.47,32.94,9.36,16.07,7.48,22.64,75.6,24.64,54.52,45.48,2837.01,0.74,0.54,1.38,1.34,1.86,0.73,0.48,0,215.48,3.88,0.35,0.08,28.19,9.79,541.57,100.55,7.29,40.24,7.83,31.54,8.28,18.18,5.07,57.77,32.39,22.6,2.76,22.87,66.15,33.8,37.7,62.3,2652.94,0.91,0.52,1.67,1.1,1.93,0.6,0.55,0,131.36,2.77,0.35,0.33,75.97,26.64,452.55,77.9,9.53,24.82,15.19,24.84,6.37,9.33,9.13,30.23,11.52,12.6,6.06,58.28,76.39,23.6,62.43,37.57,3354.76,0.59,0.48,0.94,1.7,2.07,1.07,1.15,0,127.89,1.63,0.34,0.11,20.52,6.99,546.57,50.06,13.91,11.49,10.99,16.12,6.21,2.24,7.67,31.42,10.3,17.82,3.32,58.08,63.09,36.88,40.82,59.18,3398.25,0.79,0.51,1.27,1.27,1.96,0.79,1.56,0,99.21,1.34,0.36,0.29,80.11,28.45,524.96,56.88,7.9,39.38,9.76,33.52,8.85,17.64,7.03,22.33,6.62,12.98,2.73,0.38,101.79,0,100,0,1439.12,0.65,0.65,0,1.54,1.54,0,0,0,177.18,20.46,0.42,0.74,502.15,208.72,740.27,213.15,166.06,39.58,12.92,103.67,80.58,15.32,7.77,151.26,106.23,25.41,5.15,0.31,103.11,0,100,0,1528.16,0.69,0.69,0,1.44,1.44,0,0,0,175.55,7.88,0.5,0.65,253.99,128.18,701.89,143.82,113.5,27.35,4.87,7.39,1.36,4.36,1.66,159.86,111.25,25.92,3.21,75.08,60.08,39.95,33.61,66.39,3272.27,0.79,0.44,1.31,1.27,2.27,0.77,1.93,0,154.32,2.26,0.36,0.34,92.58,33.3,484.74,84.58,12.62,17.62,31.37,31.95,7.54,4.96,19.45,44.22,12.65,19.62,11.91,92.64,43.85,56.14,17.33,82.67,3333.65,1.4,0.55,2.06,0.71,1.81,0.48,4.33,0,207.55,3.34,0.36,0.15,27.5,9.96,491.2,83.26,28.78,29,32.29,47.88,16.69,11.03,20.16,37.7,8.82,16.73,12.13,0.35,103.29,0,100,0,1623.03,0.59,0.59,0,1.68,1.68,0,0,0,175.99,11.45,0.44,0.68,387.82,171.53,755.13,237.66,156.28,37.02,15.43,100.26,74.07,15.73,10.47,165.57,95.03,24.34,4.96,0.28,103.55,0,100,0,1737.51,0.68,0.68,0,1.46,1.46,0,0,0,173.76,11.59,0.43,0.68,389.36,167.15,720.89,172.39,141.22,29.59,6.57,36.81,26.03,7.42,3.36,149.84,112.82,23.64,3.2,85.5,25.16,74.85,7.91,92.09,2975.13,1.36,0.43,1.68,0.73,2.33,0.6,3.47,0,105.77,1.13,0.37,0.24,56.87,21.12,515.48,48.23,16.25,26.77,20.79,33.71,10.89,9.56,13.27,26.77,5.86,13.4,7.52,91.81,35.19,64.76,13.51,86.49,2940.82,1.29,0.49,1.72,0.78,2.03,0.58,3.47,0,128.96,3.74,0.37,0.18,40.55,14.88,492.22,48.06,6.06,21.7,12.73,21.85,5.57,7.36,8.92,28.5,6.87,17.8,3.81,0.39,123.31,0,100,0,1460.94,0.5,0.5,0,1.99,1.99,0,0,0,171.38,13.99,0.38,0.75,554.99,209.06,749.25,209.1,181.51,35.34,10.76,72.79,55.14,11.24,6.4,162.39,108.01,26.02,4.36,0.31,102.52,0,100,0,1707.63,0.63,0.63,0,1.59,1.59,0,0,0,181.13,6.48,0.5,0.65,255.17,128.4,688.5,147.5,114.86,28.38,5.46,7.18,1.03,4.33,1.82,162.55,111.06,27.8,3.64,0.39,128.96,0,100,0,1435.46,0.48,0.48,0,2.06,2.06,0,0,0,175.67,13.4,0.43,0.7,418.69,179.52,778.34,177.32,167.37,37.96,9.42,92.98,74.95,12.32,5.72,143.83,89.71,24.31,3.7,0.3,108,0,100,0,1698.51,0.62,0.62,0,1.6,1.6,0,0,0,188.56,6.67,0.49,0.66,252,123.5,690.78,147.1,115.52,27.33,4.95,8.23,1.5,4.88,1.85,152.52,107.59,25.81,3.1,742561064,75208700,35.41,3.59,10.13,294.61,742561064,75208700,35.41,3.59,10.13,294.61,742561064,75208700,35.41,3.59,10.13,294.61
24.31,38.95,61.08,14.62,85.38,2641.43,1.36,0.51,1.9,0.74,1.96,0.53,13.97,0,140.47,1.91,0.36,0.2,44.9,16.37,495.11,60.91,18.56,24.38,20.17,31.86,10.3,8.45,13.11,31.44,9.19,15.12,7.07,24.31,38.95,61.08,14.62,85.38,2641.43,1.36,0.51,1.9,0.74,1.96,0.53,13.97,0,140.47,1.91,0.36,0.2,44.9,16.37,495.11,60.91,18.56,24.38,20.17,31.86,10.3,8.45,13.11,31.44,9.19,15.12,7.07,24.31,38.95,61.08,14.62,85.38,2641.43,1.36,0.51,1.9,0.74,1.96,0.53,13.97,0,140.47,1.91,0.36,0.2,44.9,16.37,495.11,60.91,18.56,24.38,20.17,31.86,10.3,8.45,13.11,31.44,9.19,15.12,7.07,20.49,57.73,42.17,25.56,74.44,2839.86,1.04,0.46,1.84,0.96,2.17,0.54,0.61,0,215.51,8.51,0.37,0.45,147.03,54.78,480.73,48.02,39.6,25.03,13.37,35.47,17.88,8.21,9.39,62.67,39.67,18.95,3.99,21.98,45.84,54.33,17.05,82.95,2799.89,1.22,0.46,1.87,0.82,2.2,0.53,0.75,0,155.92,1.63,0.36,0.26,94.4,33.76,508.53,91.48,40.46,25.58,27.82,43.94,18.04,8.78,17.12,41.72,15.92,15.02,10.7,42.23,51.81,48.58,26.24,73.76,2773.76,1.21,0.61,1.84,0.83,1.63,0.54,1.42,0,98.98,1.28,0.36,0.5,139.38,50.62,540.42,56.52,34.46,24.29,11.02,31,15.35,7.82,7.83,31.64,12.08,16.4,3.19,34.45,46.57,53.31,18.85,81.15,2748.94,1.11,0.45,1.69,0.9,2.22,0.59,1.05,0,147.65,1.99,0.36,0.21,35.72,12.72,558.51,44.82,28.21,20.19,16.1,27.28,10.85,5.8,10.64,38.83,15.19,18.19,5.46,0.45,102.13,0,100,0,1509.93,0.56,0.56,0,1.79,1.79,0,0,0,170.19,11.3,0.5,0.69,344.75,170.87,796.92,203.34,149.1,35.18,11.92,43.75,28.05,9.24,6.46,174.89,122.26,24.51,5.46,0.41,100.1,0,100,0,1461.06,0.62,0.62,0,1.61,1.61,0,0,0,169.42,3.21,0.51,0.66,251.82,128.94,695.12,148.31,123.26,33.89,5.69,16.1,7.72,6.58,1.8,165.83,117.96,24.2,3.89,54.35,39.58,60.17,15.4,84.6,2550.77,1.42,0.55,1.98,0.71,1.82,0.5,1.96,0,221.08,3.97,0.37,0.39,125.97,46.54,478.2,66.44,33.44,29.63,18.3,42.07,18.32,11.41,12.35,32.1,9.27,16.59,5.95,69.19,43.74,56.24,17.83,82.17,2527.42,1.35,0.55,1.97,0.74,1.82,0.51,2.35,0,173.61,2.31,0.37,0.21,45.27,16.6,468.54,87.65,13.8,34.95,29.04,43.47,10.99,14.47,18,26.18,3.4,11.74,11.04,0.45,103.22,0,100,0,1535.58,0.55,0.55,0,1.82,1.82,0,0,0,170.16,9.33,0.47,0.68,345.52,161.46,769.25,186.1,169.18,34.31,9.11,51.22,37.37,8.99,4.86,168.47,125.13,24.66,4.25,0.44,100.89,0,100,0,1633.29,0.55,0.55,0,1.81,1.81,0,0,0,172.84,3.29,0.52,0.65,248.93,129.3,705.2,149.8,126.81,30.58,5.33,23.01,14.15,7.18,1.67,168.12,117.86,23.94,3.66,43.34,43.46,56.72,17.83,82.17,2767.62,1.09,0.45,1.58,0.92,2.23,0.63,1.31,0,170.94,1.37,0.35,0.09,17.46,6.11,498.86,45.57,9.94,26.75,17.17,29.65,8.1,9.93,11.63,22.39,4.76,12.15,5.54,51.91,19.06,80.96,4.72,95.28,2745.32,1.82,0.45,2.14,0.55,2.22,0.47,2.59,0,84.08,1.09,0.31,0.03,5.63,1.77,463.97,57.87,4.54,16.36,24.71,23.51,3.42,4.23,15.86,30.98,5.29,16.86,8.85,0.42,109.05,0,100,0,1496.5,0.55,0.55,0,1.82,1.82,0,0,0,170.35,7.26,0.44,0.68,422.93,185.74,779.58,197.82,156.15,38.12,12,97.74,75.25,14.96,7.53,181.37,122.32,23.88,4.48,0.43,102.41,0,100,0,1442.61,0.57,0.57,0,1.74,1.74,0,0,0,174.5,3.37,0.52,0.65,248.21,129.46,692.9,154.55,117.29,30.3,6.13,14.25,6.47,5.61,2.17,173.21,120.31,24.89,3.96,23.45,25.2,74.76,8.46,91.54,2417.46,1.36,0.46,1.67,0.73,2.18,0.6,0.77,0,135.77,1.34,0.41,0.72,445.68,184.09,384.57,179.68,153.63,38.84,7.57,129.96,104.12,22.56,3.28,162.14,124.54,23.76,4.3,25.37,9.63,90.23,2.68,97.32,2383.86,1.88,0.52,2.03,0.53,1.91,0.49,1.14,0,111.15,1.32,0.5,0.64,259.67,131,567.94,145.33,118.82,29.68,5.32,13.53,5.92,5.99,1.62,170.65,119.86,23.44,3.7,658772490,69524179,29.46,3.11,10.55,289.52,658772490,69524179,29.46,3.11,10.55,289.52,658772490,69524179,29.46,3.11,10.55,289.52
15.76,17.7,82.49,5.29,94.71,2533.95,1.7,0.51,1.95,0.59,1.97,0.51,10.87,0,122.82,0.87,0.34,0.11,19.66,6.78,486.05,51.25,11.28,24.01,20.1,28.65,7.21,8.31,13.14,27.59,5.75,14.83,6.96,15.76,17.7,82.49,5.29,94.71,2533.95,1.7,0.51,1.95,0.59,1.97,0.51,10.87,0,122.82,0.87,0.34,0.11,19.66,6.78,486.05,51.25,11.28,24.01,20.1,28.65,7.21,8.31,13.14,27.59,5.75,14.83,6.96,15.76,17.7,82.49,5.29,94.71,2533.95,1.7,0.51,1.95,0.59,1.97,0.51,10.87,0,122.82,0.87,0.34,0.11,19.66,6.78,486.05,51.25,11.28,24.01,20.1,28.65,7.21,8.31,13.14,27.59,5.75,14.83,6.96,0.79,100.52,0,100,0,1565.68,0.53,0.53,0,1.88,1.88,0,0.01,0,183.65,5.81,0.3,0.36,124.42,37.09,515.11,124.78,45.13,22.91,12.65,23.94,11.06,4.41,8.46,45.38,22.94,18.25,4.19,0.22,95.58,0,100,0,2162.14,0.76,0.76,0,1.32,1.32,0,0,0,171.04,3.42,0.35,0.15,52.62,18.31,402.32,72.76,5.41,10.06,9.87,9.96,2.24,0.75,6.97,28.01,11.72,13.4,2.9,11.62,48.2,51.41,10.38,89.62,2519.37,1.34,0.29,2.32,0.75,3.49,0.43,0.39,0,197.69,4.09,0.37,0.17,24.53,9.03,539,60.68,24.6,28.47,25.13,39.49,12.56,10.95,15.98,30.68,9.32,12.12,9.15,9.18,49.34,51.18,14.63,85.37,2276.58,1.33,0.4,2.23,0.75,2.52,0.45,0.28,0,225.8,1.62,0.37,0.14,20.06,7.42,415.69,46.18,27.65,36.27,17.67,41.42,14.74,14.86,11.82,42.78,18.38,18.57,5.85,0.44,97.12,0,100,0,1329.44,0.61,0.61,0,1.64,1.64,0,0,0,170.66,12.11,0.46,0.68,352.31,162.66,747.97,197.51,169.59,38.34,16.3,122.17,94.64,16.06,11.47,148.86,106.66,27.16,4.83,0.23,96.02,0,100,0,1972.06,0.76,0.76,0,1.31,1.31,0,0,0,173.44,3.29,0.49,0.65,258.92,127.81,671.27,150.59,115.61,28.16,5.71,8.26,1.38,4.9,1.99,149.21,104.28,27.78,3.72,60.39,21.8,78.04,10.68,89.32,2604.58,1.58,0.77,1.8,0.63,1.3,0.55,2.48,0,81.74,0.73,0.33,0.11,22.28,7.42,462.83,64.72,14.86,29.61,27.97,39.72,10.65,11.53,17.54,30.69,4.03,16.2,10.43,63.86,12.2,87.77,2.45,97.55,2554.43,1.82,0.37,2.02,0.55,2.74,0.49,2.97,0,154.7,1.16,0.35,0.09,15.82,5.49,481.16,59.49,11.72,23.59,23.38,29.23,6.44,7.87,14.92,22.82,2.59,11.76,8.46,0.41,98.79,0,100,0,1277.27,0.67,0.67,0,1.5,1.5,0,0,0,162.99,12.1,0.42,0.71,469,196,759.17,203.7,186.37,41.23,12.43,160.66,131.49,21.51,7.66,159.9,112.43,26.66,4.76,0.41,93.28,0,100,0,1321.95,0.72,0.72,0,1.39,1.39,0,0,0,172.46,4.86,0.44,0.69,342.11,151.63,697.35,170.02,113.44,24.8,6.26,8.97,1.12,4.52,3.33,148.92,104.49,26.83,2.92,48.1,7.98,92.05,1.6,98.4,2544.42,1.79,0.36,1.91,0.56,2.8,0.52,2.19,0,137.6,0.79,0.32,0.09,13.55,4.27,480.58,47.11,7.92,22.17,16.28,24.82,6.3,7.35,11.17,22.63,3.64,13.84,5.11,55.16,13.73,87.37,3.31,96.69,2534.71,1.79,0.44,2,0.56,2.29,0.5,2.52,0,80.89,0.4,0.34,0.06,12.81,4.4,531.52,35.61,5.48,21.73,15.4,22.65,4.94,7.23,10.48,28.12,3.77,19.4,4.92,0.35,104.79,0,100,0,1461.22,0.62,0.62,0,1.61,1.61,0,0,0,169.56,7.3,0.44,0.67,387.69,171.13,728.18,201.31,174.98,39.58,11.33,121.69,94.73,20.24,6.72,152.68,107.2,27.17,4.61,0.23,101.15,0,100,0,1874.83,0.79,0.79,0,1.27,1.27,0,0,0,170.71,3.51,0.5,0.65,262.66,132.18,676.18,153.02,117.67,31.17,6.07,15.93,7.86,5.86,2.22,148.74,103.25,28.85,3.85,0.34,98.43,0,100,0,1451.74,0.7,0.7,0,1.43,1.43,0,0,0,167.47,10.48,0.47,0.69,384.76,181.9,727.77,202.82,156.58,36.74,11.24,72.42,53.79,11.83,6.8,155.03,108.44,26.69,4.45,0.28,103.72,0,100,0,1675.48,0.71,0.71,0,1.42,1.42,0,0,0,173.11,3.49,0.49,0.64,263.14,127.69,679.24,151.89,119.86,30.97,5.77,16.39,7.53,6.57,2.29,148.52,103.62,26.89,3.48,544806211,69406975,27.52,3.51,12.74,282.29,544806211,69406975,27.52,3.51,12.74,282.29,544806211,69406975,27.52,3.51,12.74,282.29
20.98,32.73,66.49,12.11,87.89,2803.54,1.51,0.56,1.98,0.66,1.8,0.5,14.12,0,133.84,1.66,0.34,0.13,25.97,8.85,472.34,47.41,11.91,24.69,17.38,27.23,7.35,8.6,11.29,30.04,1.68,22.23,6.1,20.98,32.73,66.49,12.11,87.89,2803.54,1.51,0.56,1.98,0.66,1.8,0.5,14.12,0,133.84,1.66,0.34,0.13,25.97,8.85,472.34,47.41,11.91,24.69,17.38,27.23,7.35,8.6,11.29,30.04,1.68,22.23,6.1,20.98,32.73,66.49,12.11,87.89,2803.54,1.51,0.56,1.98,0.66,1.8,0.5,14.12,0,133.84,1.66,0.34,0.13,25.97,8.85,472.34,47.41,11.91,24.69,17.38,27.23,7.35,8.6,11.29,30.04,1.68,22.23,6.1,30.37,38.05,61.89,7.9,92.1,2645.23,1.75,0.36,2.61,0.57,2.75,0.38,1.41,0,66.79,1.83,0.33,0.15,34.49,11.32,450.78,36.29,18.93,23.97,9.32,24.33,10.23,7.42,6.68,54.91,6.41,45.63,2.64,21.97,35.5,64.12,12.27,87.73,2885.47,1.52,0.52,2.08,0.66,1.91,0.48,0.96,0,217.05,2.66,0.32,0.16,28.62,9.2,507.88,78.67,7,26.57,29.59,35.1,6.32,10.17,18.6,70.16,1.92,57.11,10.99,52.97,29.22,69.78,6.46,93.54,2776.47,1.73,0.38,2.29,0.58,2.65,0.44,2.51,0,106.61,1.54,0.35,0.23,50.68,17.96,510.12,24.2,5.78,16.48,6.39,13.43,4.26,4.32,4.86,29.58,3.6,24.37,1.53,42.71,34.68,65.28,11.31,88.69,2807.55,1.3,0.42,1.77,0.77,2.36,0.57,1.56,0,131.58,1.65,0.38,0.2,39.99,15.02,417.27,30.89,7.94,22.12,9.46,20.07,5.97,7.17,6.93,20.68,1.83,16.3,2.52,0.38,102.52,0,100,0,1678.85,0.55,0.55,0,1.81,1.81,0,0,0,179.9,12.41,0.44,0.68,378.72,165.51,726.19,248.83,209.86,43.73,15.12,96.03,71.67,14.48,9.89,164.25,122.97,27.2,5.23,0.34,104.75,0,100,0,1712.81,0.58,0.58,0,1.71,1.71,0,0,0,178.83,7.64,0.48,0.65,294.75,140.62,694.26,158.86,120.2,33.4,6.88,23.46,12.72,7.69,3.06,154.86,109.39,25.54,3.83,52.12,20.89,78.42,4.33,95.67,2838.67,1.79,0.37,2.17,0.56,2.72,0.46,2.63,0,137.47,2.1,0.33,0.06,11.66,3.89,498.91,57.24,17.42,25.2,24.01,30.61,7.21,7.95,15.45,46.91,3.17,35.15,8.55,50.93,36.32,61.08,24.88,75.12,3150.39,1.27,0.84,1.52,0.79,1.18,0.66,1.98,0,108.2,0.76,0.28,0.09,17.36,4.78,480.09,41.96,7.22,32.68,17.39,31.68,6.99,13.58,11.11,24.27,0.39,17.62,6.28,0.42,97.16,0,100,0,1456.65,0.59,0.59,0,1.7,1.7,0,0,0,179.64,10.99,0.45,0.68,412.28,186.24,728.61,266.96,146.45,36.55,14.91,96.04,69.87,16.32,9.85,164.37,109.93,26.52,5.05,0.4,99.25,0,100,0,1475.58,0.61,0.61,0,1.65,1.65,0,0,0,185.14,11.62,0.43,0.68,371.64,161.05,707.88,164.92,128.3,32.18,6.97,28.9,17.82,7.71,3.36,157.14,112.6,23.71,3.61,38.31,38.22,61.64,16.32,83.68,2740.65,1.3,0.55,1.76,0.77,1.81,0.57,1.36,0,169.67,2.57,0.34,0.11,22.12,7.57,404.79,71.06,46.39,28.18,30.59,53.23,23.35,10.94,18.95,32.98,1.2,20.18,11.64,40.74,32.67,67.32,17.8,82.2,2579.13,1.48,0.81,1.81,0.67,1.24,0.55,1.56,0,152.76,1.63,0.35,0.14,27.71,9.71,475.72,83.4,29.19,27.77,32.17,43.76,14.26,9.8,19.7,29.62,0.5,16.65,12.48,0.41,101.26,0,100,0,1432.02,0.6,0.6,0,1.67,1.67,0,0,0,179.89,14.13,0.45,0.67,416.75,188.19,729.51,227,201.18,37.64,12.1,69.77,52.66,9.63,7.48,140.55,116.51,23.05,4.62,0.4,95.35,0,100,0,1444.16,0.64,0.64,0,1.57,1.57,0,0,0,185.36,7.61,0.45,0.61,307.58,139.42,667.59,159.84,118.42,31.27,7.24,16.75,7.73,5.95,3.07,163.67,112.26,26.7,4.17,0.44,91.78,0,100,0,1465.45,0.6,0.6,0,1.67,1.67,0,0,0,180.05,10.76,0.36,0.24,53.05,19.19,724.79,42.75,131.06,50.31,12.19,89.77,61.8,19.69,8.28,101.81,75.36,22.87,3.91,0.38,100.35,0,100,0,1431.1,0.61,0.61,0,1.63,1.63,0,0,0,184.62,7.81,0.37,0.2,58.86,21.56,689.05,31.95,9.98,40.71,6.84,32.85,9.19,18.75,4.91,134.75,95.01,29.53,1.93,654858927,76713893,26.34,3.09,11.71,290.66,654858927,76713893,26.34,3.09,11.71,290.66,654858927,76713893,26.34,3.09,11.71,290.66
20.47,22.89,77.09,5.63,94.37,2738.62,1.5,0.37,1.84,0.67,2.71,0.54,13.46,0,136.21,1.3,0.36,0.16,34.99,12.55,487.51,50.08,11.75,23.97,19.75,29.47,8.01,8.63,12.83,25.04,3.7,14.34,6.93,20.47,22.89,77.09,5.63,94.37,2738.62,1.5,0.37,1.84,0.67,2.71,0.54,13.46,0,136.21,1.3,0.36,0.16,34.99,12.55,487.51,50.08,11.75,23.97,19.75,29.47,8.01,8.63,12.83,25.04,3.7,14.34,6.93,20.47,22.89,77.09,5.63,94.37,2738.62,1.5,0.37,1.84,0.67,2.71,0.54,13.46,0,136.21,1.3,0.36,0.16,34.99,12.55,487.51,50.08,11.75,23.97,19.75,29.47,8.01,8.63,12.83,25.04,3.7,14.34,6.93,27.98,20.2,79.63,3.34,96.66,2589.07,1.95,0.32,2.36,0.51,3.1,0.42,1.41,0,226.75,3.11,0.36,0.19,43.46,15.66,501.6,70.5,24.43,29.16,23.24,39.11,13.32,11.14,14.65,85.71,44.46,32.13,8.59,16.86,28.83,71.18,6.29,93.71,2565.69,1.61,0.35,2.12,0.62,2.85,0.47,0.7,0,210.43,1.59,0.38,0.27,82.05,30.93,445.76,36.34,10.73,17.54,8.86,17.78,6.29,4.98,6.5,18.7,4.21,12.01,2.36,62.58,19.37,80.63,4.3,95.7,2723.83,1.64,0.36,1.94,0.61,2.75,0.52,2.79,0,135.59,1.17,0.36,0.19,57.72,20.92,466.22,55.96,10.02,29.8,22.91,35.27,8.8,11.76,14.71,27.79,7.94,11.59,8.19,54.85,22.87,77.09,6,94,2755.22,1.47,0.39,1.79,0.68,2.59,0.56,2.22,0,156.65,1.14,0.35,0.19,31.01,10.79,408.97,49.93,5.46,13.46,21.85,20.06,3.3,2.66,14.1,28.29,7.03,13.33,7.74,0.52,88.49,0,100,0,1532.97,0.52,0.52,0,1.93,1.93,0,0,0,172.77,9.13,0.42,0.68,357.45,149.9,770.99,242.66,146.89,37.01,16.67,59.97,37.29,10.92,11.75,166.62,95.52,24.15,4.91,0.45,93.06,0,100,0,1417.48,0.6,0.6,0,1.67,1.67,0,0,0,172.75,5.25,0.44,0.66,282.51,124.72,705.31,156.34,124.35,32.92,7.28,26.94,15.47,7.91,3.57,162.84,113.76,25.29,3.71,39.47,30.89,69.07,9.5,90.5,2752.03,1.21,0.37,1.58,0.83,2.7,0.63,1.31,0,183.61,2.5,0.35,0.16,35.73,12.59,481.46,48.09,12.7,29.31,18.35,34.15,10.44,11.6,12.11,28.66,2.85,19.58,6.23,48.37,19.46,80.61,4.62,95.38,2769.26,1.41,0.33,1.67,0.71,2.99,0.6,1.89,0,112.04,1.01,0.32,0.07,14.24,4.54,545.72,37.19,7.22,25.16,16.04,26.47,6.33,9.51,10.63,22.09,2.2,14.47,5.41,0.45,103.65,0,100,0,1455.67,0.55,0.55,0,1.83,1.83,0,0,0,171.95,8.82,0.38,0.72,509.53,195.97,766.76,233.11,203.95,43.15,11.32,122.12,96.15,19.42,6.55,166.57,88.63,23.72,4.77,0.47,102.84,0,100,0,1471.42,0.54,0.54,0,1.84,1.84,0,0,0,179.11,7.36,0.43,0.69,327.25,139.86,689.83,177.82,147.15,34.42,8.63,50.08,35.36,10.09,4.63,158.15,114.43,23.21,4.01,37.34,21.67,78.41,5.4,94.6,2846.07,1.42,0.35,1.71,0.7,2.83,0.58,1.51,0,104.32,0.98,0.37,0.18,36.81,13.72,407.91,72.24,11.17,25.86,24.42,33.3,7.82,9.95,15.52,20.4,0.69,10.8,8.89,37.74,21.52,78.35,5.66,94.34,2877.32,1.52,0.4,1.83,0.66,2.5,0.55,1.65,0,150.46,1.27,0.36,0.17,37.93,13.77,524.27,83.28,18.83,31.8,34.15,46.81,12.65,12.9,21.26,34.57,6.39,15.23,12.89,0.47,100.87,0,100,0,1464.1,0.53,0.53,0,1.87,1.87,0,0,0,172.86,10.24,0.44,0.68,414.33,182.84,776.91,195.91,147.88,38.37,13.03,89.53,64.1,16.81,8.62,178.1,118.72,24.92,4.41,0.35,100.85,0,100,0,1680.85,0.59,0.59,0,1.71,1.71,0,0,0,170.02,5.17,0.43,0.65,293.58,126.13,677.98,149.31,122.18,32.76,6.01,23.35,13.64,7.27,2.44,166.03,113.79,26.3,3.57,0.42,117.5,0,100,0,1551.15,0.47,0.47,0,2.11,2.11,0,0,0,172.92,9.01,0.35,0.19,32.45,11.26,743.24,50,16.15,40.17,19.03,44.02,13.91,17.72,12.39,165.48,113.01,24.55,6.64,0.37,98.61,0,100,0,1751.12,0.56,0.56,0,1.8,1.8,0,0,0,168.98,5.66,0.37,0.09,13.35,4.88,688.23,56.7,35.29,14,13.75,29.01,15.55,4.86,8.6,163.67,114.54,24.89,5.15,587472246,70533802,27.11,3.25,12.01,277.85,587472246,70533802,27.11,3.25,12.01,277.85,587472246,70533802,27.11,3.25,12.01,277.85
21.5,40.86,59,20.69,79.31,2649.97,1.51,0.77,2.03,0.66,1.31,0.49,13.79,0,125.84,1.41,0.35,0.12,24.25,8.47,474.72,56.1,7.62,23.79,21.42,26.26,6.04,7.41,12.8,29.61,6.29,14.65,8.63,21.5,40.86,59,20.69,79.31,2649.97,1.51,0.77,2.03,0.66,1.31,0.49,13.79,0,125.84,1.41,0.35,0.12,24.25,8.47,474.72,56.1,7.62,23.79,21.42,26.26,6.04,7.41,12.8,29.61,6.29,14.65,8.63,21.5,40.86,59,20.69,79.31,2649.97,1.51,0.77,2.03,0.66,1.31,0.49,13.79,0,125.84,1.41,0.35,0.12,24.25,8.47,474.72,56.1,7.62,23.79,21.42,26.26,6.04,7.41,12.8,29.61,6.29,14.65,8.63,33.36,38.29,61.58,12.36,87.64,2667.43,1.65,0.53,2.35,0.61,1.88,0.43,1.47,0,119.34,1.7,0.36,0.38,91.52,32.81,442.59,52.44,5.95,23.11,18.43,23.53,6.12,6.12,11.29,38.44,13.78,17.56,7.14,23.75,29.7,70.56,9.69,90.31,2856.67,1.9,0.62,2.44,0.53,1.61,0.41,1.29,0,200.33,2.27,0.37,0.14,34.85,12.78,488.05,69.83,17.89,17.09,24.58,26.52,7.73,3.37,15.42,32.8,5.02,18.6,9.16,50.52,55.8,44.21,31.79,68.21,2608.7,1.52,0.87,2.34,0.66,1.15,0.43,2,0,135.21,1.16,0.37,0.17,34.14,12.8,496.37,52.62,9.21,24.62,16.81,26.18,6.69,8.91,10.58,28.45,8.37,13.82,6.24,41.46,25.71,74.24,9.22,90.78,2663.07,1.55,0.56,1.9,0.64,1.8,0.53,1.71,0,101.46,0.83,0.35,0.16,32.7,11.45,502.39,56.44,9.12,16.38,17.68,17.53,3.65,2.73,11.14,27.38,8,12.87,6.53,0.39,103.97,0,100,0,1504.75,0.58,0.58,0,1.71,1.71,0,0,0,179.77,14.57,0.46,0.69,349.57,161.75,754.11,181.03,179.93,43.56,10.13,108.02,87.4,15.26,5.35,144.87,98.71,22.66,4.78,0.36,103.88,0,100,0,1446.19,0.66,0.66,0,1.52,1.52,0,0,0,178.86,9.75,0.5,0.67,249.2,124.03,674.46,143.36,115.37,31.97,5.13,15.5,7.55,6.34,1.61,164.16,115.79,24.84,3.52,67.8,22.32,77.54,7.68,92.32,2600.21,1.78,0.61,2.11,0.56,1.64,0.47,3.13,0,98.23,1.05,0.33,0.08,14.98,4.89,431.61,49.03,3.14,24.4,21.16,26.12,4.93,8.34,12.85,24.24,3.29,12.61,8.31,59.57,29.16,70.44,16.4,83.6,2635.25,1.46,0.82,1.73,0.68,1.22,0.58,2.29,0,124.84,1.22,0.34,0.06,13.59,4.63,493.51,45.68,6.13,15.96,20.21,21.24,4.13,3.95,13.15,21.92,2.69,12.14,7.06,0.45,90.67,0,100,0,1601.5,0.55,0.55,0,1.82,1.82,0,0,0,178.6,13.05,0.46,0.69,348.16,160.2,781.85,181.3,186.37,45.01,8.31,177.85,147.12,27.32,3.41,156.13,92.36,21.92,4.9,0.35,98.71,0,100,0,1729.03,0.6,0.6,0,1.66,1.66,0,0,0,178.94,11.44,0.5,0.67,256.1,127.78,717.91,156.11,123.83,31.32,5.9,25.87,16.41,7.19,2.27,158.98,115.41,23.53,3.63,30.53,71.15,28.82,52.56,47.44,2704.94,1.19,0.88,1.96,0.84,1.14,0.51,0.98,0,178.35,3.02,0.34,0.13,20.13,6.8,415.98,66.37,7.28,28.02,27.07,31.21,6.55,8.88,15.78,38.7,9,18.38,11.29,34.5,73.42,26.08,66.17,33.83,2702.34,0.97,0.87,1.25,1.03,1.15,0.8,0.9,0,142.07,2.98,0.32,0.11,19.11,6.04,499.97,64.58,8.57,25.3,24.27,26.43,7,7.87,11.57,33.6,6.54,14.36,12.7,0.33,105.28,0,100,0,1679.2,0.61,0.61,0,1.65,1.65,0,0,0,179.31,14.83,0.38,0.69,433.78,164.8,797.77,180.34,149.7,37.28,8.76,96.63,73.44,19.03,4.15,149.4,90.02,21.9,4.61,0.3,107.81,0,100,0,1700.41,0.65,0.65,0,1.53,1.53,0,0,0,179.43,9.67,0.5,0.67,257.17,129.03,694.89,148.47,114.12,32.16,5.93,14.52,6.94,5.69,1.88,162.52,112.68,26.13,4.05,0.4,98.31,0,100,0,1494.44,0.6,0.6,0,1.67,1.67,0,0,0,181.02,12.66,0.43,0.76,487.5,210.69,769.13,73.06,6.04,31.89,36.27,40.03,8.43,11.6,20,40.84,9.26,15.16,16.27,0.34,104.61,0,100,0,1500.04,0.65,0.65,0,1.55,1.55,0,0,0,179.43,9.82,0.5,0.66,256.81,127.69,692.51,63.25,6.74,31.39,13.53,27.49,7.09,12.37,8.04,28.58,6.07,16.96,5.5,635572769,141074929,31.02,6.88,22.2,278.33,635572769,141074929,31.02,6.88,22.2,278.33,635572769,141074929,31.02,6.88,22.2,278.33
31.65,42.9,57,21.21,78.79,3000.55,1.23,0.61,1.7,0.81,1.64,0.59,18.72,0,145.44,2.7,0.19,0.22,62.51,12.17,492.56,56.88,7.81,22.71,17.22,24.85,5.47,8.09,11.29,23.52,3.32,14.28,5.93,31.65,42.9,57,21.21,78.79,3000.55,1.23,0.61,1.7,0.81,1.64,0.59,18.72,0,145.44,2.7,0.19,0.22,62.51,12.17,492.56,56.88,7.81,22.71,17.22,24.85,5.47,8.09,11.29,23.52,3.32,14.28,5.93,31.65,42.9,57,21.21,78.79,3000.55,1.23,0.61,1.7,0.81,1.64,0.59,18.72,0,145.44,2.7,0.19,0.22,62.51,12.17,492.56,56.88,7.81,22.71,17.22,24.85,5.47,8.09,11.29,23.52,3.32,14.28,5.93,47.21,52.56,47.43,22.7,77.3,2990.36,1.08,0.47,1.76,0.92,2.14,0.57,1.53,0,214.7,4.81,0.35,0.08,18.48,6.54,483.4,72.92,5.83,34.21,29.92,39.7,6.24,14.86,18.61,39.96,7.78,20.65,11.32,50.04,34.08,65.95,10.99,89.01,2989.95,1.44,0.46,1.94,0.7,2.16,0.52,2.15,0,192.04,4.27,0.36,0.06,15.26,5.54,426.68,55.43,17.34,32.77,18.9,34.94,9.67,13.04,12.23,26.09,8.25,10.98,6.67,71.75,44.53,55.56,18.26,81.74,2964.7,1.14,0.47,1.68,0.88,2.14,0.6,2.42,0,198.29,3.61,0.33,0.05,9.36,3.08,522.71,65.27,7.11,25.19,20.99,29.12,6.47,8.92,13.73,25.08,4.41,13.38,7.26,70.53,36.4,63.48,17.41,82.59,3036.17,1.33,0.64,1.73,0.75,1.57,0.58,2.86,0,74.63,0.92,0.32,0.06,10.18,3.24,462.25,33.54,3.96,21.72,9.08,18.53,4.21,7.42,6.9,21.83,4.89,14.7,2.18,0.51,87.32,0,100,0,1769.06,0.48,0.48,0,2.07,2.07,0,0,0,176.49,17.23,0.4,0.72,453.16,179.46,798.68,224.9,178.34,41.63,12.32,70.45,52.33,11.11,7.01,176.56,102.71,22.62,5.3,0.39,97.28,0,100,0,1851.99,0.53,0.53,0,1.89,1.89,0,0,0,177.57,7.96,0.49,0.66,248.18,122.38,727.19,162.61,125.17,34.8,7.76,23.89,12.71,7.67,3.51,156.04,113.34,22.25,4.24,55.37,55.39,44.53,34.06,65.94,3106.81,1.12,0.69,1.65,0.9,1.46,0.61,1.92,0,172.16,2.34,0.11,0.31,101.89,11.24,516.25,45.07,9.82,17.62,13.25,20.63,5.7,5.98,8.94,24.41,2.17,17.94,4.31,55.12,44.31,55.35,24.81,75.19,3215.54,1.25,0.7,1.69,0.8,1.44,0.59,2.2,0,84.62,2.44,0.08,0.23,72.55,5.45,474.27,59.7,6.18,16.21,19.78,20.72,3.63,4.25,12.83,26.22,2.12,17.17,6.94,0.48,102.18,0,100,0,1763.5,0.44,0.44,0,2.27,2.27,0,0,0,178.65,12.72,0.45,0.66,418.94,186.71,840,235.16,166.61,39.84,15.9,64.06,43.71,9.45,10.9,184.42,114.53,22.56,5,0.35,103.66,0,100,0,1926.62,0.52,0.52,0,1.91,1.91,0,0,0,178.46,11.71,0.46,0.68,313,144.47,733.84,162.94,128.86,33.01,7.43,29.08,18.27,7.29,3.52,155.94,114.28,21.81,3.91,65.02,37.41,62.57,21.08,78.92,2950.97,1.19,0.67,1.5,0.84,1.49,0.67,2.28,0,198.55,3.01,0.37,0.51,182.96,67.03,459.05,66.79,9.86,19.9,14.33,21.19,5.41,6.26,9.52,19.55,3.13,11.62,4.81,72.43,37.41,62.32,20.46,79.54,2904.19,1.31,0.71,1.66,0.76,1.4,0.6,2.74,0,150.43,1.91,0.37,0.45,151.37,55.55,452.84,50.08,10.34,22.83,9.59,21.38,6.37,8.37,6.64,14.64,1.59,10.4,2.95,0.49,103.61,0,100,0,1765.18,0.42,0.42,0,2.36,2.36,0,0,0,178.33,14.16,0.4,0.69,464.31,183.79,802.48,229.7,168.91,37.67,12.8,81.61,61.54,11.93,8.14,171.99,116.17,23.77,4.66,0.43,93.21,0,100,0,1808.1,0.53,0.53,0,1.87,1.87,0,0,0,178.88,7.95,0.51,0.66,248.58,126.14,703.74,165.14,123.31,33.48,7.78,24.37,12.85,7.61,3.91,172.65,118.89,25.76,3.87,8.03,85.25,14.38,71.12,28.88,2741.68,0.97,0.81,1.94,1.03,1.24,0.51,0.21,0,115.6,1.84,0.11,0.39,185.22,19.56,515.2,49.73,6.91,10.84,10.44,11.71,3.42,1.12,7.17,155.61,107.38,22.42,3.26,7.38,24.93,75.61,7.03,92.97,2831.26,1.63,0.46,2.01,0.62,2.17,0.5,0.34,0,161.33,7.01,0.1,0.4,228.91,21.99,568.12,70.61,4.56,7.13,18.5,15.26,2.31,0.91,12.04,167.31,115.98,22.38,6.46,661693340,102439404,22.45,3.48,15.48,308.3,661693340,102439404,22.45,3.48,15.48,308.3,661693340,102439404,22.45,3.48,15.48,308.3
22.93,41.5,58.53,8.65,91.35,2510.29,1.49,0.31,2.33,0.67,3.22,0.43,13.74,0,130.97,1.7,0.26,0.24,59.45,15.66,493.04,50.84,8.34,22.72,17.05,24.36,5.79,7.39,11.17,25.52,4.69,14.89,5.88,22.93,41.5,58.53,8.65,91.35,2510.29,1.49,0.31,2.33,0.67,3.22,0.43,13.74,0,130.97,1.7,0.26,0.24,59.45,15.66,493.04,50.84,8.34,22.72,17.05,24.36,5.79,7.39,11.17,25.52,4.69,14.89,5.88,22.93,41.5,58.53,8.65,91.35,2510.29,1.49,0.31,2.33,0.67,3.22,0.43,13.74,0,130.97,1.7,0.26,0.24,59.45,15.66,493.04,50.84,8.34,22.72,17.05,24.36,5.79,7.39,11.17,25.52,4.69,14.89,5.88,16.1,61.41,38.62,20.78,79.22,2275.88,0.91,0.31,1.86,1.1,3.26,0.54,0.33,0,167.12,3.52,0.37,0.19,41.33,15.16,428.45,74.22,14.75,18.59,11.61,19.05,7.29,4.18,7.57,29.18,6.46,18.53,4.04,36.81,15.4,84.88,1.91,98.09,2531.7,2.63,0.33,3.05,0.38,3.07,0.33,2.46,0,207.92,2.87,0.35,0.19,35.43,12.41,392.31,84.61,5.58,22.32,19.39,23.82,4.16,7.74,11.93,32.06,11.17,13.4,7.46,46.04,22.41,77.71,3.73,96.27,2585.52,2.28,0.38,2.82,0.44,2.64,0.35,2.71,0,107.4,1.86,0.35,0.28,70.7,24.69,537.89,26.03,8.66,18.3,7.61,16.11,5.29,4.84,5.98,16.46,4.25,10.54,1.63,51.34,26.48,73.48,3.78,96.22,2594.69,2.32,0.33,3.04,0.43,3.02,0.33,3.09,0,114.75,1.25,0.37,0.46,111.13,41.66,492.66,40.03,6.94,13.66,13.29,14.92,3.14,2.69,9.08,25.96,7.16,14.57,4.21,0.65,117.3,0,100,0,1283.96,0.42,0.42,0,2.4,2.4,0,0,0,170.68,18.72,0.45,0.67,414.17,186.99,729.58,291.64,226.73,41.43,19.56,82.46,58.97,9.49,14,151.73,108.92,24.29,5.56,0.59,95.66,0,100,0,1394.2,0.5,0.5,0,2,2,0,0,0,169.42,8.53,0.46,0.66,292.13,134.84,678.34,156.89,125.87,30.16,6.62,15.03,6.36,5.88,2.78,162.72,114.48,24.65,3.84,66.44,47.06,52.85,11.44,88.56,2526.83,1.25,0.3,2.1,0.8,3.29,0.48,2.1,0,165.27,2.6,0.29,0.22,58.82,16.92,477.88,85.84,8.76,27.24,27.58,34.43,7.69,9.97,16.77,31.04,5.26,14.99,10.81,54.92,61,39.05,26.85,73.15,2483.41,0.82,0.36,1.53,1.22,2.78,0.65,1.12,0,62.03,0.63,0.1,0.22,67.21,6.74,534.74,29.01,4.18,27.84,9.44,23.24,5.68,10.66,6.9,27.11,6.93,17.58,2.54,0.66,103.81,0,100,0,1245.25,0.48,0.48,0,2.09,2.09,0,0,0,171.64,9.97,0.38,0.69,446.39,168.23,730.37,226.47,145.51,36.15,10.25,63.42,47.86,10.06,5.51,174.9,92.29,23.94,4.74,0.66,100.78,0,100,0,1335.66,0.48,0.48,0,2.1,2.1,0,0,0,171.8,5.26,0.45,0.66,332.31,149.88,683.82,169.85,119.03,29.95,7.28,15.7,5.82,6.57,3.31,165.34,117.32,24.03,3.97,48.2,52.55,47.59,19.59,80.41,2520.6,0.77,0.29,1.3,1.31,3.5,0.77,0.93,0,207.78,2.06,0.27,0.22,59.94,16.46,480.43,65.12,13.87,24.67,26.99,32.07,8.11,7.09,16.86,28.73,3.37,15.2,10.13,42.64,47.01,52.71,9.95,90.05,2541.42,0.94,0.2,1.6,1.07,5.06,0.63,1.01,0,157.58,2.19,0.22,0.21,45.66,9.98,484.03,85.66,9.79,35.68,33.74,43.91,8.89,14.15,20.87,30.28,1.51,15.88,12.87,0.67,98.39,0,100,0,1287.69,0.48,0.48,0,2.08,2.08,0,0,0,170.16,10.82,0.43,0.68,409.57,174.79,742.16,238.07,165.74,34.04,9.66,41.76,29.23,7.47,5.06,170.11,106.69,24.24,4.6,0.62,98.65,0,100,0,1271.18,0.5,0.5,0,1.99,1.99,0,0,0,181.02,5.06,0.47,0.66,295.8,137.84,694.93,151.85,117.55,30.1,5.96,13.69,5.75,5.55,2.39,169.19,117.86,26.6,3.57,0.67,99.31,0,100,0,1245.85,0.49,0.49,0,2.06,2.06,0,0,0,154.34,0.88,0.32,0.28,46.1,14.79,406.27,203.25,26.04,22.79,14.86,30.82,13.65,6.54,10.62,20.23,4.65,11.31,4.23,0.6,99.99,0,100,0,1307.43,0.48,0.48,0,2.07,2.07,0,0,0,68.38,0.82,0.33,0.38,83.23,27.18,525.87,147.56,10.27,26.44,5.26,17.36,6.12,8.85,2.39,23.23,4.84,15.54,2.87,559429912,90980617,22.73,3.7,16.26,302.86,559429912,90980617,22.73,3.7,16.26,302.86,559429912,90980617,22.73,3.7,16.26,302.86
32.96,50.73,49.24,26.46,73.54,2974.17,1.33,0.69,1.99,0.75,1.44,0.5,20.86,0,144.81,2.63,0.34,0.32,89.91,30.5,492.65,63.84,23.56,22.5,15.75,28.32,10.98,7.61,9.73,33.95,11.92,15.99,6.02,32.96,50.73,49.24,26.46,73.54,2974.17,1.33,0.69,1.99,0.75,1.44,0.5,20.86,0,144.81,2.63,0.34,0.32,89.91,30.5,492.65,63.84,23.56,22.5,15.75,28.32,10.98,7.61,9.73,33.95,11.92,15.99,6.02,32.96,50.73,49.24,26.46,73.54,2974.17,1.33,0.69,1.99,0.75,1.44,0.5,20.86,0,144.81,2.63,0.34,0.32,89.91,30.5,492.65,63.84,23.56,22.5,15.75,28.32,10.98,7.61,9.73,33.95,11.92,15.99,6.02,58.89,80.71,19.27,67.93,32.07,3062.75,0.89,0.75,1.49,1.12,1.33,0.67,1.61,0,187.46,6.79,0.36,0.38,108.21,38.54,488.93,75.97,24.29,18.6,18.81,27.65,10.69,5.22,11.74,39.93,14.29,18.51,7.08,39.63,61.52,38.5,38.67,61.33,2882.84,1.17,0.73,1.86,0.86,1.36,0.54,1.33,0,131.12,3.84,0.32,0.34,104.25,33.87,459.45,63.57,32.28,32.96,11.31,33.63,14.54,12.01,7.08,35.24,13.39,17.57,4.23,40.41,40.73,59.02,15.71,84.29,3142.53,1.35,0.52,1.93,0.74,1.92,0.52,1.71,0,123.25,3.13,0.35,0.38,98.39,34.85,509.38,54.52,27.9,26.09,8.94,27.9,13.44,8.87,5.59,25.75,7.83,14.56,3.35,26.22,56.22,43.81,35.31,64.69,3296.19,0.98,0.61,1.44,1.02,1.63,0.69,0.84,0,115.4,2.47,0.33,0.29,79.16,25.84,514.84,61.14,17.89,25.94,9.88,25.87,9.88,9.65,6.34,29.45,10.67,15.18,3.54,13.28,40.59,59.27,14.81,85.19,2581.66,1.16,0.42,1.67,0.86,2.36,0.6,0.4,0,172.81,11.18,0.44,0.68,441.12,195.14,832.29,210.17,15.56,25.47,16.92,28.52,8.19,8.47,11.86,16.38,2.28,8.95,5.06,16.98,12.83,87.13,2.54,97.46,2529.83,2.21,0.44,2.47,0.45,2.29,0.4,0.95,0,177.24,5.71,0.48,0.66,286.68,136.4,747.51,145.27,17.13,34.02,5.16,25.56,11.05,12.8,1.71,65.41,40.9,20.68,3.45,59.37,40.96,58.87,20.86,79.14,2931.22,1.33,0.68,1.79,0.75,1.48,0.56,2.31,0,147.63,3.39,0.33,0.34,96.29,31.96,487.25,69.87,30.19,27.37,19.04,34.52,13.68,9.06,11.77,31.65,10,14.39,7.27,65.81,47.08,52.97,25.38,74.62,2720.63,1.79,0.97,2.53,0.56,1.03,0.4,3.21,0,114.29,1.91,0.35,0.22,48.42,16.98,525.82,63.43,19.38,10.67,14.28,21.01,8.77,3.57,8.67,40.56,17.81,17.13,5.61,26.52,62.41,37.52,34.67,65.33,3695.79,1.03,0.57,1.78,0.97,1.76,0.56,1,0,74.93,1.93,0.37,0.48,203.84,74.99,536.31,82.42,29.95,20.58,28.09,35.06,11.64,6.14,17.28,28.69,2.46,15.37,10.82,22.06,34.66,65.32,9.52,90.48,2806.98,1.63,0.45,2.26,0.61,2.23,0.44,1.01,0,224.98,1.76,0.31,0.28,88.93,27.47,552.72,56.54,17.58,20.54,16.96,25.63,8.69,5.96,10.98,28.99,2.48,20.5,5.98,27.13,72.04,27.9,54.92,45.08,3011.06,0.83,0.63,1.34,1.21,1.58,0.75,0.68,0,147.95,2.74,0.33,0.31,94.06,31.47,462.76,73.32,12.78,30.27,20.07,33.99,9.2,12.14,12.65,36.46,13.12,15.93,7.41,45.04,45.6,54.69,25.1,74.9,3029.17,1.49,0.82,2.04,0.67,1.22,0.49,2.03,0,160.53,1.29,0.33,0.33,103.75,33.89,459.79,34.28,32.05,20.18,7.27,25.16,13.43,7.08,4.66,39.97,20.52,16.83,2.62,0.45,93.79,0,100,0,1663.71,0.52,0.52,0,1.92,1.92,0,0,0,147.56,9.99,0.42,0.69,441.66,185.74,794.71,239.34,178.07,40.29,12.42,93.82,70.34,15.53,7.95,129.53,102.51,22.45,4.47,0.3,96.61,0,100,0,1855.18,0.65,0.65,0,1.55,1.55,0,0,0,178.4,5.46,0.48,0.65,271.53,129.97,741.15,156.79,125.33,36.34,6.94,29.75,18.69,8.56,2.5,159.95,111.56,26.22,4.45,42.54,55.57,44.3,32.53,67.47,3061.69,1.19,0.7,1.81,0.84,1.44,0.55,1.55,0,197.14,4.77,0.35,0.34,88.05,30.98,471.99,74.75,27.93,18.12,16.45,24.54,10.23,5.2,9.12,32.51,7.24,17.92,7.34,42.95,22.94,77.02,5.96,94.04,2821.6,1.82,0.47,2.22,0.55,2.11,0.45,2.21,0,116.68,2.98,0.34,0.25,67.07,22.99,514.06,67.7,25.78,19.68,16.22,25.03,10.86,4.71,9.46,38.31,16.17,15.42,6.76,1018201509,116949697,30.64,3.52,11.49,364.33,1018201509,116949697,30.64,3.52,11.49,364.33,1018201509,116949697,30.64,3.52,11.49,364.33
33.54,34.82,65.15,13.56,86.44,3395.51,1.24,0.48,1.65,0.8,2.06,0.61,22.66,0,154.94,3.28,0.33,0.17,43.61,14.6,492.75,53.08,12.67,24.08,18.69,29.68,9.05,8.92,11.71,30.06,8.14,14.92,6.99,33.54,34.82,65.15,13.56,86.44,3395.51,1.24,0.48,1.65,0.8,2.06,0.61,22.66,0,154.94,3.28,0.33,0.17,43.61,14.6,492.75,53.08,12.67,24.08,18.69,29.68,9.05,8.92,11.71,30.06,8.14,14.92,6.99,33.54,34.82,65.15,13.56,86.44,3395.51,1.24,0.48,1.65,0.8,2.06,0.61,22.66,0,154.94,3.28,0.33,0.17,43.61,14.6,492.75,53.08,12.67,24.08,18.69,29.68,9.05,8.92,11.71,30.06,8.14,14.92,6.99,57.24,44.8,55.12,13.42,86.58,3298.94,1.04,0.31,1.64,0.96,3.2,0.61,1.97,0,150.04,4.46,0.34,0.28,68.89,23.76,499.22,63.54,19.31,21.41,11.92,25.96,11.35,6.7,7.91,33.93,14.61,15.33,4.01,61.88,27.04,72.75,7.91,92.09,3276.13,1.44,0.42,1.82,0.69,2.38,0.55,2.91,0,164.74,4.29,0.34,0.13,32.91,11.13,466.55,77.42,6.79,32.72,27.9,39.28,7.79,13.95,17.55,40.04,12.54,17.16,10.35,50.54,32.94,67.08,9.1,90.9,3311.5,1.28,0.35,1.74,0.78,2.82,0.58,2.15,0,133.93,3.77,0.35,0.21,38.72,13.54,528.39,53.38,7.53,19.69,22.49,27.26,6.75,6.37,14.14,41.29,17.26,15.66,8.35,63.36,23.43,76.46,7,93,3429.12,1.46,0.44,1.78,0.68,2.29,0.56,3.18,0,206.19,4.34,0.33,0.24,90.23,29.72,514.36,35.33,13.24,21.95,13.85,25.42,8.89,7.66,8.86,22.08,5.79,11.29,4.99,0.37,100.92,0,100,0,1762.36,0.55,0.55,0,1.83,1.83,0,0,0,170.08,7.35,0.46,0.69,365.93,169.64,763.65,197.08,135.74,36.85,13.83,49.87,32.58,8.3,8.98,147.66,104.81,23.53,4.84,0.29,99.79,0,100,0,1816.69,0.69,0.69,0,1.45,1.45,0,0,0,176.05,3.58,0.46,0.66,279.1,129.72,693.41,147.19,112.06,32.57,5.71,15.77,7.78,5.98,2.02,163.56,114.57,25.08,3.69,56.73,48.14,51.82,28.21,71.79,3640.99,1.05,0.62,1.46,0.95,1.62,0.69,2.18,0,120.91,2.11,0.33,0.19,41.26,13.57,488.5,57.56,15.73,18.63,8.04,20.54,9.29,6.12,5.14,20.44,3.88,13.64,2.9,62.2,51.5,48.55,25.76,74.24,3711.59,1.09,0.54,1.66,0.92,1.84,0.6,2.51,0,148.46,2.25,0.34,0.11,24.68,8.4,455.05,55.37,56.23,27.54,19.11,48.89,26.25,10.94,11.69,30.48,3.96,19.1,7.42,4.14,24.67,75.63,8.64,91.36,2582.38,1.2,0.42,1.46,0.83,2.36,0.69,0.13,0,131.08,1.23,0.37,0.06,9.42,3.46,470.06,213.61,145.96,37,13.77,74.42,53.44,12.09,8.89,158.3,126.16,24.22,4.88,7.57,13.69,86.19,2.02,97.98,2534.82,2.22,0.33,2.52,0.45,3.06,0.4,0.43,0,84.12,1.2,0.36,0.17,18.06,6.53,475.64,179.27,144.07,34.26,7.07,49.92,36.44,9.59,3.89,158.77,113.32,24.81,3.18,65.59,27.9,72.05,13.72,86.28,3595.27,1.13,0.56,1.35,0.88,1.8,0.74,2.66,0,204.51,5.28,0.31,0.2,63.24,19.75,507.46,67.74,5.84,20.4,27.45,30.1,5.94,6.88,17.28,38.39,11.52,16.73,10.17,58.6,36.95,63,18.97,81.03,3509.11,1.06,0.54,1.36,0.95,1.85,0.74,2.17,0,188.15,4.44,0.34,0.08,24.46,8.26,504.16,52.74,6.29,26.09,20.87,29.43,6.59,10.05,12.8,28.46,8.92,11.45,8.08,0.31,111.65,0,100,0,1795.78,0.58,0.58,0,1.72,1.72,0,0,0,165.2,20.05,0.47,0.66,407.71,191.06,766.56,246.53,147.04,36.26,10.11,43.81,30.48,7.24,6.09,166.83,130.05,25.5,4.02,0.27,103.72,0,100,0,1761.3,0.73,0.73,0,1.37,1.37,0,0,0,157.97,5.03,0.47,0.66,282,133.25,699.17,150.42,113.43,33.61,6.44,16.01,7.54,6.23,2.25,162.24,112.15,26.7,4.18,25.68,15.91,84.29,3.39,96.61,2839.94,1.87,0.4,2.14,0.54,2.51,0.47,1.36,0,73.08,2.22,0.34,0.3,96.24,32.39,479.82,71.66,23.62,24.04,20.49,35.76,13.64,9.34,12.78,22.75,4.39,10.62,7.71,22.81,17.46,82.71,4.85,95.15,2877.36,1.58,0.44,1.82,0.63,2.27,0.55,1.04,0,222.06,2.8,0.32,0.16,38.77,12.53,531.86,37.3,22.59,38.56,11.95,41.4,16.87,17.08,7.46,30.55,9.25,16.72,4.49,696673397,68858335,21.17,2.09,9.88,355.75,696673397,68858335,21.17,2.09,9.88,355.75,696673397,68858335,21.17,2.09,9.88,355.75
23.42,27.12,72.87,6.18,93.82,2752.58,1.43,0.33,1.84,0.7,3.07,0.54,14.77,0,135.51,2.1,0.34,0.2,49.32,16.64,498.01,54.88,15.09,23.46,18.37,27.83,8.33,8.15,11.35,27.48,6.05,14.38,7.02,23.42,27.12,72.87,6.18,93.82,2752.58,1.43,0.33,1.84,0.7,3.07,0.54,14.77,0,135.51,2.1,0.34,0.2,49.32,16.64,498.01,54.88,15.09,23.46,18.37,27.83,8.33,8.15,11.35,27.48,6.05,14.38,7.02,23.42,27.12,72.87,6.18,93.82,2752.58,1.43,0.33,1.84,0.7,3.07,0.54,14.77,0,135.51,2.1,0.34,0.2,49.32,16.64,498.01,54.88,15.09,23.46,18.37,27.83,8.33,8.15,11.35,27.48,6.05,14.38,7.02,38.51,59.38,40.91,22.1,77.9,2947.46,0.76,0.28,1.45,1.31,3.52,0.69,0.87,0,111.42,1.93,0.36,0.28,68.57,24.58,525.71,58.32,33.74,29.13,17.08,39.61,17.66,11.35,10.6,36.77,10.62,19.61,6.49,38.18,22.25,77.64,5.15,94.85,2932.21,1.31,0.3,1.6,0.76,3.31,0.63,1.46,0,113.69,0.99,0.35,0.19,54.56,19.35,499.21,82.09,38.72,20.3,25.79,37.32,15.51,5.84,15.97,26.64,5.63,11.19,9.83,29.38,53.8,46.18,20.21,79.79,3019.14,0.84,0.32,1.45,1.19,3.16,0.69,0.75,0,152.11,2.2,0.33,0.19,46.15,15.07,543.8,77.09,15.51,19.24,26.45,30.26,8.37,5.76,16.13,37.8,8.31,19.17,10.33,32.62,29.73,70.45,8.72,91.28,2861.41,1.31,0.38,1.69,0.77,2.61,0.59,1.22,0,120.48,2.42,0.35,0.23,42.99,15.14,521.24,64.84,13.16,19.99,16.58,23.59,7.16,6.04,10.39,26.65,8.55,11.9,6.18,0.39,108.22,0,100,0,1462.44,0.58,0.58,0,1.74,1.74,0,0,0,173.81,9.88,0.45,0.67,350.92,157.34,787.91,211.57,206.65,38.81,11.24,112.19,90.08,16.26,5.85,161.69,116.51,23.24,5.39,0.29,100.88,0,100,0,1587.3,0.74,0.74,0,1.35,1.35,0,0,0,173.18,5.02,0.49,0.66,263,129.29,688.92,153.32,116.57,29.42,6.53,12.29,3.93,5.89,2.48,162.87,113.27,24.51,4.05,51.18,17.9,82.02,4.61,95.39,2520.81,1.55,0.4,1.8,0.65,2.51,0.56,2,0,119.1,2.39,0.34,0.19,42.72,14.35,473.54,72.09,8.72,18.32,29.69,28.92,5.4,5.33,18.19,28.28,1.48,15.32,11.49,59.71,9.28,90.71,1.52,98.48,2591.23,2.11,0.35,2.29,0.47,2.9,0.44,3.26,0,156.31,3.28,0.35,0.16,36.43,12.85,504.25,25.4,8.81,28.75,8.6,22.36,5.74,11.16,5.46,17.81,1.24,13.45,3.14,0.37,119.13,0,100,0,1423.15,0.56,0.56,0,1.78,1.78,0,0,0,172.2,10.69,0.38,0.7,542.64,206.91,747.39,188.69,142.78,33.14,12.04,45.4,30.36,8.11,6.93,154.11,116.21,23.02,5.1,0.38,93.91,0,100,0,1346.84,0.73,0.73,0,1.36,1.36,0,0,0,178.7,7.13,0.47,0.67,291.71,138.43,697.68,170.62,141.19,33.15,7.23,40.17,27.93,8.71,3.53,161.05,119.07,24.35,3.7,48.92,13.57,86.4,2.32,97.68,2641.59,1.76,0.3,1.99,0.57,3.32,0.5,2.28,0,131.37,2.37,0.31,0.2,46.38,14.24,481.06,52.01,14.17,20.32,16.26,25.5,8.79,6.77,9.94,31.8,11.73,13.72,6.32,53.3,22.26,77.47,4.36,95.64,2818.17,1.63,0.32,2,0.62,3.15,0.5,2.43,0,176.66,1.71,0.32,0.21,58.88,19.05,474.05,57.66,20.35,31.38,19.98,36.21,11.43,12.48,12.3,38.71,16.02,14.94,7.68,0.41,94.15,0,100,0,1511.73,0.58,0.58,0,1.72,1.72,0,0,0,171.79,9.87,0.41,0.72,452.4,187.34,723.95,185.54,192.28,38.02,9.52,96.65,77.92,13.8,4.93,176.01,125.49,24.92,4.59,0.22,98.75,0,100,0,1954.71,0.8,0.8,0,1.24,1.24,0,0,0,172.75,4.85,0.49,0.66,261.99,128.72,675.94,168,116.4,29.41,9.03,13.62,3.28,5.57,4.77,166.45,118,26.32,4.26,11.25,33.01,67.32,14.54,85.46,2768.18,0.75,0.33,0.95,1.34,3.03,1.05,0.23,0,149.63,2.45,0.4,0.69,503.42,200.7,521.7,201.24,210.55,37.29,13.32,87.85,67.13,11.73,8.99,168.06,126.04,25.51,4.33,9.74,39.46,60.49,13.8,86.2,2769.68,0.92,0.32,1.31,1.09,3.12,0.77,0.25,0,178.65,10.03,0.46,0.67,295.21,134.59,435.08,152.82,117.86,30.32,6.25,12.54,3.98,6.03,2.53,161.67,115.39,25.78,3.72,640707408,62384202,24.61,2.4,9.74,343.8,640707408,62384202,24.61,2.4,9.74,343.8,640707408,62384202,24.61,2.4,9.74,343.8
23.18,32.3,67.47,19.65,80.35,2676.9,1.47,0.89,1.75,0.68,1.12,0.57,14.58,0,144.11,2.07,0.33,0.15,37.01,12.32,469.22,47.39,10.3,21.43,15.42,22.68,6.33,7,9.35,24.83,5.73,12.99,6.08,23.18,32.3,67.47,19.65,80.35,2676.9,1.47,0.89,1.75,0.68,1.12,0.57,14.58,0,144.11,2.07,0.33,0.15,37.01,12.32,469.22,47.39,10.3,21.43,15.42,22.68,6.33,7,9.35,24.83,5.73,12.99,6.08,23.18,32.3,67.47,19.65,80.35,2676.9,1.47,0.89,1.75,0.68,1.12,0.57,14.58,0,144.11,2.07,0.33,0.15,37.01,12.32,469.22,47.39,10.3,21.43,15.42,22.68,6.33,7,9.35,24.83,5.73,12.99,6.08,25.72,57.94,42,32.07,67.93,2575.19,0.96,0.53,1.55,1.04,1.89,0.65,0.63,0,148.29,2.45,0.33,0.2,70.38,23.32,507.09,72.71,17.37,24.26,27.22,34.72,9.8,8.22,16.71,30.18,5.18,14.46,10.51,22.76,43.47,58.12,20.68,79.32,2701.86,1.14,0.55,1.58,0.88,1.82,0.63,0.71,0,145.62,1.83,0.34,0.28,81.23,27.93,481.94,48.44,10.07,28.4,13.21,26.19,7.38,10.29,8.53,22.9,5.54,12.64,4.68,38.46,47.67,52.13,24.21,75.79,2684.94,1.1,0.56,1.6,0.91,1.79,0.62,1.14,0,139.33,2.47,0.33,0.12,27.26,8.94,453.77,54.04,9.84,19.59,18.19,22.47,5.68,5.46,11.32,23.63,2.3,14.43,6.87,38.88,37.82,62.15,20.46,79.54,2838.29,1.44,0.78,1.85,0.69,1.28,0.54,1.59,0,119.87,1.76,0.33,0.17,39.62,13.21,515.85,45.03,6.33,23.05,15.03,22.68,5.65,7.96,9.07,20.58,2.67,11.97,5.96,0.38,102.15,0,100,0,1485.11,0.58,0.58,0,1.72,1.72,0,0,0,171.05,15.93,0.4,0.69,442.38,174.99,803.44,210.12,201.11,39.95,12.06,88.04,68.37,12.52,7.15,129.45,109.16,22.86,4.91,0.29,107.84,0,100,0,1453.69,0.76,0.76,0,1.31,1.31,0,0,0,173.12,5.46,0.47,0.65,261.04,123.64,699.54,158.89,119.95,29.52,6.88,12.88,3.76,5.94,3.18,163.18,112.07,25.28,3.7,63.36,19.52,80.61,11.49,88.51,2589.52,1.53,0.9,1.68,0.65,1.11,0.6,2.51,0,122.1,1.63,0.34,0.15,35.08,11.88,450.36,49.7,14.08,16.52,16.72,21.21,6.33,4.62,10.27,30.65,9.46,14.72,6.46,71.82,10.73,88.1,3.84,96.16,2656.63,1.78,0.63,1.92,0.56,1.59,0.52,3.35,0,142.74,1.38,0.31,0.07,12.09,3.79,472.67,34.99,4.77,16.04,10.68,14.17,3.56,4.29,6.31,17.65,3.56,9.71,4.37,0.3,129.22,0,100,0,1755.81,0.5,0.5,0,1.99,1.99,0,0,0,175.86,12.75,0.43,0.67,336.47,146.31,749.64,242.95,199.96,36.17,11.9,65.39,49.88,8.43,7.09,152.94,106.89,26.27,4.82,0.31,101.96,0,100,0,1821.78,0.63,0.63,0,1.57,1.57,0,0,0,184.7,10.45,0.47,0.65,257.8,121.21,711.21,175.01,141.05,31.13,8.03,39.51,27.5,7.99,4.01,162.47,113.54,26,4.02,35.5,22.57,77.3,5.28,94.72,2781.1,1.36,0.32,1.67,0.73,3.14,0.6,1.35,0,178.54,2.07,0.35,0.14,34.63,12,451.77,39.18,9.13,24.4,12.59,22.63,6.76,8.62,7.24,38.66,19.46,13.8,5.35,56.43,34.09,65.84,30.96,69.04,2769.83,1.7,1.54,1.78,0.59,0.65,0.56,2.65,0,166.99,3.88,0.31,0.17,47.62,14.99,398.63,43.55,9.41,20.31,13.16,19.59,5.42,6.41,7.76,38.14,20.27,12.48,5.4,0.31,96.28,0,100,0,1767.98,0.64,0.64,0,1.55,1.55,0,0,0,176,10.09,0.42,0.7,407.36,169.64,794.95,211.12,168.99,39.43,11.81,123.14,98.75,16.94,7.45,148.66,105.36,23.2,4.36,0.26,102.82,0,100,0,1765.3,0.72,0.72,0,1.39,1.39,0,0,0,180.71,6.49,0.46,0.66,258.63,120,708.53,159.11,114.27,28.99,7.48,12.13,3.47,5.45,3.21,165.05,114.14,26.69,4.27,8,82.54,17.92,87.29,12.71,2317.31,1.52,1.61,1.08,0.66,0.62,0.93,0.28,0,174.38,10.2,0.42,0.68,413.72,172.22,819.89,120.06,14.28,24.45,8.55,22,7.85,9.41,4.74,22.85,5.2,13.82,3.81,8.08,91.91,3.07,99.58,0.42,2463.75,1.79,1.84,0.23,0.56,0.54,4.3,0.34,0,180.23,6.57,0.46,0.66,261.31,119.84,695.18,25.05,11.83,24.35,4.51,20.32,7.77,9.72,2.83,19.3,3.78,13.79,1.68,666411822,82776342,25.69,3.19,12.42,342.05,666411822,82776342,25.69,3.19,12.42,342.05,666411822,82776342,25.69,3.19,12.42,342.05
32.54,50.59,49.34,31.77,68.23,2782.52,1.33,0.83,1.83,0.75,1.2,0.55,19.21,0,133.25,3.05,0.31,0.19,48.42,15.12,486.46,49.57,11.97,22.89,15.44,23.25,7.06,7.16,9.03,28.61,7.47,14.69,6.41,32.54,50.59,49.34,31.77,68.23,2782.52,1.33,0.83,1.83,0.75,1.2,0.55,19.21,0,133.25,3.05,0.31,0.19,48.42,15.12,486.46,49.57,11.97,22.89,15.44,23.25,7.06,7.16,9.03,28.61,7.47,14.69,6.41,32.54,50.59,49.34,31.77,68.23,2782.52,1.33,0.83,1.83,0.75,1.2,0.55,19.21,0,133.25,3.05,0.31,0.19,48.42,15.12,486.46,49.57,11.97,22.89,15.44,23.25,7.06,7.16,9.03,28.61,7.47,14.69,6.41,58.27,60.76,39.3,42.53,57.47,2693.36,1.22,0.85,1.78,0.82,1.17,0.56,1.91,0,114.61,2.91,0.31,0.17,47.72,14.88,524.26,68.37,21.95,29.02,17.66,33.16,12.19,9.52,11.46,32.01,10.93,14.85,6.2,51.36,55.97,43.84,40,60,2718.38,1.3,0.93,1.78,0.77,1.08,0.56,1.81,0,147.51,3.48,0.33,0.22,50.4,16.45,475.86,51.68,8.48,24.02,16.02,23.01,5.77,7.96,9.28,32.2,8.91,16.51,6.74,53.53,58.56,41.38,45.55,54.45,2988.36,1.01,0.78,1.33,0.99,1.28,0.75,1.61,0,114.06,2.19,0.3,0.15,38.62,11.54,501.33,46.02,12.01,21.32,16.16,22.71,7.22,6.47,9.02,34.82,13.48,14.18,7.15,53.77,38.74,61.19,14.38,85.62,2920.03,1.44,0.53,2.01,0.69,1.87,0.5,2.26,0,128.76,4.16,0.3,0.14,22.75,6.83,492.63,41.97,10.52,16.29,13.64,17.41,5.52,3.6,8.29,30.09,9.24,15.49,5.35,0.39,78.48,0,100,0,1794.21,0.67,0.67,0,1.5,1.5,0,0,0,180.47,12.49,0.36,0.68,557.53,202.44,801.05,226.62,192.19,42.02,14.05,83.98,63.39,11.89,8.71,150.24,110.69,24.05,5.34,0.26,111.37,0,100,0,1664.26,0.75,0.75,0,1.33,1.33,0,0,0,188.82,7.02,0.47,0.66,294.83,138.03,721.29,146.98,112.01,31.77,5.82,14.11,6.41,5.82,1.89,155.62,108.99,25.33,3.93,47.66,47.61,52.37,26.96,73.04,2675.72,1.26,0.71,1.75,0.8,1.41,0.57,1.6,0,151.55,2.89,0.3,0.2,73.25,21.62,454.41,60.17,11.98,27.57,17.19,29.02,8.46,10.13,10.43,31.89,8.78,16.33,6.76,49.4,69.22,30.78,61.68,38.32,2848.45,1.27,1.13,1.58,0.79,0.89,0.63,1.78,0,161.83,2.62,0.29,0.2,54.92,16.09,505.23,31.84,9.51,19.15,9.15,15.61,5.1,5.62,4.9,20.88,4.39,12.22,4.25,0.38,102.61,0,100,0,1624.08,0.57,0.57,0,1.76,1.76,0,0,0,172.63,15.34,0.44,0.68,456.32,203.01,853.3,254.1,145.43,37.42,16.57,87.87,62.58,13.68,11.6,150.1,116.94,25.62,4.97,0.33,101.67,0,100,0,1734.4,0.64,0.64,0,1.57,1.57,0,0,0,185.89,8.2,0.45,0.68,321.54,144.85,743.71,186,127.68,33.47,7.58,31.71,20.22,7.6,3.89,155.62,112.32,23.98,3.69,50.65,49.89,50,34.52,65.48,2845.99,1.08,0.74,1.41,0.93,1.34,0.71,1.55,0,184,5.05,0.32,0.19,47.3,15.25,476.79,41.32,9.05,25.38,7.53,20.3,7.16,8.98,4.16,23.72,7.52,12.8,3.37,46.83,31.23,68.6,16.63,83.37,2836.88,1.48,0.79,1.8,0.67,1.27,0.56,1.97,0,131.59,3.08,0.33,0.24,75.97,25.08,470.2,52.56,16.51,25.86,15.31,24.83,9.19,6.79,8.85,28.63,5.24,16.89,6.46,0.38,108.76,0,100,0,1623.36,0.54,0.54,0,1.85,1.85,0,0,0,172.66,17.44,0.44,0.74,486.07,214.07,755.58,243.15,156.57,38.86,12.96,98.38,73.76,16.19,8.44,167.17,102.61,23.82,4.52,0.28,109.48,0,100,0,1584.63,0.74,0.74,0,1.35,1.35,0,0,0,171.81,5.78,0.47,0.65,294.7,138.02,713.48,149.32,111.62,33.22,6.09,12.44,5.05,5.68,1.7,157.77,110.53,25.81,4.39,49.01,70.33,29.46,56.15,43.85,2729.74,1.19,0.95,1.77,0.84,1.05,0.56,1.59,0,104.79,2.81,0.29,0.16,37.64,10.9,460.85,63.28,10.73,19.67,23.98,25.93,6.12,5.72,14.1,29.6,4.73,14.98,9.88,58.35,23.85,76.17,6.53,93.47,2629.44,2.02,0.55,2.48,0.5,1.81,0.4,3.1,0,119.36,2.4,0.34,0.24,53.14,17.84,506.92,48.59,14.02,24.3,18.18,25.31,7.01,7.8,10.5,27.69,5.07,14.93,7.68,735881645,108349472,23.52,3.46,14.72,358.93,735881645,108349472,23.52,3.46,14.72,358.93,735881645,108349472,23.52,3.46,14.72,358.93
35.71,55.01,45.02,35.64,64.36,2837.67,1.25,0.81,1.79,0.8,1.23,0.56,20.27,0,133.74,2.9,0.31,0.18,44.11,13.55,479.96,50.41,10.44,20.27,16,21.87,6.22,6.3,9.35,25.26,5.62,12.98,6.65,35.71,55.01,45.02,35.64,64.36,2837.67,1.25,0.81,1.79,0.8,1.23,0.56,20.27,0,133.74,2.9,0.31,0.18,44.11,13.55,479.96,50.41,10.44,20.27,16,21.87,6.22,6.3,9.35,25.26,5.62,12.98,6.65,35.71,55.01,45.02,35.64,64.36,2837.67,1.25,0.81,1.79,0.8,1.23,0.56,20.27,0,133.74,2.9,0.31,0.18,44.11,13.55,479.96,50.41,10.44,20.27,16,21.87,6.22,6.3,9.35,25.26,5.62,12.98,6.65,55.39,55.03,45.08,33.14,66.86,2970.17,0.98,0.59,1.46,1.02,1.69,0.69,1.62,0,147.96,4.75,0.31,0.34,95.66,29.73,467.29,46.69,10.56,15.57,11.96,15.44,5.53,3.39,6.53,25.39,6.97,12.96,5.43,48.85,70.17,30.01,47.2,52.8,2916.94,0.9,0.6,1.58,1.11,1.65,0.63,1.28,0,149.88,2.97,0.32,0.18,53.06,17.17,500.77,70.83,13.1,27.88,24.28,33.55,8.47,9.95,15.12,24.89,3.19,12.56,9.16,66.22,65.16,34.81,56.09,43.91,2958.22,1.17,1.01,1.47,0.86,0.99,0.68,2.29,0,126.3,2.9,0.28,0.14,29.42,8.23,463.9,49.1,8.72,16.44,14.25,16.84,4.45,3.79,8.6,24.8,6.15,12.98,5.65,58.57,58.01,41.95,37.31,62.69,2837.78,1.26,0.81,1.88,0.79,1.23,0.53,2.1,0,75.73,2.32,0.28,0.11,16.53,4.69,500.55,37.69,11.44,20.29,12.4,17.98,5.74,5.37,6.87,27.17,6.42,15.23,5.52,0.36,105.17,0,100,0,1721.51,0.54,0.54,0,1.86,1.86,0,0,0,182.49,15.29,0.38,0.68,457.31,173.86,817.33,211.19,172.59,39.11,11.89,77.26,57.35,13.22,6.69,180.05,125.16,26.07,5.2,0.27,101.94,0,100,0,1719.89,0.7,0.7,0,1.42,1.42,0,0,0,181.52,6.85,0.46,0.63,287.03,130.76,726.46,162.09,125.26,29.81,7.51,23.68,13.19,6.99,3.5,162.73,115.51,23.23,4.02,57.7,47.36,52.67,27.93,72.07,2794.59,1.32,0.78,1.81,0.75,1.28,0.55,2.14,0,157.04,3.97,0.32,0.23,80.95,25.65,495.36,58.97,12.66,25.69,19.66,28.91,8.7,8.73,11.48,28.76,6.69,13.9,8.18,55.18,47.36,52.75,29.64,70.36,2885.68,1.64,1.03,2.19,0.61,0.97,0.46,2.61,0,133.03,2.54,0.33,0.17,41.32,13.46,498.2,49.35,5.87,15.03,18.9,20.21,4.16,4.45,11.6,21.02,2.91,10.81,7.3,0.37,112.4,0,100,0,1432.67,0.58,0.58,0,1.72,1.72,0,0,0,179.92,12.79,0.36,0.71,506.42,182.48,807.79,215.41,152.09,35.62,12.28,86.57,65.87,13.12,7.58,159.44,126.54,23.74,4.7,0.33,102.77,0,100,0,1475.62,0.68,0.68,0,1.47,1.47,0,0,0,189.39,9.35,0.42,0.67,363.64,152.27,748.8,171.52,130.19,31.43,7.97,31.37,19.49,7.95,3.93,163.32,116.42,24.11,4.04,52.1,66.23,33.67,58.03,41.97,2860.36,1,0.87,1.24,1,1.14,0.8,1.49,0,161.61,3.29,0.31,0.23,73.64,22.59,486.84,37.56,15.7,20.74,9.07,20.16,8.11,7.48,4.56,25.2,9.35,11.37,4.51,48,49.41,50.66,30.81,69.19,2895.67,1.17,0.73,1.6,0.86,1.37,0.63,1.62,0,161.99,3.62,0.32,0.3,96.75,30.87,474.12,50.03,13.35,20.66,14.53,23.59,7.81,7.38,8.4,27.06,7.14,13.78,6.13,0.36,120.81,0,100,0,1681.62,0.47,0.47,0,2.12,2.12,0,0,0,182.43,15.23,0.37,0.69,457.66,168.73,790.28,216.19,157.7,33.97,14.1,73.52,51.25,12.46,9.81,139.28,97.79,20.67,4.29,0.27,105.4,0,100,0,1791.69,0.64,0.64,0,1.57,1.57,0,0,0,191.37,7.29,0.45,0.66,293.65,131.35,743.2,159.01,116.67,30.24,7.61,12.55,3.94,5.44,3.17,160.95,119.01,25,4.44,61.75,46.32,53.67,23.83,76.17,2634.28,1.52,0.78,2.15,0.66,1.28,0.46,2.47,0,164.65,2.31,0.3,0.08,19.58,5.9,440.51,49.71,6.77,22.13,18.12,23.85,5.48,7.6,10.77,25.27,5.12,12.76,7.35,65.74,44.97,54.93,25.85,74.15,2714.65,1.48,0.85,1.99,0.68,1.18,0.5,2.63,0,87.93,1.77,0.28,0.12,24.64,6.87,485.21,67.69,9.21,23.29,22.03,26.21,6.05,7.19,12.98,26.14,3.22,13.83,9.05,725814291,118860587,22.4,3.67,16.38,364.06,725814291,118860587,22.4,3.67,16.38,364.06,725814291,118860587,22.4,3.67,16.38,364.06
32.67,49.43,50.54,32.04,67.96,2675.89,1.34,0.87,1.8,0.75,1.15,0.56,18.74,0,130.75,2.89,0.32,0.16,42.19,13.42,471.84,46.59,9.19,21.77,14.86,21.25,5.78,6.76,8.71,26.07,5.49,14.42,6.15,32.67,49.43,50.54,32.04,67.96,2675.89,1.34,0.87,1.8,0.75,1.15,0.56,18.74,0,130.75,2.89,0.32,0.16,42.19,13.42,471.84,46.59,9.19,21.77,14.86,21.25,5.78,6.76,8.71,26.07,5.49,14.42,6.15,32.67,49.43,50.54,32.04,67.96,2675.89,1.34,0.87,1.8,0.75,1.15,0.56,18.74,0,130.75,2.89,0.32,0.16,42.19,13.42,471.84,46.59,9.19,21.77,14.86,21.25,5.78,6.76,8.71,26.07,5.49,14.42,6.15,49.59,81.57,18.55,74.29,25.71,2879.66,0.84,0.76,1.16,1.19,1.31,0.86,1.2,0,186.33,5.08,0.33,0.22,54.7,17.98,495.77,64.8,10.07,24.55,21.04,28.28,6.77,8.84,12.68,41.33,15.4,17.61,8.36,44.07,61.23,38.9,48.19,51.81,2771.34,1.25,0.99,1.67,0.8,1.01,0.6,1.53,0,87.41,1.66,0.33,0.18,43.2,14.3,490.73,33.3,8.97,23.19,8.52,17.48,5.39,7.57,4.52,21.91,5.74,12.13,4,58.92,64.14,35.79,49.38,50.62,2595.64,1.43,1.1,2.01,0.7,0.91,0.5,2.18,0,113.08,3.51,0.31,0.18,43.81,13.38,504.93,46.25,9.02,15.45,12.59,15.1,4.99,3.49,6.62,21.74,3.35,12.42,5.96,54,40.8,59.02,25.99,74.01,2595.36,1.5,0.96,1.88,0.66,1.05,0.53,2.1,0,89.91,2.52,0.32,0.16,34.09,10.92,470.78,54.19,11.54,21,21.31,24.34,5.87,5.89,12.57,23.52,3.14,11.63,8.74,0.45,120.96,0,100,0,1550.51,0.5,0.5,0,2,2,0,0,0,183.21,8.13,0.5,0.68,375.43,187.84,779.31,226.97,166.64,34.29,13.24,41.2,24.95,8.03,8.22,177.53,116.56,24.45,5.03,0.41,97.2,0,100,0,1658.76,0.59,0.59,0,1.7,1.7,0,0,0,193.89,4.93,0.49,0.65,264.06,130.39,690.45,152.1,113.04,27.43,5.76,7.51,0.75,4.68,2.08,160.15,114.32,23.24,3.68,46.02,44.45,55.63,23.37,76.63,2851.56,1.19,0.63,1.64,0.84,1.59,0.61,1.57,0,129.33,3,0.3,0.11,32.02,9.57,450.79,54.74,13.98,19.33,12.61,19.15,6.79,4.49,7.87,25.33,5.1,15.49,4.74,46.04,31.94,68.11,18.76,81.24,2725.58,1.62,0.95,1.94,0.62,1.05,0.52,2.04,0,162.41,2.98,0.32,0.11,25.05,7.92,469.06,42.09,5.17,13.25,11.78,11.76,2.61,2.25,6.9,25.25,3.47,16.89,4.87,27.47,56.52,43.67,31,69,2676.71,1.08,0.59,1.71,0.93,1.68,0.58,0.8,0,203.95,4,0.43,0.68,396.16,170.42,751.58,221.21,25.79,22.55,8.42,24.21,13.63,6.7,3.87,38.53,12.43,21.48,4.54,29.24,24.96,74.64,9.42,90.58,2447.83,1.76,0.66,2.13,0.57,1.51,0.47,1.25,0,217.72,9.05,0.45,0.67,323.71,145.78,709.75,172.86,23.67,18.5,7.09,17.74,8.92,5.7,3.11,23.09,6.97,12.14,3.98,42.27,39.83,59.93,22.83,77.17,2917.69,1.15,0.66,1.48,0.87,1.52,0.68,1.41,0,145.58,2.95,0.32,0.25,67.57,21.82,469.03,47.36,8.34,27.95,10.15,23.74,7.6,10.3,5.84,26.2,6.93,14.96,4.31,30.56,36.48,63.18,26.17,73.83,2942.43,1.38,0.98,1.6,0.73,1.02,0.62,1.23,0,147.08,2.42,0.32,0.13,37.49,11.98,428.75,46.64,10.04,29.33,13.55,25.65,7.09,10.4,8.16,23.28,2.29,15.58,5.4,0.47,113.97,0,100,0,1630.67,0.48,0.48,0,2.1,2.1,0,0,0,183.24,14.17,0.47,0.67,410.45,192.34,744.26,253.89,174.34,37.2,14.19,95.12,71.19,14.2,9.73,160.07,111.12,22.93,4.46,0.41,105.9,0,100,0,1534.51,0.62,0.62,0,1.61,1.61,0,0,0,184.93,5.58,0.49,0.66,262.67,129.56,699.94,151.44,114.98,29.32,5.47,8.76,1.39,5.39,1.98,161.49,112.44,26.78,3.49,49.81,56.61,43.48,42.31,57.69,2383.49,1.29,0.97,1.72,0.77,1.03,0.58,1.54,0,208.23,4.72,0.29,0.12,37.09,10.75,751.07,37.24,5.7,20.7,13.9,19.68,4.58,6.56,8.53,31.76,9.05,17.39,5.37,43.62,34.89,65.01,18.38,81.62,2433.98,1.77,0.93,2.23,0.56,1.07,0.45,1.88,0,49.96,2.29,0.32,0.22,56.39,17.85,679.7,46.99,9.17,28.28,20.83,29.32,7.11,10.1,12.11,24.35,3.56,12.06,8.72,698591029,102162242,23.17,3.39,14.62,352.96,698591029,102162242,23.17,3.39,14.62,352.96,698591029,102162242,23.17,3.39,14.62,352.96
31.96,50.16,49.89,32.31,67.69,2796.17,1.38,0.89,1.87,0.73,1.13,0.53,19.72,0,133.03,2.89,0.32,0.16,40.98,13.07,459.22,48.84,10.88,22.81,15.7,24.15,7.01,7.72,9.42,25.65,5.47,13.88,6.27,31.96,50.16,49.89,32.31,67.69,2796.17,1.38,0.89,1.87,0.73,1.13,0.53,19.72,0,133.03,2.89,0.32,0.16,40.98,13.07,459.22,48.84,10.88,22.81,15.7,24.15,7.01,7.72,9.42,25.65,5.47,13.88,6.27,31.96,50.16,49.89,32.31,67.69,2796.17,1.38,0.89,1.87,0.73,1.13,0.53,19.72,0,133.03,2.89,0.32,0.16,40.98,13.07,459.22,48.84,10.88,22.81,15.7,24.15,7.01,7.72,9.42,25.65,5.47,13.88,6.27,56.13,60.37,39.86,31.13,68.87,2856.89,1.08,0.56,1.88,0.92,1.79,0.53,1.74,0,181.27,5.64,0.31,0.3,93.9,29.26,460.36,67.69,8.61,14.98,20.21,20.4,4.63,3.05,12.73,35.98,11.19,17.32,7.48,57.92,49.01,50.91,31.76,68.24,2789.69,1.62,1.05,2.17,0.62,0.95,0.46,2.62,0,93.91,2.54,0.34,0.18,54.22,18.48,449.13,34.96,5.51,23.45,9.46,19.58,5.53,8.07,5.99,20.15,3.58,13.08,3.47,70.44,72.79,27.28,61.8,38.2,2772.22,1.34,1.14,1.88,0.75,0.88,0.53,2.62,0,132.28,3.9,0.33,0.17,41.38,13.52,480.87,39.52,12.5,28.24,6.4,24.21,9.09,11.18,3.94,23.5,6.14,14.96,2.47,63.36,42.12,58.03,24.86,75.14,2836.07,1.44,0.85,1.87,0.69,1.17,0.53,2.6,0,115.25,2.33,0.33,0.15,34.18,11.21,488.77,58.03,18.76,21.22,14.96,25.37,10.02,6.12,9.23,21.91,5.14,11.06,5.73,0.3,109.07,0,100,0,1742.43,0.6,0.6,0,1.66,1.66,0,0,0,168.03,12,0.37,0.73,608.75,224.46,775.79,221.1,189.13,39.73,15.87,134.62,105.42,18.31,10.89,141.84,99.97,24,4.98,0.27,104.54,0,100,0,1671.93,0.71,0.71,0,1.4,1.4,0,0,0,167.73,5.43,0.47,0.65,268.07,126.94,709.61,146.01,115.38,28.53,5.43,7.87,0.99,5.16,1.72,156.39,110.6,25.13,3.71,53.15,59.9,40.16,43.11,56.89,2801.25,1.32,0.95,1.88,0.76,1.05,0.53,1.97,0,178.01,3.73,0.31,0.15,38.54,11.8,446.98,71.75,11.03,26.44,29.33,35.22,8.19,9.82,17.22,37.77,7.04,18.51,12.11,45.72,43.79,56.21,26.47,73.53,2888.17,1.41,0.85,1.85,0.71,1.17,0.54,1.87,0,87.36,1.37,0.31,0.06,14.97,4.6,495.65,35.9,8.05,20.68,14.26,19.95,5.3,6.73,7.92,22.02,3.57,12.09,6.34,0.35,117.49,0,100,0,1763.62,0.55,0.55,0,1.8,1.8,0,0,0,175.37,9.87,0.39,0.72,507.4,198.92,775.82,226.27,190.29,37.97,12.12,98.45,77.14,14.09,7.22,164.89,117.93,23.35,4.91,0.39,106.71,0,100,0,1738.77,0.54,0.54,0,1.84,1.84,0,0,0,175.98,6.28,0.46,0.66,288.22,132.1,702.9,145.5,113.52,27.55,5.04,7.34,1.11,4.53,1.71,155.78,114.49,22.49,3.33,48.23,48.69,51.28,30.17,69.83,2972.2,1.06,0.65,1.44,0.95,1.53,0.7,1.51,0,195.56,3.36,0.31,0.29,84.18,26.27,450.54,56.3,15.25,27.55,16.35,29.03,8.78,10.24,10,31.29,11.93,13.02,6.34,43.09,41.3,58.39,32.21,67.79,3015.39,1.25,0.97,1.45,0.8,1.03,0.69,1.62,0,126,3.27,0.32,0.14,42.23,13.61,416.25,47.09,11.04,25.21,10.04,22.87,7.34,9.07,6.45,26.94,10.25,13.1,3.59,0.3,112.51,0,100,0,1755.73,0.58,0.58,0,1.73,1.73,0,0,0,170.92,9.83,0.42,0.67,397.55,167.48,766.01,221.59,143.01,31.03,14.27,60.09,40.96,9.68,9.44,135.83,101.67,20.6,4.83,0.26,102.52,0,100,0,1775.31,0.74,0.74,0,1.35,1.35,0,0,0,175.53,6.05,0.45,0.67,263.23,118.57,702.06,144.98,114.69,29.86,5.41,8.51,1.68,5.11,1.72,166.68,115.6,26.02,3.69,36.77,29.38,70.8,14.37,85.63,2485.09,1.87,0.91,2.26,0.54,1.09,0.44,1.71,0,223.71,2.13,0.31,0.17,31.18,9.7,467.29,38.93,17.32,24.18,11.58,24,9.08,8.43,6.49,19.78,2.25,12.43,5.09,35.61,28.42,71.58,11.19,88.81,2437.67,1.71,0.67,2.12,0.59,1.49,0.47,1.48,0,45.93,1.61,0.32,0.11,34.51,11.15,422.47,55.7,5.49,16.96,24.43,24.02,4.42,4.74,14.87,27.15,1.92,15.65,9.57,664178703,85189576,20.87,2.68,12.83,350.23,664178703,85189576,20.87,2.68,12.83,350.23,664178703,85189576,20.87,2.68,12.83,350.23
18.45,21.95,78.07,4.86,95.14,2535.98,1.95,0.43,2.38,0.51,2.31,0.42,14.64,0,122.3,1.53,0.35,0.18,39.05,13.69,462.57,52.23,10.89,23.01,16.84,25.88,7.31,8.21,10.36,27.04,7,13.53,6.48,18.45,21.95,78.07,4.86,95.14,2535.98,1.95,0.43,2.38,0.51,2.31,0.42,14.64,0,122.3,1.53,0.35,0.18,39.05,13.69,462.57,52.23,10.89,23.01,16.84,25.88,7.31,8.21,10.36,27.04,7,13.53,6.48,18.45,21.95,78.07,4.86,95.14,2535.98,1.95,0.43,2.38,0.51,2.31,0.42,14.64,0,122.3,1.53,0.35,0.18,39.05,13.69,462.57,52.23,10.89,23.01,16.84,25.88,7.31,8.21,10.36,27.04,7,13.53,6.48,39.02,39.74,60.26,12,88,2438.44,1.38,0.42,2.02,0.72,2.4,0.5,1.32,0,204.56,2.55,0.33,0.16,37.76,12.64,475.69,75.49,51.36,26.7,30.87,52.57,23.38,10.12,19.07,38.78,11.32,15.7,11.8,50.24,16.73,83.31,2.56,97.44,2536.09,2.09,0.32,2.44,0.48,3.13,0.41,2.66,0,70.73,1.1,0.36,0.1,14.01,5.1,471.63,47.56,21.06,33.53,14.65,36.77,13.26,14.22,9.29,23.18,5.45,12.35,5.36,24.32,37.68,62.17,11.9,88.1,2404.01,1.38,0.43,1.95,0.73,2.3,0.51,0.81,0,108,1.69,0.33,0.2,43.52,14.3,479.53,78.22,5.93,21,21.76,25.71,5.31,7,13.4,28.73,4.78,15.57,8.36,25.29,23.77,76.17,4.27,95.73,2657.1,2.02,0.36,2.54,0.49,2.76,0.39,1.36,0,84.28,1.22,0.38,0.18,44.27,16.64,437.61,46.67,6.32,19.43,13.87,19.23,5.1,5.96,8.18,21.52,3.09,12.74,5.69,0.39,98.21,0,100,0,1654.76,0.55,0.55,0,1.81,1.81,0,0,0,168.29,12.04,0.43,0.7,418.66,181.79,766.51,228.74,146.53,35.72,15.04,88.41,61.79,16.63,9.99,157.61,111.58,23.47,5.05,0.3,94.49,0,100,0,1753.39,0.68,0.68,0,1.46,1.46,0,0,0,174.7,4.33,0.48,0.65,273.11,131.04,684.35,152.87,115.67,30.41,6.11,14.73,6.02,6.3,2.41,162.76,116.29,24.64,3.7,26.37,23.31,76.47,7.27,92.73,2561.74,1.29,0.4,1.56,0.77,2.48,0.64,0.87,0,135.82,1.53,0.32,0.11,27.12,8.75,485.76,53.91,9.86,25.77,17.97,28.33,7.09,10,11.24,30.91,7.48,16.71,6.73,60.4,7.39,92.58,0.78,99.22,2575.12,2.89,0.3,3.09,0.35,3.29,0.32,4.49,0,91.34,0.85,0.29,0.09,15.26,4.48,461.55,39.02,11.2,19.45,14.58,21.75,6.68,6.22,8.84,18.93,4.51,8.69,5.74,0.36,143.17,0,100,0,1414.75,0.47,0.47,0,2.15,2.15,0,0,0,172.05,11.18,0.45,0.69,359.33,163.1,770.99,214.77,194.78,37.63,12.71,94.13,72.09,14.06,7.99,155.74,118.16,21.99,4.73,0.31,103.23,0,100,0,1610.9,0.7,0.7,0,1.43,1.43,0,0,0,185.07,7.35,0.42,0.69,411.3,172.35,709.68,161.32,125.64,30.53,6.73,25.64,15.62,7.15,2.87,162.62,116.02,23.53,3.86,36.28,15.71,84.43,5.89,94.11,2556.84,2.12,0.8,2.37,0.47,1.26,0.42,1.97,0,150.6,1.75,0.36,0.26,75.54,26.83,434.41,66.66,13.92,27.15,25.92,36.26,10.33,9.99,15.94,37.37,13.8,13.6,9.98,19.56,23.28,76.62,7.07,92.93,2776.02,1.4,0.42,1.69,0.72,2.36,0.59,0.76,0,160.01,1.81,0.37,0.27,68.72,25.65,445.94,44.69,9.69,23.19,12,21.95,5.87,8.61,7.47,29.83,10.88,14.41,4.53,0.32,123.23,0,100,0,1588,0.56,0.56,0,1.79,1.79,0,0,0,171.1,9.99,0.47,0.68,359.54,169.03,743.71,224.57,157.36,36.38,13.07,113.52,88.76,16.46,8.29,157.5,114.39,23.29,4.77,0.32,99.44,0,100,0,1493.62,0.69,0.69,0,1.44,1.44,0,0,0,170.84,4.31,0.48,0.66,268.1,129.89,685.69,154.22,117.93,31.37,6.28,18.45,9.45,6.62,2.37,175.97,123.16,27.07,3.9,10.29,25.54,75.26,6.1,93.9,2357.41,1.77,0.43,2.22,0.57,2.35,0.45,0.43,0,168.93,8.07,0.45,0.71,441.93,200.96,756.46,35.12,23.67,41.23,6.9,41.03,17.25,19.41,4.37,15.46,2.94,9.84,2.54,3.09,59.03,39.19,53.93,46.07,2263.53,0.56,0.5,0.64,1.79,2,1.55,0.04,0,169.56,4.21,0.49,0.65,277.72,134.73,682.08,144.73,15.94,13.06,25.54,28.73,9.36,2.67,16.69,33.2,5.04,19.12,8.85,606691779,52357914,25.18,2.17,8.63,345.81,606691779,52357914,25.18,2.17,8.63,345.81,606691779,52357914,25.18,2.17,8.63,345.81
23.38,22.68,77.32,5.35,94.65,2997.91,1.47,0.35,1.8,0.68,2.89,0.56,16.47,0,132.05,1.99,0.33,0.16,35.59,11.9,452.99,48.33,11.35,22.33,16.33,24.52,6.74,7.65,10.14,26.74,6.6,13.92,6.19,23.38,22.68,77.32,5.35,94.65,2997.91,1.47,0.35,1.8,0.68,2.89,0.56,16.47,0,132.05,1.99,0.33,0.16,35.59,11.9,452.99,48.33,11.35,22.33,16.33,24.52,6.74,7.65,10.14,26.74,6.6,13.92,6.19,23.38,22.68,77.32,5.35,94.65,2997.91,1.47,0.35,1.8,0.68,2.89,0.56,16.47,0,132.05,1.99,0.33,0.16,35.59,11.9,452.99,48.33,11.35,22.33,16.33,24.52,6.74,7.65,10.14,26.74,6.6,13.92,6.19,28.01,43.07,56.91,11.08,88.92,3250.77,1.06,0.27,1.65,0.95,3.68,0.61,0.96,0,86.73,4.21,0.33,0.31,90.66,29.57,454.38,77.24,38.66,21.93,23.46,40.06,19.8,5.63,14.63,89.07,57.17,24.11,8.83,17.58,41.52,58.4,17.95,82.05,3232.78,0.84,0.36,1.17,1.2,2.77,0.85,0.47,0,210.2,3.97,0.34,0.22,71.82,24.16,421.68,57.19,115.6,28.16,22.7,20.84,1.66,5.1,14.08,74.42,42.25,22.99,8.62,46.59,28.3,71.81,6.87,93.13,2839.71,1.13,0.27,1.46,0.89,3.65,0.68,1.49,0,142.75,2.39,0.33,0.13,29.58,9.86,440.03,56.2,13.53,22.55,12.81,24.09,8.09,7.81,8.19,28.15,7.67,15.84,4.62,49.38,24.96,75.07,5.43,94.57,2846.64,1.59,0.35,2.01,0.63,2.88,0.5,2.24,0,108.8,2.1,0.34,0.14,30.24,10.17,461.37,41.27,9.45,30.88,14,29.13,8,12.58,8.55,27.48,6.46,15.54,5.45,0.45,90.93,0,100,0,1600.73,0.55,0.55,0,1.8,1.8,0,0,0,168.48,11.3,0.47,0.7,390.87,184.06,758.19,199.18,183.13,36.27,10.75,53.36,40.33,7.69,5.35,171.6,120.32,25.72,5.4,0.31,95.29,0,100,0,1829.37,0.68,0.68,0,1.48,1.48,0,0,0,169.91,3.35,0.5,0.64,259.89,128.86,686.34,146.25,115.69,28.66,5.23,7.38,0.73,4.91,1.74,163.78,114.56,25.25,3.48,61.99,18.07,81.99,4.13,95.87,2812.72,1.61,0.37,1.88,0.62,2.71,0.53,2.81,0,163.34,1.45,0.33,0.13,28.86,9.48,477.24,55,9.73,25.81,24.4,31.43,6.87,9.63,14.94,24.61,2.72,12.43,9.47,60.02,14.43,85.58,3.7,96.3,2766.57,1.85,0.47,2.08,0.54,2.11,0.48,3.06,0,57.63,0.57,0.34,0.09,15.63,5.24,457.4,33.43,4.01,13.75,11.5,12.69,2.76,2.75,7.18,21.26,2.95,13.98,4.32,0.38,89.07,0,100,0,1758.18,0.6,0.6,0,1.67,1.67,0,0,0,175.39,15.1,0.38,0.71,471.42,180.96,735.99,203.86,162,33.36,9.36,86.64,64.22,17.58,4.84,168.91,119.8,24.09,4.52,0.29,106.66,0,100,0,1807.57,0.64,0.64,0,1.56,1.56,0,0,0,169.68,5.71,0.45,0.68,327.66,147.35,703.86,165.71,122.49,27.73,6.36,17.98,9.6,5.64,2.74,159.82,115.59,23.54,3.62,53.88,18.64,81.24,3.98,96.02,3193.23,1.63,0.35,1.93,0.61,2.88,0.52,2.8,0,191.18,3.95,0.34,0.21,47.02,15.91,440.51,47.39,18.85,24.4,14,27.17,9.83,8.54,8.8,25.7,6.03,14.5,5.19,53.98,14.7,85.31,3.71,96.29,3410.71,1.41,0.36,1.59,0.71,2.8,0.63,2.6,0,193.67,2.64,0.33,0.2,50.8,16.77,439.01,60.92,15.47,20.23,19.71,25.86,6.95,6.65,12.26,31.38,11.09,12.83,7.45,0.35,104.03,0,100,0,1625.16,0.61,0.61,0,1.65,1.65,0,0,0,170.08,7.2,0.46,0.68,351.26,161.6,730.13,216.05,163.13,32.95,8.94,63.46,48.65,10.41,4.4,144.79,107.12,22.22,4.53,0.33,97.12,0,100,0,1523.01,0.72,0.72,0,1.38,1.38,0,0,0,169.46,3.26,0.5,0.64,263.55,131.39,686.96,146.72,114.92,29.43,5.64,8.11,1.35,5.05,1.71,165.34,113.88,26.82,3.93,0.44,91.19,0,100,0,1539.92,0.58,0.58,0,1.72,1.72,0,0,0,170.18,8.56,0.45,0.67,350.6,157.96,748.2,249.66,154.99,32.22,9.73,59.1,42.59,11.16,5.35,162.12,121.85,25.72,4.38,0.33,107.79,0,100,0,1516.62,0.67,0.67,0,1.5,1.5,0,0,0,172.17,3.36,0.5,0.65,262.3,131.2,691.13,144.17,113.22,27.24,4.8,7.03,0.78,4.64,1.61,160.16,113.68,25.02,3.19,607503229,56018873,24.78,2.29,9.22,345.8,607503229,56018873,24.78,2.29,9.22,345.8,607503229,56018873,24.78,2.29,9.22,345.8
22.7,22.84,77.81,5.39,94.61,2834.55,1.48,0.35,1.81,0.67,2.84,0.55,15.36,0,128.76,1.93,0.34,0.18,40.14,13.78,447.48,55.16,11.26,23.59,17.52,27.27,7.62,8.68,10.98,26.64,6.21,13.84,6.54,22.7,22.84,77.81,5.39,94.61,2834.55,1.48,0.35,1.81,0.67,2.84,0.55,15.36,0,128.76,1.93,0.34,0.18,40.14,13.78,447.48,55.16,11.26,23.59,17.52,27.27,7.62,8.68,10.98,26.64,6.21,13.84,6.54,22.7,22.84,77.81,5.39,94.61,2834.55,1.48,0.35,1.81,0.67,2.84,0.55,15.36,0,128.76,1.93,0.34,0.18,40.14,13.78,447.48,55.16,11.26,23.59,17.52,27.27,7.62,8.68,10.98,26.64,6.21,13.84,6.54,39.78,40.83,64.82,9.31,90.69,2631.3,1.19,0.29,1.76,0.84,3.49,0.57,1.32,0,212.24,3.97,0.34,0.21,62.54,21.33,480.71,67.02,13.57,35.51,21.2,39.01,10.19,15.63,13.19,26.51,4.13,14.33,8.01,41.97,26.49,73.98,5,95,2762.9,1.53,0.29,1.97,0.65,3.44,0.51,1.78,0,121.38,2.28,0.35,0.11,31.01,10.73,420.58,58.01,10.45,25,15.61,27.13,7.91,9.45,9.76,31.17,11.23,14.12,5.85,50.33,25.01,74.98,4.76,95.24,2877.49,1.59,0.3,2.02,0.63,3.31,0.49,2.3,0,90.68,1.33,0.34,0.23,64.55,21.96,449.99,61.94,22.17,18.56,15.43,25.45,10.19,5.22,10.04,27.15,6.9,14.84,5.39,45.65,21.29,78.77,4.52,95.48,2959.17,1.39,0.3,1.69,0.72,3.38,0.59,1.88,0,113.03,1.5,0.36,0.21,50.44,18.36,442.5,70.04,22.33,24.8,23.31,36.12,12.19,9.58,14.36,33.71,11.26,13.54,8.95,0.28,101.2,0,100,0,1768.25,0.67,0.67,0,1.49,1.49,0,0,0,174.41,18.59,0.48,0.7,382.69,184.7,758.68,179.93,191.1,37.6,9.62,62.85,48.47,10.07,4.31,158.12,118.32,23.77,5.31,0.24,100.59,0,100,0,1768.76,0.77,0.77,0,1.3,1.3,0,0,0,172.36,6.95,0.51,0.65,251.97,128.64,696.43,147.23,115.61,30.76,5.82,12.67,4.91,6.02,1.74,165.13,114.05,25.03,4.08,60.59,15.41,84.62,5.57,94.43,2846.27,1.72,0.62,1.92,0.58,1.61,0.52,2.97,0,160.34,1.56,0.34,0.08,12.82,4.37,435.49,57.92,1.61,12.41,24.37,18.81,1.43,2.43,14.95,25.47,2.11,13.92,9.42,46.2,17.41,82.56,4.21,95.79,2619.1,1.48,0.36,1.72,0.68,2.8,0.58,1.79,0,53.48,0.83,0.32,0.08,12.81,4.15,463.48,32.04,6.32,37.43,12.82,34.17,9.25,16.46,8.46,19.23,4.29,10.55,4.37,0.38,107.11,0,100,0,1745.47,0.48,0.48,0,2.08,2.08,0,0,0,171.08,12.18,0.45,0.67,384.04,174.2,759.14,217.46,186.79,37.99,13.15,115.58,88.39,18.34,8.85,149.33,118.22,24.27,4.29,0.34,100.83,0,100,0,1712.91,0.63,0.63,0,1.59,1.59,0,0,0,174,9.71,0.5,0.65,258.79,130.48,746.49,158.81,131.6,29.72,6.38,29.51,19.79,7.28,2.44,157.57,114.38,23.52,3.94,34.14,26.87,73.15,7.99,92.01,2980.09,1.18,0.35,1.49,0.84,2.84,0.67,1.2,0,211.9,3.92,0.35,0.23,60.63,21.25,438.21,55.78,23.45,24.31,15.99,32.97,14.24,8.89,9.84,30.18,4.85,19.17,6.15,43.43,13.89,86.06,2.85,97.15,3061.73,1.6,0.33,1.81,0.62,3.04,0.55,2.13,0,184.42,2.65,0.33,0.27,80.56,26.72,437.61,57.15,24.93,29.08,10.13,32.37,13.99,11.86,6.52,29.46,10.41,15.4,3.61,0.29,126.65,0,100,0,1755.01,0.53,0.53,0,1.87,1.87,0,0,0,175.5,18.74,0.46,0.67,340.02,156.23,773.78,204.07,164.67,36.78,11.19,82.48,63.38,12.26,6.84,160.03,112.95,23.55,4.35,0.27,102.93,0,100,0,1792.18,0.66,0.66,0,1.51,1.51,0,0,0,169.18,7.23,0.51,0.65,249.69,128.47,694.84,147.2,115.53,31.05,5.65,10.58,3.46,5.4,1.71,164.08,113.6,25.42,3.94,0.31,120.16,0,100,0,1722.87,0.52,0.52,0,1.91,1.91,0,0,0,173.31,17.62,0.47,0.68,376.45,177.75,773.68,200.19,176.96,39.09,7.8,91.94,75.35,12.92,3.67,166.11,105.83,23.01,4.13,0.25,97.64,0,100,0,1895.52,0.73,0.73,0,1.37,1.37,0,0,0,170.56,6.9,0.5,0.65,249.25,125.56,702.61,145.08,115.67,28.31,4.7,10.18,3.48,5.11,1.59,160.67,113.94,24.53,3.11,608536199,60651075,26.61,2.65,9.97,341.91,608536199,60651075,26.61,2.65,9.97,341.91,608536199,60651075,26.61,2.65,9.97,341.91
22.9,31.97,68,7.88,92.12,2856.9,1.39,0.34,1.89,0.72,2.91,0.53,14.57,0,123.18,1.96,0.35,0.21,48.55,16.99,462.75,52.84,13.4,24.26,18.1,28.4,8.39,8.76,11.25,28.36,7.12,14.36,6.85,22.9,31.97,68,7.88,92.12,2856.9,1.39,0.34,1.89,0.72,2.91,0.53,14.57,0,123.18,1.96,0.35,0.21,48.55,16.99,462.75,52.84,13.4,24.26,18.1,28.4,8.39,8.76,11.25,28.36,7.12,14.36,6.85,22.9,31.97,68,7.88,92.12,2856.9,1.39,0.34,1.89,0.72,2.91,0.53,14.57,0,123.18,1.96,0.35,0.21,48.55,16.99,462.75,52.84,13.4,24.26,18.1,28.4,8.39,8.76,11.25,28.36,7.12,14.36,6.85,38.66,56.39,43.24,19.3,80.7,2994.33,0.83,0.28,1.55,1.2,3.53,0.65,0.96,0,127.08,4.42,0.35,0.22,65.3,22.68,449.1,39.79,16.05,37.23,10.71,35,12.04,16.23,6.74,27.84,7.96,15.84,3.97,38.85,54.29,45.83,20.68,79.32,2986.04,0.87,0.33,1.51,1.14,3,0.66,1.02,0,97.65,2.16,0.35,0.13,23.42,8.3,493.13,50.79,21.03,27.83,18.02,33.61,11.67,10.94,11.01,32.27,6.59,18.66,7.01,41.2,32.84,67.22,7.24,92.76,3069.72,1.73,0.38,2.39,0.58,2.62,0.42,2.19,0,98.67,2.12,0.36,0.27,76.25,27.42,456.78,60.45,10.24,21.1,17.67,24.96,6.9,6.87,11.19,21.54,2.29,12.74,6.48,35.01,40.4,59.58,10.12,89.88,2847.22,1.31,0.33,1.97,0.77,3.06,0.51,1.3,0,110.36,2.74,0.35,0.3,81.05,28.61,475.66,64.67,10.84,20.97,16.43,24.78,7.49,6.96,10.33,24.7,6.06,12.57,6.1,0.45,110.53,0,100,0,1723.43,0.43,0.43,0,2.31,2.31,0,0,0,168.85,8.6,0.41,0.71,447.45,182,723.22,184.59,146.05,40.31,11.66,87.9,64.45,17.08,6.37,154.86,114.92,25.64,5.29,0.27,98.99,0,100,0,1936.18,0.68,0.68,0,1.48,1.48,0,0,0,168.99,3.25,0.51,0.65,250.42,127.96,687.33,149.76,112.44,34.89,6.12,22.81,13.22,7.41,2.18,155.07,110.82,25.57,3.94,55.39,17.25,82.75,4.13,95.87,2699.09,1.65,0.39,1.91,0.61,2.54,0.52,2.46,0,129.66,1.7,0.34,0.1,18.22,6.13,449.95,62.87,12.7,20.22,29.12,31.09,6.78,6.42,17.88,32.87,6.05,15.53,11.24,58.06,16.9,83.01,3.06,96.94,2723.59,1.85,0.33,2.16,0.54,2.99,0.46,2.92,0,153.36,1.32,0.34,0.12,23.99,8.25,451.33,41.23,9.75,25.26,17,27.2,6.88,9.7,10.62,25.71,5.33,13.99,6.37,0.36,108.22,0,100,0,1686.19,0.57,0.57,0,1.77,1.77,0,0,0,169.25,9.26,0.44,0.7,472.9,206.4,764.97,203.18,154.6,40.58,11.22,84.09,65.12,12.47,6.5,151.21,104.2,23.28,4.73,0.36,97.53,0,100,0,1747.73,0.62,0.62,0,1.62,1.62,0,0,0,176.66,6.92,0.44,0.71,381.57,168.72,702.36,149.45,136.13,36.23,5.71,44.01,32.13,9.74,2.13,156.8,114.72,23.81,3.58,40.18,33.28,66.65,11.47,88.53,2831.74,1.06,0.37,1.41,0.94,2.74,0.71,1.21,0,98.13,1.42,0.35,0.25,66.37,23.54,480.14,61.82,12.66,20.4,13.85,22.87,7.56,6.46,8.86,33.39,14.97,13.43,4.99,57.2,18.88,81.15,4.39,95.61,2898.59,1.52,0.35,1.79,0.66,2.82,0.56,2.52,0,141.54,2.12,0.34,0.28,75.63,25.98,461.54,54.77,15.08,22.52,13.38,25.33,9.46,7.51,8.36,28.21,7.51,15.66,5.02,0.42,93.71,0,100,0,1563.85,0.59,0.59,0,1.71,1.71,0,0,0,169.99,7.79,0.44,0.69,423.53,185.26,752.11,212.23,171.31,41.05,14.14,76.55,55.79,11.23,9.52,138.08,106.06,21.95,4.61,0.26,97.13,0,100,0,1989.47,0.74,0.74,0,1.35,1.35,0,0,0,169.79,3.22,0.51,0.65,253.46,128.7,685.44,150.67,116.84,35.79,5.91,22.89,13.5,7.44,1.95,153.79,110.44,24.64,3.95,0.45,88.29,0,100,0,1458.66,0.63,0.63,0,1.59,1.59,0,0,0,172.18,10.65,0.44,0.7,382.47,167.4,762.93,180.54,29.41,44.01,7.82,33.19,13.32,16.21,3.66,79.39,49.25,25.75,4.16,0.32,106.81,0,100,0,1486.92,0.71,0.71,0,1.41,1.41,0,0,0,170.5,3.25,0.51,0.64,254.89,130.04,690.16,147.98,54.62,40.19,4.95,33.31,19.77,11.67,1.87,16.68,4.1,9.46,3.09,642522904,62271241,29.68,2.88,9.69,342.39,642522904,62271241,29.68,2.88,9.69,342.39,642522904,62271241,29.68,2.88,9.69,342.39
26.97,40.67,59.32,14.48,85.52,3076.74,1.25,0.44,1.79,0.8,2.26,0.56,16.53,0,121.08,1.74,0.35,0.19,40.21,14.14,456.4,55.64,11.52,23.94,19.75,26.85,6.55,8.05,12.25,28.49,5.85,15.08,7.51,26.97,40.67,59.32,14.48,85.52,3076.74,1.25,0.44,1.79,0.8,2.26,0.56,16.53,0,121.08,1.74,0.35,0.19,40.21,14.14,456.4,55.64,11.52,23.94,19.75,26.85,6.55,8.05,12.25,28.49,5.85,15.08,7.51,26.97,40.67,59.32,14.48,85.52,3076.74,1.25,0.44,1.79,0.8,2.26,0.56,16.53,0,121.08,1.74,0.35,0.19,40.21,14.14,456.4,55.64,11.52,23.94,19.75,26.85,6.55,8.05,12.25,28.49,5.85,15.08,7.51,61.21,43.88,56.78,11.15,88.85,2977.04,1.33,0.34,2.1,0.75,2.93,0.48,2.45,0,99.77,3.97,0.35,0.48,172.97,61.13,480.9,72.29,13.84,23.08,18.38,26.91,7.49,7.46,11.95,42.2,19.27,16.49,6.43,54.3,34.92,64.95,9.17,90.83,2973.42,1.38,0.36,1.93,0.72,2.76,0.52,2.23,0,110.56,1.6,0.37,0.27,80.42,29.53,475.56,58.12,13.73,26.4,23.12,28.81,6.07,8.7,14.04,34.69,5.27,20.25,9.08,50.37,35.28,64.73,12.61,87.39,3194.8,1.31,0.47,1.77,0.76,2.14,0.57,2.11,0,94.34,1.17,0.35,0.23,54,18.74,460.65,58.52,20.32,23.05,17.21,24.37,7.69,5.94,10.74,32.31,10.71,15.1,6.48,48.9,55.26,44.58,25.37,74.63,3206.77,1.11,0.51,1.86,0.9,1.96,0.54,1.74,0,91.84,1.33,0.35,0.19,33.69,11.64,482.57,66.7,27.22,18.97,21.37,26.9,10.27,3.69,12.93,31.14,7.49,15.17,8.44,0.28,110,0,100,0,1761.33,0.63,0.63,0,1.58,1.58,0,0,0,171.3,8.17,0.33,0.71,569.1,189.98,748.12,186.17,173.22,38.34,12.42,107.82,84.42,16.2,7.2,161.39,114.41,24.4,5.21,0.26,108.93,0,100,0,1752.1,0.73,0.73,0,1.37,1.37,0,0,0,170.45,4.42,0.5,0.65,255.96,129.04,691.74,152.27,114.62,27.23,5.84,8.33,1.39,4.8,2.15,168.03,117.25,25.13,3.7,39.31,54.2,45.58,30.18,69.82,3175,1.01,0.56,1.55,0.99,1.78,0.65,1.26,0,217.2,2.02,0.35,0.08,16.58,5.81,422.68,19.9,6.42,21.5,6.57,16.59,4.69,7.25,4.65,25.14,9.42,13.74,1.91,37.68,36.44,63.42,10.88,89.12,3048.23,1.25,0.37,1.75,0.8,2.69,0.57,1.43,0,74.85,2.08,0.35,0.12,16.58,5.72,447.41,82.03,7.92,25.07,38.6,38.63,5.98,9.39,23.26,35.59,5.04,15.2,15.34,0.32,112.83,0,100,0,1720.82,0.56,0.56,0,1.77,1.77,0,0,0,170.12,10.08,0.49,0.68,342.09,166.84,775.3,187.51,204.78,41.2,13.23,139.58,114.51,16.6,8.46,170.03,119.52,23.94,4.76,0.34,97.28,0,100,0,1618.72,0.67,0.67,0,1.49,1.49,0,0,0,175.86,5.49,0.51,0.66,251.33,127.25,689.05,173.25,124.24,28.78,6.92,18.79,9.81,5.75,3.23,163.33,115.5,24.03,3.69,46.85,37.56,62.27,14.56,85.44,2970.1,1.1,0.43,1.51,0.91,2.34,0.66,1.53,0,119.91,1.89,0.36,0.17,37.85,13.44,432.02,39.1,5.77,28.69,13.35,26.62,6.72,11.53,8.37,20.97,2.65,13.34,4.98,49.3,29.45,70.48,8.68,91.32,3150.52,1.47,0.43,1.9,0.68,2.32,0.53,2.28,0,162.81,1.67,0.34,0.18,42.15,14.41,441.81,76.88,11.96,23.47,22.86,28.38,6.54,7.61,14.23,25.41,2.19,14.58,8.63,0.31,118.11,0,100,0,1520.61,0.62,0.62,0,1.6,1.6,0,0,0,166.54,10,0.49,0.66,343.05,167.76,810.87,211.07,219.65,39.01,14.79,110.96,86.6,14.1,10.27,169.79,115.34,24.75,4.53,0.29,101.59,0,100,0,1517.78,0.75,0.75,0,1.33,1.33,0,0,0,170.95,4.36,0.5,0.66,248.1,124.27,673.89,148.68,114.93,29.43,6.07,8.04,1.31,5,1.73,164.33,114.35,25.88,4.33,20.44,33.84,65.96,10.49,89.51,3097.15,1.21,0.37,1.64,0.83,2.67,0.61,0.77,0,127.66,1.9,0.35,0.16,34.67,11.99,569.66,79.59,191.98,37.48,9.05,96.15,73.74,16.14,6.27,144.89,113.58,23.89,2.78,22.06,42.72,56.92,20.82,79.18,3080.53,1.1,0.53,1.52,0.91,1.87,0.66,0.74,0,86.4,1.25,0.35,0.41,122.86,43.34,672.82,95.85,115.03,27.1,30.71,25.41,1.41,4.92,19.08,172.39,115.12,24.13,11.63,597111578,34401193,24.99,1.44,5.76,348.4,597111578,34401193,24.99,1.44,5.76,348.4,597111578,34401193,24.99,1.44,5.76,348.4
18.7,25.5,74.57,6.47,93.53,2584.22,1.83,0.46,2.29,0.55,2.16,0.44,14.12,0,117.35,1.45,0.34,0.19,40.11,13.74,465.61,52.85,10.4,23.65,17.5,24.53,6.01,7.8,10.72,27.18,5.54,14.83,6.78,18.7,25.5,74.57,6.47,93.53,2584.22,1.83,0.46,2.29,0.55,2.16,0.44,14.12,0,117.35,1.45,0.34,0.19,40.11,13.74,465.61,52.85,10.4,23.65,17.5,24.53,6.01,7.8,10.72,27.18,5.54,14.83,6.78,18.7,25.5,74.57,6.47,93.53,2584.22,1.83,0.46,2.29,0.55,2.16,0.44,14.12,0,117.35,1.45,0.34,0.19,40.11,13.74,465.61,52.85,10.4,23.65,17.5,24.53,6.01,7.8,10.72,27.18,5.54,14.83,6.78,12.4,80.05,22.01,52.01,47.99,2446.26,0.52,0.35,1.16,1.92,2.89,0.86,0.16,0,166.52,2.57,0.33,0.28,75.4,25.24,547.78,81,16.72,21.44,11.72,20.41,7.61,5.75,7.05,44.74,17.64,22.54,4.68,14.82,37.68,61.71,7.32,92.68,2609.67,2.03,0.39,3.04,0.49,2.55,0.33,0.78,0,75.95,1.25,0.33,0.36,92.78,30.21,555.57,47.31,23.2,35,4.97,28.52,12.05,13.39,3.08,69.45,40.51,27.17,1.89,32.36,53.87,46.3,15.26,84.74,2564.98,1.55,0.44,2.85,0.64,2.27,0.35,1.29,0,123.95,1.76,0.35,0.3,72.01,25.42,507.09,56.84,17.32,18.21,17.23,17.98,4.77,2.59,10.62,46.02,19.79,19.48,6.61,23.02,38.38,61.38,9.24,90.76,2468.55,1.53,0.37,2.26,0.65,2.72,0.44,0.87,0,130.79,1.81,0.35,0.23,57.14,19.82,495.9,60.39,16.08,17.46,18.51,21.03,6.19,3.4,11.44,28.92,10.23,11.49,7.07,0.41,120.22,0,100,0,1480.09,0.5,0.5,0,1.98,1.98,0,0,0,177.2,9.51,0.45,0.67,342.84,155.82,771.9,218.22,150.28,34.55,12.18,56.58,39.44,10.19,6.95,146.14,122.76,23.59,5.23,0.31,100.9,0,100,0,1635.04,0.7,0.7,0,1.43,1.43,0,0,0,175.69,5.2,0.51,0.63,252.58,128.32,707.38,152.85,118.29,31.37,6.31,14.63,5.97,6.26,2.4,161.02,116.07,24.25,3.91,44.77,19.84,80.42,5.33,94.67,2499.37,1.74,0.47,2.05,0.58,2.14,0.49,1.95,0,215.4,2.81,0.33,0.11,25.63,8.47,476,79.33,3.94,25.75,27.8,32.04,5.23,9.9,16.91,25.1,1.39,12.84,10.89,57.57,11.44,88.36,2.27,97.73,2521.07,2.34,0.46,2.58,0.43,2.16,0.39,3.38,0,87.63,1.78,0.34,0.12,16.3,5.46,454.9,56.51,2.44,25.65,22.65,27.91,4.4,9.79,13.72,24.24,1.07,14.21,8.93,0.32,108.22,0,100,0,1615.64,0.65,0.65,0,1.55,1.55,0,0,0,175.37,15.87,0.46,0.7,457.62,209.34,796.88,207.55,197.04,38.86,12.78,95.29,72.04,15.64,7.61,133.6,117.78,22.09,5.17,0.44,101.36,0,100,0,1531.41,0.64,0.64,0,1.56,1.56,0,0,0,181.37,5.79,0.45,0.68,342.15,153.59,712.1,173,136.12,31.85,7.66,33.93,22.09,8.29,3.55,161.31,116.92,22.99,4.11,57.43,16.17,83.8,3.77,96.23,2755.56,1.93,0.45,2.21,0.52,2.23,0.45,3.05,0,119.64,1.04,0.35,0.15,29.11,10.1,431.23,32.52,9.41,17.76,11.19,17.37,5.6,4.66,7.11,26.72,6.59,16.01,4.08,54.27,16.16,83.81,6.59,93.41,2677.12,1.8,0.73,2.01,0.56,1.36,0.5,2.62,0,94.66,0.84,0.34,0.21,52.56,17.73,469.87,46.28,15.68,29.41,19.38,31.28,8.21,11.29,11.78,25.99,3.55,14.83,7.6,0.37,118.63,0,100,0,1417.84,0.56,0.56,0,1.78,1.78,0,0,0,175.06,10.92,0.46,0.65,389.87,180.72,761.96,248.6,146.82,33.22,15.05,66.8,44.77,11.75,10.28,152.21,122.86,22.05,4.76,0.26,99.69,0,100,0,1779.44,0.74,0.74,0,1.36,1.36,0,0,0,179.04,5.62,0.51,0.66,253.18,128.19,696.98,151.14,118.02,31.15,6.09,14.45,6.08,6,2.37,164.73,117.24,24.87,3.72,0.43,91.48,0,100,0,1380.15,0.65,0.65,0,1.53,1.53,0,0,0,174.47,9.22,0.46,0.67,345.21,159.81,759.02,223.42,143.46,32.86,11.68,43.43,28.61,7.61,7.22,146.3,126.45,22.24,4.46,0.29,98.86,0,100,0,1683.24,0.7,0.7,0,1.42,1.42,0,0,0,178.46,5.44,0.51,0.64,255.33,130.43,701.15,154.84,117.53,30.13,6.03,13.7,5.5,5.8,2.4,164.41,115.85,24.15,3.63,578833886,27779041,28.84,1.38,4.8,337.53,578833886,27779041,28.84,1.38,4.8,337.53,578833886,27779041,28.84,1.38,4.8,337.53
30.01,43.54,56.45,18.46,81.54,3306.49,1.15,0.49,1.67,0.87,2.04,0.6,18.33,0,135.1,2.42,0.38,0.32,77.15,29.19,479.62,72.29,30.93,27.68,17.52,34.95,14.41,9.62,10.92,40.72,17.25,16.85,6.6,30.01,43.54,56.45,18.46,81.54,3306.49,1.15,0.49,1.67,0.87,2.04,0.6,18.33,0,135.1,2.42,0.38,0.32,77.15,29.19,479.62,72.29,30.93,27.68,17.52,34.95,14.41,9.62,10.92,40.72,17.25,16.85,6.6,30.01,43.54,56.45,18.46,81.54,3306.49,1.15,0.49,1.67,0.87,2.04,0.6,18.33,0,135.1,2.42,0.38,0.32,77.15,29.19,479.62,72.29,30.93,27.68,17.52,34.95,14.41,9.62,10.92,40.72,17.25,16.85,6.6,34.76,57.49,42.56,38.58,61.42,3823.78,0.73,0.49,1.06,1.36,2.03,0.94,0.98,0,131.26,3.11,0.36,0.31,60.37,21.84,500.27,73.2,59.36,30.26,14.34,42.7,23.9,9.51,9.3,48.17,24.83,18.27,5.05,31.07,47.63,52.16,25.93,74.07,3953.18,0.81,0.44,1.15,1.23,2.26,0.87,1,0,218.16,6.11,0.38,0.25,47.71,18.1,508.43,92.07,24.54,26.89,23.92,36.72,11.99,9.71,15.02,39.85,15.06,15.83,8.9,43.71,48.15,51.93,17.63,82.37,3078.54,1.13,0.41,1.79,0.89,2.41,0.56,1.52,0,119.61,2.99,0.38,0.29,59.93,22.97,514,86.75,45.17,29.15,14.12,39.36,20.76,9.97,8.63,33.25,11.3,16.47,5.49,49.95,49.06,51.07,22.78,77.22,3337.13,1.17,0.55,1.77,0.85,1.83,0.56,1.96,0,161.27,2.23,0.37,0.34,87.12,32.12,471.68,61.98,33.77,25.63,9.08,29.51,15.23,8.86,5.42,37.08,16.76,16.66,3.67,0.39,115.98,0,100,0,1506.32,0.53,0.53,0,1.89,1.89,0,0,0,171.91,15.15,0.5,0.7,395.67,198.31,751.87,159.58,178.16,40.91,9.08,109.01,88.82,15.76,4.43,158.37,108.56,26.68,4.65,0.29,102.67,0,100,0,1773.05,0.71,0.71,0,1.4,1.4,0,0,0,170.89,4.25,0.5,0.65,262.7,130.13,715.47,147.52,122.7,32.62,5.84,17.36,8.65,6.94,1.76,156.6,110.29,26.18,4.08,70.41,34.13,65.87,13.81,86.19,3182.56,1.24,0.5,1.62,0.81,2,0.62,2.77,0,102.76,2.05,0.37,0.45,130.45,48.87,453.6,75.51,19.12,18.73,26.94,30.36,8.6,5,16.75,54.01,27.03,16.83,10.19,64.5,34.38,65.67,12.67,87.33,3175.74,1.31,0.48,1.74,0.76,2.07,0.57,2.69,0,132.38,1.99,0.36,0.31,90.36,32.93,483.76,46.67,19.69,37.54,15.37,37.19,11.97,15.46,9.76,42.23,18.01,18.63,5.61,0.42,112.59,0,100,0,1513.24,0.52,0.52,0,1.94,1.94,0,0,0,170.43,19.03,0.4,0.74,536.66,214.23,795.53,192.16,155.58,41.08,15.05,121.76,90.3,21.17,10.28,156.89,110.64,26.16,4.77,0.39,100.41,0,100,0,1528.35,0.6,0.6,0,1.67,1.67,0,0,0,170.36,5.69,0.48,0.67,269.14,130.24,731.49,145.25,120.67,32.1,5.48,20.41,11.24,7.45,1.72,152.98,108.34,25.69,3.76,63,36.61,63.29,13.77,86.23,3139.18,1.36,0.51,1.86,0.73,1.95,0.54,2.7,0,132.84,1.88,0.37,0.23,47.45,17.42,499.72,70.17,33.96,30.64,10.39,33.83,16.47,10.97,6.38,28.48,8.33,16.13,4.01,58.38,33.21,66.59,10.79,89.21,3070.95,1.37,0.44,1.83,0.73,2.25,0.55,2.45,0,122.77,1.79,0.38,0.28,68.45,25.87,468.05,91.28,24.33,32.06,20.41,38.03,12.95,12.48,12.6,37.74,13.54,16.41,7.81,0.35,120.91,0,100,0,1677.59,0.52,0.52,0,1.91,1.91,0,0,0,172.35,9.42,0.45,0.69,422.52,189.21,795.65,191.48,165.05,37.7,10.04,78.65,59.14,13.69,5.82,164.32,117.51,26.43,4.22,0.33,104.13,0,100,0,1710.27,0.63,0.63,0,1.6,1.6,0,0,0,174.7,4.53,0.5,0.65,263.31,131.29,715.28,149.26,118.4,32.87,5.95,19.27,10.35,7.16,1.76,158.89,109.62,27.83,4.19,27.36,54.32,45.55,21.35,78.65,3523.26,1.05,0.41,1.82,0.95,2.42,0.55,1.01,0,218.22,5.73,0.42,0.46,144.29,60.69,506.17,94.72,30.88,24.72,28.29,40.42,14.94,8.09,17.39,48.87,21.06,16.88,10.9,35.04,59.73,40.24,35,65,3576.37,1,0.58,1.61,1,1.71,0.62,1.25,0,116.74,1.83,0.41,0.31,69.55,28.71,414.12,66.54,28.9,24.07,12.68,27.79,12.05,7.4,8.34,47.33,26.18,16.79,4.34,910020853,61296541,30.37,2.05,6.74,361.69,910020853,61296541,30.37,2.05,6.74,361.69,910020853,61296541,30.37,2.05,6.74,361.69
39.01,55.35,44.54,28.99,71.01,3449.71,0.98,0.51,1.56,1.02,1.95,0.64,21.08,0,145.74,3.34,0.34,0.22,52.95,18.01,463.52,59.98,17.97,25.3,17.02,27.91,9.02,8.42,10.47,28.14,6.73,14.91,6.55,39.01,55.35,44.54,28.99,71.01,3449.71,0.98,0.51,1.56,1.02,1.95,0.64,21.08,0,145.74,3.34,0.34,0.22,52.95,18.01,463.52,59.98,17.97,25.3,17.02,27.91,9.02,8.42,10.47,28.14,6.73,14.91,6.55,39.01,55.35,44.54,28.99,71.01,3449.71,0.98,0.51,1.56,1.02,1.95,0.64,21.08,0,145.74,3.34,0.34,0.22,52.95,18.01,463.52,59.98,17.97,25.3,17.02,27.91,9.02,8.42,10.47,28.14,6.73,14.91,6.55,64.31,63.09,36.72,32.78,67.22,3551.96,0.88,0.46,1.6,1.14,2.2,0.62,2,0,140.3,4.24,0.36,0.11,21.63,7.78,459.02,68.28,23.59,33.79,21.44,38.86,12.51,13.12,13.23,34.64,10.66,15.78,8.21,67.85,49.07,50.83,20.11,79.89,3490.47,1.07,0.44,1.68,0.94,2.29,0.6,2.53,0,174.08,3.32,0.36,0.18,34.53,12.56,449.04,58.34,38.91,28.3,19.34,37.36,16.7,8.55,12.1,28.05,7.47,13.36,7.23,66.16,54.17,45.68,25.17,74.83,3492.46,1.06,0.49,1.73,0.95,2.04,0.58,2.44,0,128.22,2.42,0.34,0.25,66.06,22.23,470.13,44.11,19.95,19.25,12.18,21.94,9.53,5,7.4,29.67,8.44,16.46,4.78,74.04,54.01,45.75,28.98,71.02,3492.45,0.98,0.52,1.51,1.02,1.91,0.66,2.52,0,123.95,3.39,0.34,0.15,29.09,9.94,483.31,76.4,19.81,29.03,22.49,35.01,10.39,10.61,14,30.66,9.26,12.93,8.49,0.34,97.26,0,100,0,1803.96,0.64,0.64,0,1.57,1.57,0,0,0,175.71,10.26,0.46,0.68,417.49,191.37,756.45,197.11,164.45,39.23,12.99,73.31,53.67,12,7.63,148.17,108.1,25.48,5.35,0.24,97.98,0,100,0,1965.29,0.79,0.79,0,1.26,1.26,0,0,0,165.83,5.43,0.5,0.65,260.2,130.53,728.91,149.33,112.01,28.88,5.69,7.6,1.08,4.68,1.84,160.78,113.35,25.94,3.85,67.24,59.11,40.77,32.55,67.45,3428.73,0.83,0.45,1.36,1.21,2.2,0.73,1.9,0,120.52,2.41,0.34,0.28,77.43,26.34,463.87,46.97,14.62,19.09,13.45,19.62,6.59,4.68,8.36,35.53,13.1,17.29,5.09,66.47,48.92,50.93,21.14,78.86,3322.04,1.04,0.45,1.6,0.97,2.24,0.62,2.28,0,159.18,3.83,0.33,0.17,27.54,9.02,468.79,78.91,10.13,18.8,24.59,24.78,4.85,4.85,15.09,32.79,5.5,17.72,9.5,0.34,92.78,0,100,0,1669.17,0.68,0.68,0,1.47,1.47,0,0,0,178.77,3.56,0.34,0.6,318.49,107.11,443.16,223.29,200.83,36.31,17.1,88.14,64.56,12.05,11.53,161.59,111.02,24.26,5.57,0.26,103.15,0,100,0,1757.85,0.77,0.77,0,1.3,1.3,0,0,0,186.14,4.74,0.32,0.06,13.48,4.29,541.32,175.08,115.67,27.53,7.14,10.01,1.13,5.47,3.41,161.27,115.99,23.96,3.74,65.54,62.32,37.57,44.67,55.33,3463.12,0.86,0.61,1.26,1.17,1.63,0.79,1.94,0,146.57,4.51,0.33,0.27,100.47,32.92,469.28,60.85,12.81,33.95,16.87,33.88,9.41,14.34,10.13,23.93,3.99,13.16,6.75,66.43,52.25,47.64,30.25,69.75,3554.43,1.06,0.62,1.56,0.94,1.62,0.64,2.51,0,212.48,6.11,0.34,0.35,119.44,40.71,434.55,63.64,22.82,28.53,13.67,28.79,10.41,9.89,8.48,24.91,7.04,13.36,5.19,0.31,122.01,0,100,0,1717.47,0.55,0.55,0,1.81,1.81,0,0,0,171.55,10.26,0.47,0.68,357.06,167.3,757.69,201.12,210.58,35.18,12.5,64.1,45.9,10.27,7.93,142.84,103.53,22.01,4.57,0.25,109.81,0,100,0,1823.32,0.7,0.7,0,1.43,1.43,0,0,0,176.38,5.69,0.51,0.65,254.04,129.22,713.03,146.32,115.91,29.67,4.99,8.16,1.43,5.14,1.59,164.78,116.2,26.51,3.4,42.97,58.18,42.01,34.77,65.23,3305.2,1.06,0.64,1.65,0.94,1.57,0.6,1.51,0,97.88,2.44,0.36,0.42,198.41,71.84,506.94,235.32,12.64,12.22,14.12,17.41,5.85,1.85,9.72,23.78,2.32,16.9,4.41,42.02,51.62,48.32,22.8,77.2,3352.52,1.03,0.45,1.64,0.98,2.21,0.61,1.44,0,153.4,2.47,0.34,0.45,216.93,73.27,430.79,147.48,12.72,41.48,5.31,32.75,12.64,18.44,1.67,17.18,2.11,11.43,3.64,801622186,63897956,24.72,1.97,7.97,371.82,801622186,63897956,24.72,1.97,7.97,371.82,801622186,63897956,24.72,1.97,7.97,371.82
36.46,52.97,47,26.9,73.1,3550.47,1.2,0.61,1.87,0.83,1.64,0.54,24.85,0,129.53,1.9,0.35,0.28,69.71,24.55,476.22,70,28.62,25.58,14.68,29.46,12.1,8.32,9.04,42.4,19.64,17.1,5.65,36.46,52.97,47,26.9,73.1,3550.47,1.2,0.61,1.87,0.83,1.64,0.54,24.85,0,129.53,1.9,0.35,0.28,69.71,24.55,476.22,70,28.62,25.58,14.68,29.46,12.1,8.32,9.04,42.4,19.64,17.1,5.65,36.46,52.97,47,26.9,73.1,3550.47,1.2,0.61,1.87,0.83,1.64,0.54,24.85,0,129.53,1.9,0.35,0.28,69.71,24.55,476.22,70,28.62,25.58,14.68,29.46,12.1,8.32,9.04,42.4,19.64,17.1,5.65,40.53,46.11,54.16,17.32,82.68,3613.83,1.32,0.5,2.02,0.76,2.01,0.5,1.94,0,44.52,1.96,0.34,0.33,103.38,35.22,478.19,89.92,52.31,30.75,10.03,39.88,23.35,10.21,6.32,54.96,32.23,18.95,3.7,46.62,62.54,37.34,36.65,63.35,3653.82,0.88,0.51,1.48,1.14,1.95,0.67,1.49,0,205.5,3.5,0.36,0.4,127.96,46.39,564.59,116.91,34.69,30.3,12.77,34.84,15.35,10.89,8.6,54.01,32.1,17.67,4.16,48.35,41.47,58.42,13.85,86.15,3356.77,1.18,0.39,1.73,0.85,2.54,0.58,1.91,0,99.84,1.17,0.37,0.38,96.19,35.78,464.78,42.22,41.94,28.79,8.28,31.19,17.75,8.9,4.54,30.77,13.51,13.5,3.74,67.76,43.98,55.99,20.89,79.11,3478.88,1.33,0.63,1.87,0.75,1.59,0.53,3.12,0,32.52,0.72,0.34,0.21,52.58,18.05,487.03,72.75,45.66,28.44,13.18,34.39,17.79,8.73,7.86,36.44,14.36,16.77,5.32,20.12,31.16,68.99,10.06,89.94,3758.46,1.4,0.45,1.83,0.71,2.21,0.55,1.06,0,174.84,2.21,0.36,0.27,80.84,28.8,449.52,70.81,27.6,21.5,20.55,30.55,11.66,6.21,12.69,58.34,29.76,20.69,7.86,27.47,39.68,60.2,26.59,73.41,3757.84,1.39,0.93,1.69,0.72,1.08,0.59,1.43,0,222.71,2.8,0.35,0.25,55.52,19.5,508.06,69.36,24.8,32.25,9.64,31.14,12.36,12.98,5.8,26.7,10.22,12.64,3.84,55.57,49.02,50.96,21.79,78.21,3207.82,1.3,0.58,2,0.77,1.73,0.5,2.32,0,83.5,1.72,0.34,0.3,84.04,28.67,475.22,77.01,19.7,17.32,26.6,28.8,8.27,4.4,16.13,67.47,34.91,22.07,10.48,62.73,44.3,55.57,19.96,80.04,3466.1,1.43,0.64,2.05,0.7,1.56,0.49,3.1,0,209.88,2.75,0.32,0.13,28.31,9.15,545.04,58.76,36.06,29.62,10.42,28.86,12.6,9.54,6.72,61.71,35.64,22.38,3.7,12.67,50.35,49.8,22.74,77.26,3718.75,0.98,0.45,1.53,1.02,2.25,0.65,0.46,0,149.29,2.45,0.33,0.27,73.46,24.56,476.32,39.36,10.9,28.09,7.48,23.47,7.82,11,4.65,38.14,16.88,18.4,2.83,27.5,42.66,57.38,22.2,77.8,3796.83,1.58,0.82,2.15,0.63,1.21,0.47,1.65,0,108.31,2.01,0.34,0.24,51.39,17.29,467.38,85.85,29.02,25.2,28.44,35.25,10.42,7.32,17.51,59.35,27.01,21.39,10.93,38.27,55.42,44.55,24.95,75.05,3386.35,0.96,0.43,1.62,1.04,2.31,0.62,1.25,0,216.16,3.6,0.35,0.37,87.39,30.84,502.34,89.01,31.9,26.62,14,32.53,14.21,9.47,8.85,40.11,19.79,15.14,5.15,52.19,73.88,26.03,58.35,41.65,3569.06,0.83,0.66,1.33,1.2,1.52,0.75,1.55,0,215.31,3.44,0.37,0.25,83.22,30.89,384.27,47.88,24.29,26.32,5.85,22.39,9.74,8.85,3.8,45.76,27.33,16.35,2.06,11.13,87.38,12.89,89.74,10.26,3755.93,0.53,0.55,0.42,1.89,1.83,2.37,0.22,0,156.16,2.21,0.35,0.27,54.99,19.16,489.08,100.32,44.14,30.93,12.5,36.38,18.26,10.25,7.87,56.38,29.17,22.56,4.63,35.26,88.32,11.36,86.96,13.04,3852.84,0.78,0.77,0.9,1.28,1.3,1.12,1.06,0,111.92,1.44,0.37,0.37,101.19,37.88,479.15,84.24,36.83,28.28,11.6,31.11,14.93,8.96,7.21,37.12,16.29,16.41,4.39,13.67,74.99,25.14,64.79,35.21,3613.63,0.77,0.66,1.08,1.3,1.51,0.93,0.38,0,71.52,0.92,0.34,0.27,69.49,23.66,517.46,80.86,17.57,16.49,22.14,24.75,7.18,3.96,13.62,45.82,19.79,17.5,8.52,23.86,36.79,63.39,11.26,88.74,3709,2.17,0.66,3.04,0.46,1.51,0.33,1.92,0,121.58,1.38,0.35,0.3,60.91,21.21,488.54,72.4,27.71,25.39,14.52,27.73,10.79,8.08,8.86,24.55,4.47,14.42,5.66,1348133524,148383741,27.45,3.02,11.01,359.96,1348133524,148383741,27.45,3.02,11.01,359.96,1348133524,148383741,27.45,3.02,11.01,359.96
52.41,66.71,33.16,42.95,57.05,3477.06,0.98,0.63,1.69,1.02,1.58,0.59,28.64,0,148.14,3.62,0.38,0.32,80.96,31.06,494.21,70.83,29.98,26.62,16.34,32.83,13.79,9.08,9.96,41.98,19.19,16.39,6.38,52.41,66.71,33.16,42.95,57.05,3477.06,0.98,0.63,1.69,1.02,1.58,0.59,28.64,0,148.14,3.62,0.38,0.32,80.96,31.06,494.21,70.83,29.98,26.62,16.34,32.83,13.79,9.08,9.96,41.98,19.19,16.39,6.38,52.41,66.71,33.16,42.95,57.05,3477.06,0.98,0.63,1.69,1.02,1.58,0.59,28.64,0,148.14,3.62,0.38,0.32,80.96,31.06,494.21,70.83,29.98,26.62,16.34,32.83,13.79,9.08,9.96,41.98,19.19,16.39,6.38,55.28,77.61,22.4,51.11,48.89,3406.32,0.87,0.57,1.9,1.15,1.75,0.53,1.64,0,176.92,6.09,0.38,0.44,171.1,64.2,601.43,73.88,39.67,34.34,15.51,42.72,19.06,13.98,9.68,49.27,25.92,17.52,5.83,41.76,67.27,32.63,39.35,60.65,3423.66,0.89,0.52,1.65,1.13,1.93,0.61,1.27,0,134.47,3.73,0.35,0.3,72.43,25.35,488.92,39.6,31.72,23.8,9.72,29.65,16.12,7.62,5.91,44.8,24.25,16.75,3.81,72.45,67.09,32.96,44.68,55.32,3636.71,1.04,0.7,1.75,0.96,1.44,0.57,2.75,0,141.03,3.42,0.39,0.27,77.11,29.7,516.43,64.71,34.63,29.8,13.5,36,17.06,10.9,8.05,48.23,26.38,16.41,5.45,38.43,76.1,23.74,63.27,36.73,3590.3,0.81,0.67,1.25,1.23,1.48,0.8,1.12,0,152.26,4.07,0.37,0.38,86.57,32.29,482.29,81.84,21.24,23.39,18.41,31.12,12.15,7.74,11.23,35.82,14,14.66,7.17,64.91,51.98,47.71,27.25,72.75,3536.32,1.18,0.61,1.79,0.85,1.63,0.56,2.69,0,171.61,5.72,0.38,0.5,100,37.71,515.37,70.15,50.26,30.33,11.8,39.18,21.21,10.75,7.22,62.13,36.12,21.34,4.58,41.21,58.86,40.82,32.52,67.48,3441.95,1.08,0.59,1.77,0.93,1.69,0.56,1.52,0,217.99,5.57,0.38,0.15,16.03,6.13,524.43,79.14,63.36,35.77,21.22,51.15,25.71,12.29,13.15,52.12,27.08,16.88,8.07,66.87,64.16,35.37,44.02,55.98,3138.17,0.95,0.65,1.49,1.06,1.55,0.67,1.98,0,110.61,2.96,0.41,0.41,129.38,52.75,447.45,75.49,21.44,19.65,16.26,25.32,9.68,5.68,9.96,45.33,21.17,17.84,6.31,67.86,55.05,44.66,28.87,71.13,3213.29,1.28,0.67,2.03,0.78,1.5,0.49,2.78,0,135.28,3.51,0.39,0.25,69.71,27.05,510.81,59.82,17.34,20.66,24.14,28.88,8.28,6.23,14.37,40.04,15.56,14.69,9.77,50.44,74.5,25.3,62.01,37.99,3451.25,0.92,0.76,1.38,1.09,1.31,0.73,1.6,0,126.49,2.05,0.37,0.24,50.46,18.9,426.69,49.36,41.54,34.24,12.82,40.39,19.95,12.58,7.87,49.61,25.48,19.17,4.95,48.48,55.06,44.87,24.61,75.39,3362.45,1.09,0.49,1.84,0.91,2.05,0.54,1.78,0,224.8,1.96,0.37,0.14,34.06,12.76,473.5,83.58,32.85,25.85,28.31,43.15,16.58,9.07,17.5,47.29,16.25,20.19,10.81,55.47,67.42,32.71,45.11,54.89,3564.67,1.08,0.72,1.81,0.93,1.38,0.55,2.13,0,174.03,3.91,0.41,0.46,160,65.64,522.79,95.53,21.84,31.68,17.41,30.03,7.42,12.05,10.56,31.88,10.38,14.66,6.85,61.22,80.95,19.01,72.57,27.43,3739.22,0.69,0.62,1,1.44,1.61,1,1.59,0,100.06,3.3,0.34,0.14,33.28,11.39,507.13,60.12,16.85,24.21,9.9,22.17,8.48,7.41,6.28,27.53,8.59,15.42,3.62,40.78,58.21,41.87,30.91,69.09,3545.87,1.03,0.55,1.7,0.97,1.82,0.59,1.49,0,187.33,3.42,0.39,0.52,157.14,61.25,527.76,187.94,152.16,43.35,15.91,79.76,55.14,14.76,9.86,162.14,107.52,28.84,6.05,38.83,60.26,39.98,37.01,62.99,3540.45,1.19,0.73,1.88,0.84,1.36,0.53,1.64,0,92.56,3.16,0.39,0.68,226.75,87.89,451.76,170.64,132.19,42.93,13.55,51.54,31.83,12.03,7.69,154.46,103.53,29.91,5.86,55.24,79.09,20.73,70.74,29.26,3591.19,0.72,0.65,1.02,1.38,1.55,0.98,1.43,0,171.36,4.41,0.39,0.58,222.04,86.1,495.85,138.34,46.89,28.85,10.74,34.18,18.33,9.68,6.17,59.23,38.82,15.66,4.57,39.66,72.53,27.16,40.49,59.51,3541.74,0.88,0.49,1.93,1.13,2.03,0.52,1.24,0,142.62,3.64,0.38,0.25,50.88,19.15,531.55,140.38,63.82,30.45,16.05,46.68,26.83,9.89,9.97,53.7,30.03,17.5,6.08,1229963539,109597677,29.15,2.6,8.91,370.06,1229963539,109597677,29.15,2.6,8.91,370.06,1229963539,109597677,29.15,2.6,8.91,370.06
20.12,34.48,65.58,10.96,89.04,2638.85,1.36,0.43,1.85,0.74,2.31,0.54,11.54,0,113.12,1.3,0.34,0.12,22.46,7.6,456.49,61.91,12.94,23.7,17.84,25.71,6.98,7.88,10.85,31.21,8.79,15.4,6.99,20.12,34.48,65.58,10.96,89.04,2638.85,1.36,0.43,1.85,0.74,2.31,0.54,11.54,0,113.12,1.3,0.34,0.12,22.46,7.6,456.49,61.91,12.94,23.7,17.84,25.71,6.98,7.88,10.85,31.21,8.79,15.4,6.99,20.12,34.48,65.58,10.96,89.04,2638.85,1.36,0.43,1.85,0.74,2.31,0.54,11.54,0,113.12,1.3,0.34,0.12,22.46,7.6,456.49,61.91,12.94,23.7,17.84,25.71,6.98,7.88,10.85,31.21,8.79,15.4,6.99,22.58,84.69,15.19,59.11,40.89,2647.74,0.42,0.29,1.14,2.36,3.39,0.88,0.25,0,184.53,7.62,0.37,0.51,226.21,83.86,451.47,82.63,17.97,35.7,15.82,36.32,11.55,14.71,10.06,45.72,21.41,18.45,5.76,18.65,75.8,24.76,54.24,45.76,3055.91,0.41,0.3,0.77,2.41,3.36,1.3,0.24,0,81.05,3.13,0.51,0.64,257.46,130.28,504.51,61.17,10.32,20.33,12.85,19.81,5.76,6.22,7.84,31.67,9.99,16.62,5.01,29.4,39.94,60.33,14.6,85.4,2625.47,1.35,0.5,1.92,0.74,2.01,0.52,1.05,0,72.2,0.87,0.35,0.21,44.29,15.34,502.66,45.74,25.94,32.95,7.85,29.63,13.3,11.49,4.84,25.53,7.81,14.69,3.01,29.7,39.61,60.14,12.85,87.15,2650.33,1.27,0.41,1.83,0.79,2.44,0.55,0.99,0,154.37,1.71,0.36,0.17,32.44,11.65,433.8,88.04,17.17,24.34,23.32,32.17,8.97,8.89,14.31,35.77,8.33,18.39,9.01,0.43,100.64,0,100,0,1729.57,0.53,0.53,0,1.87,1.87,0,0,0,169.78,10.09,0.4,0.67,381.92,153.47,744.48,200.66,166.16,35.22,10.92,88.49,67.95,14.82,5.72,155.83,119.02,25.14,5.2,0.43,100.69,0,100,0,1544.44,0.6,0.6,0,1.66,1.66,0,0,0,172.37,4.32,0.47,0.67,286.66,136.01,708.67,157.01,113.15,26.64,7.06,8.74,1.05,4.5,3.19,164.27,114.05,25.78,3.87,63.26,9.52,90.51,2.09,97.91,2533.45,1.7,0.37,1.84,0.59,2.69,0.54,2.72,0,106.39,0.91,0.34,0.11,25.75,8.81,447.5,70.5,10.21,27.84,22.73,31.9,7.74,10.32,13.84,28.68,4.64,15.18,8.89,70.54,18.35,81.65,4.93,95.07,2575.27,1.77,0.48,2.06,0.57,2.1,0.49,3.22,0,83.34,0.73,0.34,0.1,15.24,5.12,475.18,72.3,5.66,18.69,22.57,22.07,3.17,5.44,13.46,24.72,3.1,12.5,9.12,0.53,103.93,0,100,0,1512.48,0.47,0.47,0,2.13,2.13,0,0,0,169.16,8.17,0.41,0.72,458.87,187.35,748.21,188.26,178.83,41.09,10.3,138.05,112.4,20.01,5.64,153.88,112.33,24.09,4.66,0.49,104.27,0,100,0,1629.52,0.5,0.5,0,2,2,0,0,0,173.34,8.46,0.45,0.68,341.62,152.99,744.64,176.7,131.86,29.7,8.21,28.9,17.79,7.01,4.1,162.65,114.23,25.06,4.11,47.57,44.36,55.48,20.72,79.28,2880.83,1.26,0.59,1.8,0.79,1.7,0.56,1.73,0,129.38,1.29,0.31,0.12,19.99,6.18,426.48,62.86,16.82,27.39,25.62,33.67,8.63,9.76,15.29,36.23,6.97,18.9,10.34,37.35,24.08,76.01,7.91,92.09,2520.23,1.42,0.47,1.72,0.7,2.14,0.58,1.34,0,162.59,1.64,0.32,0.08,14.71,4.66,449.83,37.23,11.92,18.36,8.48,15.07,5.1,4.48,5.49,34.71,16.76,14.95,2.99,0.48,120.24,0,100,0,1538.15,0.44,0.44,0,2.26,2.26,0,0,0,171.12,13.39,0.4,0.69,447.26,178.21,799.05,200.54,151.6,32.96,9.9,84.65,65.81,13.51,5.34,179.01,123.11,26.48,4.56,0.44,111.11,0,100,0,1504.59,0.54,0.54,0,1.84,1.84,0,0,0,177.38,4.46,0.5,0.66,248.7,125.36,706.23,158.38,113.01,28.1,8.01,9.77,0.94,5.16,3.67,166.87,114.16,26.66,4.34,0.43,109.05,0,100,0,1564.6,0.52,0.52,0,1.91,1.91,0,0,0,169.51,14.47,0.45,0.69,383.43,172.1,760.35,203.15,153.67,32.72,11.93,78.32,58.27,12.48,7.57,170.59,122.25,24.23,4.35,0.39,101.47,0,100,0,1666.26,0.57,0.57,0,1.76,1.76,0,0,0,172.03,4.38,0.5,0.66,250.97,125.58,707.42,158.59,115.05,27.28,6.95,9.81,1.13,5.26,3.43,165.43,114.72,25.34,3.53,601241749,35578203,29.71,1.76,5.92,362.43,601241749,35578203,29.71,1.76,5.92,362.43,601241749,35578203,29.71,1.76,5.92,362.43
18.69,28.89,71.16,7.1,92.9,2710.99,1.63,0.4,2.12,0.62,2.5,0.47,13.18,0,127.18,2.34,0.35,0.23,54.74,19.08,475.51,57.67,7.1,22.75,19.92,26.3,5.77,8.3,12.23,25.66,3.7,14.22,7.69,18.69,28.89,71.16,7.1,92.9,2710.99,1.63,0.4,2.12,0.62,2.5,0.47,13.18,0,127.18,2.34,0.35,0.23,54.74,19.08,475.51,57.67,7.1,22.75,19.92,26.3,5.77,8.3,12.23,25.66,3.7,14.22,7.69,18.69,28.89,71.16,7.1,92.9,2710.99,1.63,0.4,2.12,0.62,2.5,0.47,13.18,0,127.18,2.34,0.35,0.23,54.74,19.08,475.51,57.67,7.1,22.75,19.92,26.3,5.77,8.3,12.23,25.66,3.7,14.22,7.69,9.02,96.44,4.98,96.1,3.9,2157.11,0.34,0.34,0.27,2.96,2.93,3.74,0.07,0,128.57,4.49,0.35,0.27,53.98,18.99,492.76,97.02,19.7,39.22,16.13,39.97,12.48,17.48,10.01,44.22,21.33,16.75,6.12,14.94,20.03,80.51,2.96,97.04,2422.62,2.17,0.32,2.63,0.46,3.09,0.38,0.79,0,151.09,3.36,0.35,0.33,83.47,28.97,506.97,111.38,29.22,16.73,11.87,26.36,14.65,4.09,7.63,23.06,2.91,15.96,4.24,38.68,35.47,64.49,6.05,93.95,2766.4,1.53,0.26,2.23,0.65,3.83,0.45,1.64,0,125,4.17,0.34,0.29,85.46,28.93,486.81,85.89,4.18,18.7,24.93,25.26,3.64,6.06,15.56,32.78,9.79,13.6,9.37,39.4,32.68,67.33,8.18,91.82,2742.85,1.42,0.36,1.94,0.7,2.81,0.52,1.54,0,187.09,5.86,0.37,0.36,94.97,34.73,493.35,66.21,9.43,24.52,20.81,29.74,7.7,9.48,12.57,28.41,4.31,15.77,8.24,0.37,104.85,0,100,0,1328,0.66,0.66,0,1.52,1.52,0,0,0,173.21,8.38,0.44,0.68,373.07,165.19,728.58,185.61,166.52,36.66,10.21,55,40.92,9.06,5.02,151.41,103.03,21.46,5.19,0.37,103.34,0,100,0,1269.39,0.71,0.71,0,1.41,1.41,0,0,0,166.45,4.59,0.49,0.66,268.24,131.16,693.21,146.38,116.8,31.03,5.73,16.97,8.39,6.78,1.8,168.11,116.49,24.29,3.93,60.37,17.13,82.84,4.47,95.53,2675.84,1.64,0.43,1.89,0.61,2.34,0.53,2.65,0,170.13,2.39,0.31,0.16,35.99,11.18,466.38,60.72,2.98,22.03,27,28.3,3.67,8.11,16.52,33.42,3.82,19.16,10.48,71.54,10.21,89.88,2.09,97.91,2593.77,2.11,0.43,2.3,0.47,2.31,0.43,3.92,0,101.78,1.38,0.33,0.12,20.81,6.9,477.32,28.44,9.23,34.56,10.79,30.27,8.54,15.1,6.64,16.22,2.35,9.75,4.15,0.38,95.72,0,100,0,1451.73,0.65,0.65,0,1.54,1.54,0,0,0,166.95,9.53,0.49,0.67,351.46,171,783.76,178.9,162.93,37.67,7.88,50.34,38.86,8.13,3.36,165.25,118.31,20.58,4.52,0.41,99.38,0,100,0,1413.08,0.64,0.64,0,1.55,1.55,0,0,0,177.95,5.53,0.5,0.66,268.7,133.72,720.62,176.77,134.37,32.98,7.19,35.89,24.05,8.48,3.35,161.21,117.63,22.54,3.84,28.07,54.34,45.44,18.74,81.26,2859.52,1.23,0.42,2.19,0.81,2.37,0.46,0.98,0,97.88,1.13,0.36,0.26,70.35,25.37,457.88,55.39,20.31,15.26,22.39,28.05,10.67,3.67,13.71,26.05,2.54,14.82,8.68,34.33,37.27,62.65,13.46,86.54,3166.49,1.45,0.52,1.99,0.69,1.92,0.5,1.57,0,130.37,1.83,0.35,0.3,91.14,31.78,455.72,58.83,5.9,23.34,19.77,26.64,5.38,8.91,12.35,26.04,2.26,16.31,7.42,0.34,106.54,0,100,0,1426.65,0.66,0.66,0,1.52,1.52,0,0,0,171.01,9.95,0.42,0.72,433.89,181.58,735,215.21,144.36,35.4,6.89,79.71,65.02,11.98,2.72,172.56,124.75,23.28,4.18,0.28,104.29,0,100,0,1680.1,0.66,0.66,0,1.51,1.51,0,0,0,168.64,4.4,0.5,0.59,262.08,129.98,690.35,146.76,117.51,31.65,5.69,16.42,8.23,6.51,1.68,167.21,115.07,24.73,4,0.33,91.71,0,100,0,1778.02,0.63,0.63,0,1.6,1.6,0,0,0,170.95,8.28,0.36,0.07,18.44,6.69,739.72,97.81,3.29,27.43,34.56,37.9,6.11,10.65,21.15,36.7,2.33,20.82,13.41,0.26,116.69,0,100,0,1512.95,0.84,0.84,0,1.2,1.2,0,0,0,171.22,4.18,0.36,0.13,28.3,10.25,700.78,89.44,1.79,12.87,34.77,25.36,1.97,2.47,20.91,23.93,1.18,8.84,13.86,626911633,39880463,27.45,1.75,6.36,362.63,626911633,39880463,27.45,1.75,6.36,362.63,626911633,39880463,27.45,1.75,6.36,362.63
19.14,20.66,79.4,4.74,95.26,2691.66,1.74,0.4,2.08,0.58,2.51,0.48,14.32,0,108.46,1.11,0.4,0.21,38.4,15.28,461.03,57.17,12.48,23.92,18.62,27.27,7.2,8.52,11.54,33.99,10.17,16.7,7.08,19.14,20.66,79.4,4.74,95.26,2691.66,1.74,0.4,2.08,0.58,2.51,0.48,14.32,0,108.46,1.11,0.4,0.21,38.4,15.28,461.03,57.17,12.48,23.92,18.62,27.27,7.2,8.52,11.54,33.99,10.17,16.7,7.08,19.14,20.66,79.4,4.74,95.26,2691.66,1.74,0.4,2.08,0.58,2.51,0.48,14.32,0,108.46,1.11,0.4,0.21,38.4,15.28,461.03,57.17,12.48,23.92,18.62,27.27,7.2,8.52,11.54,33.99,10.17,16.7,7.08,18.92,55.61,44.49,19.29,80.71,2753.28,0.71,0.24,1.28,1.42,4.08,0.78,0.37,0,207.58,10.46,0.4,0.21,51.08,20.48,405.36,76.04,22.01,31.48,17.36,37.54,13.71,13.41,10.42,71.21,41.11,22.97,6.94,19.41,24.34,75.73,3.46,96.54,2740.25,2.11,0.3,2.69,0.47,3.34,0.37,1.12,0,35.23,0.87,0.4,0.24,33.92,13.58,534.11,85.97,20.29,38.54,19.24,41.11,12.29,16.95,11.88,39.94,18.28,14.02,7.36,14.41,27.34,72.86,7.34,92.66,2653.46,1.36,0.37,1.74,0.73,2.73,0.58,0.52,0,224.76,3.89,0.37,0.24,58.43,21.77,503.02,59.26,26.87,22.88,15.85,30.26,12.68,7.64,9.94,58.86,30.57,22.38,5.92,15.73,23.2,76.57,4.07,95.93,2555.38,1.77,0.31,2.22,0.56,3.22,0.45,0.71,0,224.74,3.71,0.39,0.23,37.31,14.49,454.94,47.01,24.13,25.83,11.38,27.83,11.47,9.31,7.05,38.6,18.04,16.22,4.33,0.34,118.38,0,100,0,1401.73,0.62,0.62,0,1.6,1.6,0,0,0,171.63,8.05,0.4,0.68,432.46,172.48,747.31,246.87,145.32,36.47,10.64,76.98,59.46,12.18,5.34,141.53,92.35,21.69,5.3,0.36,103.19,0,100,0,1247.43,0.75,0.75,0,1.33,1.33,0,0,0,182.12,5.9,0.47,0.67,278.57,131.63,713.07,147.87,116.79,30.97,5.76,12.68,5.15,5.85,1.68,169.4,116.1,25.03,4.08,25.92,39.4,61.06,8.68,91.32,2604.9,1.6,0.35,2.4,0.63,2.82,0.42,1.08,0,199.38,1.66,0.36,0.16,31.89,11.32,448.38,40.53,8.31,31.68,13.06,29.69,7.93,12.97,8.79,33.79,12.66,16.83,4.27,37.07,22.99,76.87,5.46,94.54,2679.28,1.96,0.47,2.41,0.51,2.15,0.41,1.95,0,136.43,1.67,0.37,0.13,24.93,9.21,460.95,64.21,6.59,18.38,26.93,26.06,4.15,5.61,16.3,38.31,11.74,15.93,10.64,0.32,128.44,0,100,0,1435.6,0.6,0.6,0,1.68,1.68,0,0,0,175.66,9.6,0.41,0.69,446.94,183.04,775.35,211.58,185.66,38.16,11.71,92.88,69.07,16.43,7.38,155.07,116.52,23.9,4.33,0.32,100.04,0,100,0,1618.91,0.72,0.72,0,1.38,1.38,0,0,0,173.68,6.15,0.43,0.69,364.77,157.69,716.84,164.06,114.53,29.41,6.01,11.86,3.59,5.55,2.72,158.27,115.5,23.58,3.29,77.65,12.86,87.12,4.26,95.74,2750.9,1.78,0.59,1.96,0.56,1.7,0.51,3.8,0,68.55,0.49,0.43,0.22,36.36,15.47,460.88,58.82,6.28,20.54,21.68,25.19,4.99,6.7,13.5,29.14,4.82,16.12,8.18,83.01,6.03,93.96,1.34,98.66,2753.47,1.94,0.43,2.04,0.52,2.31,0.49,4.43,0,66.65,0.52,0.45,0.23,44.05,19.61,467.41,51.26,13.2,21.84,18.1,24.61,6.31,7.13,11.17,27.1,3.88,16.28,6.92,0.39,105.45,0,100,0,1233.08,0.71,0.71,0,1.41,1.41,0,0,0,172.61,10.33,0.44,0.7,475.19,207.92,754.41,209.7,174.02,33.06,10.47,63.53,47.54,10.23,5.76,160.95,118.54,24.73,4.72,0.3,108.98,0,100,0,1504.05,0.73,0.73,0,1.36,1.36,0,0,0,178.98,5.16,0.47,0.67,284.99,134.84,698.5,146.59,116.16,28.64,5.5,7.2,1.03,4.48,1.69,162.86,113.66,24.91,3.81,5.66,45.51,54.32,12.92,87.08,2401.86,1.51,0.43,2.42,0.66,2.34,0.41,0.2,0,173.06,10.82,0.46,0.68,432.48,200.18,742.5,226,144.08,32.85,12.76,97.93,72.9,16.67,8.35,175.5,128.73,24.8,4.41,6.15,61.3,39.12,35.54,64.46,2333.82,0.62,0.36,1.03,1.61,2.76,0.97,0.09,0,179.41,5.28,0.47,0.66,282.43,133.42,690.86,148.64,113.64,27.47,5.28,7.03,1.01,4.35,1.68,167.24,115.61,24.76,3.6,581447643,27713670,29.81,1.42,4.77,356.72,581447643,27713670,29.81,1.42,4.77,356.72,581447643,27713670,29.81,1.42,4.77,356.72
