file,k,dist,tight,seed,opt,method,eps,cost,ratio,evaluated,pruned,ms_min,ms_mean,feasible
instances/k08_uniform_loose_s0.txt,8,uniform,loose,0,69.6668,brute,0.000000,69.666793,1.000000,40320,0,0.443807,0.593128,1
instances/k08_uniform_loose_s0.txt,8,uniform,loose,0,69.6668,dp,0.000000,69.666793,1.000000,889,0,0.016120,0.021845,1
instances/k08_uniform_loose_s0.txt,8,uniform,loose,0,69.6668,dp_par,0.000000,69.666793,1.000000,889,0,0.022492,0.025408,1
instances/k08_uniform_loose_s0.txt,8,uniform,loose,0,69.6668,dp_prune,0.000000,69.666793,1.000000,346,130,0.016140,0.022004,1
instances/k08_uniform_loose_s0.txt,8,uniform,loose,0,69.6668,approx,0.000000,69.666793,1.000000,325,151,0.031489,0.036911,1
instances/k08_uniform_loose_s0.txt,8,uniform,loose,0,69.6668,approx,0.020000,69.666793,1.000000,313,163,0.036719,0.037056,1
instances/k08_uniform_loose_s0.txt,8,uniform,loose,0,69.6668,approx,0.050000,69.666793,1.000000,266,186,0.034876,0.035274,1
instances/k08_uniform_loose_s0.txt,8,uniform,loose,0,69.6668,approx,0.100000,69.666793,1.000000,205,217,0.032712,0.033674,1
instances/k08_uniform_loose_s0.txt,8,uniform,loose,0,69.6668,approx,0.200000,69.666793,1.000000,90,190,0.026880,0.027580,1
instances/k08_uniform_loose_s1.txt,8,uniform,loose,1,55.4208,brute,0.000000,55.420844,1.000001,40320,0,0.575244,0.648675,1
instances/k08_uniform_loose_s1.txt,8,uniform,loose,1,55.4208,dp,0.000000,55.420844,1.000001,950,0,0.017643,0.024949,1
instances/k08_uniform_loose_s1.txt,8,uniform,loose,1,55.4208,dp_par,0.000000,55.420844,1.000001,950,0,0.027532,0.031129,1
instances/k08_uniform_loose_s1.txt,8,uniform,loose,1,55.4208,dp_prune,0.000000,55.420844,1.000001,569,177,0.035517,0.050084,1
instances/k08_uniform_loose_s1.txt,8,uniform,loose,1,55.4208,approx,0.000000,55.420844,1.000001,141,265,0.031059,0.045710,1
instances/k08_uniform_loose_s1.txt,8,uniform,loose,1,55.4208,approx,0.020000,55.420844,1.000001,100,243,0.027963,0.034884,1
instances/k08_uniform_loose_s1.txt,8,uniform,loose,1,55.4208,approx,0.050000,55.420844,1.000001,67,189,0.025688,0.026207,1
instances/k08_uniform_loose_s1.txt,8,uniform,loose,1,55.4208,approx,0.100000,55.420844,1.000001,36,133,0.023644,0.024011,1
instances/k08_uniform_loose_s1.txt,8,uniform,loose,1,55.4208,approx,0.200000,55.420844,1.000001,5,34,0.021030,0.021438,1
instances/k08_uniform_loose_s2.txt,8,uniform,loose,2,59.5736,brute,0.000000,59.573624,1.000000,40320,0,0.582908,0.670990,1
instances/k08_uniform_loose_s2.txt,8,uniform,loose,2,59.5736,dp,0.000000,59.573624,1.000000,1005,0,0.018855,0.030269,1
instances/k08_uniform_loose_s2.txt,8,uniform,loose,2,59.5736,dp_par,0.000000,59.573624,1.000000,1005,0,0.026951,0.039398,1
instances/k08_uniform_loose_s2.txt,8,uniform,loose,2,59.5736,dp_prune,0.000000,59.573624,1.000000,723,232,0.058540,0.088367,1
instances/k08_uniform_loose_s2.txt,8,uniform,loose,2,59.5736,approx,0.000000,59.573624,1.000000,723,232,0.079860,0.096981,1
instances/k08_uniform_loose_s2.txt,8,uniform,loose,2,59.5736,approx,0.020000,59.573624,1.000000,687,257,0.057117,0.089156,1
instances/k08_uniform_loose_s2.txt,8,uniform,loose,2,59.5736,approx,0.050000,59.573624,1.000000,616,317,0.051537,0.053451,1
instances/k08_uniform_loose_s2.txt,8,uniform,loose,2,59.5736,approx,0.100000,59.573624,1.000000,480,357,0.046177,0.055930,1
instances/k08_uniform_loose_s2.txt,8,uniform,loose,2,59.5736,approx,0.200000,59.573624,1.000000,193,304,0.030147,0.044646,1
instances/k08_uniform_loose_s3.txt,8,uniform,loose,3,63.8606,brute,0.000000,63.860642,1.000001,40320,0,0.531242,0.584339,1
instances/k08_uniform_loose_s3.txt,8,uniform,loose,3,63.8606,dp,0.000000,63.860642,1.000001,921,0,0.017643,0.026324,1
instances/k08_uniform_loose_s3.txt,8,uniform,loose,3,63.8606,dp_par,0.000000,63.860642,1.000001,921,0,0.029015,0.038970,1
instances/k08_uniform_loose_s3.txt,8,uniform,loose,3,63.8606,dp_prune,0.000000,63.860642,1.000001,500,102,0.033132,0.052964,1
instances/k08_uniform_loose_s3.txt,8,uniform,loose,3,63.8606,approx,0.000000,63.860642,1.000001,260,217,0.034384,0.044117,1
instances/k08_uniform_loose_s3.txt,8,uniform,loose,3,63.8606,approx,0.020000,63.860642,1.000001,205,243,0.030838,0.031654,1
instances/k08_uniform_loose_s3.txt,8,uniform,loose,3,63.8606,approx,0.050000,63.860642,1.000001,110,195,0.025588,0.026221,1
instances/k08_uniform_loose_s3.txt,8,uniform,loose,3,63.8606,approx,0.100000,63.860642,1.000001,66,152,0.022903,0.023286,1
instances/k08_uniform_loose_s3.txt,8,uniform,loose,3,63.8606,approx,0.200000,63.860642,1.000001,40,125,0.021440,0.022158,1
instances/k08_uniform_loose_s4.txt,8,uniform,loose,4,57.2327,brute,0.000000,57.232742,1.000001,40320,0,0.735556,0.782967,1
instances/k08_uniform_loose_s4.txt,8,uniform,loose,4,57.2327,dp,0.000000,57.232742,1.000001,1024,0,0.017894,0.025693,1
instances/k08_uniform_loose_s4.txt,8,uniform,loose,4,57.2327,dp_par,0.000000,57.232742,1.000001,1024,0,0.027362,0.044400,1
instances/k08_uniform_loose_s4.txt,8,uniform,loose,4,57.2327,dp_prune,0.000000,57.232742,1.000001,619,225,0.044714,0.064059,1
instances/k08_uniform_loose_s4.txt,8,uniform,loose,4,57.2327,approx,0.000000,57.232742,1.000001,262,244,0.034485,0.054755,1
instances/k08_uniform_loose_s4.txt,8,uniform,loose,4,57.2327,approx,0.020000,57.232742,1.000001,200,239,0.028854,0.030203,1
instances/k08_uniform_loose_s4.txt,8,uniform,loose,4,57.2327,approx,0.050000,57.232742,1.000001,143,212,0.025278,0.026540,1
instances/k08_uniform_loose_s4.txt,8,uniform,loose,4,57.2327,approx,0.100000,57.232742,1.000001,67,164,0.021060,0.022034,1
instances/k08_uniform_loose_s4.txt,8,uniform,loose,4,57.2327,approx,0.200000,57.232742,1.000001,9,46,0.016140,0.016766,1
instances/k08_uniform_tight_s0.txt,8,uniform,tight,0,97.2439,brute,0.000000,97.243934,1.000000,40320,0,0.387400,0.430619,1
instances/k08_uniform_tight_s0.txt,8,uniform,tight,0,97.2439,dp,0.000000,97.243934,1.000000,607,0,0.013406,0.018208,1
instances/k08_uniform_tight_s0.txt,8,uniform,tight,0,97.2439,dp_par,0.000000,97.243934,1.000000,607,0,0.027381,0.030123,1
instances/k08_uniform_tight_s0.txt,8,uniform,tight,0,97.2439,dp_prune,0.000000,97.243934,1.000000,21,68,0.011261,0.027271,1
instances/k08_uniform_tight_s0.txt,8,uniform,tight,0,97.2439,approx,0.000000,97.243934,1.000000,21,68,0.016000,0.018212,1
instances/k08_uniform_tight_s0.txt,8,uniform,tight,0,97.2439,approx,0.020000,97.243934,1.000000,21,68,0.015850,0.015924,1
instances/k08_uniform_tight_s0.txt,8,uniform,tight,0,97.2439,approx,0.050000,97.243934,1.000000,21,68,0.015810,0.015878,1
instances/k08_uniform_tight_s0.txt,8,uniform,tight,0,97.2439,approx,0.100000,97.243934,1.000000,21,68,0.015840,0.016338,1
instances/k08_uniform_tight_s0.txt,8,uniform,tight,0,97.2439,approx,0.200000,97.243934,1.000000,21,68,0.015809,0.015874,1
instances/k08_uniform_tight_s1.txt,8,uniform,tight,1,79.8374,brute,0.000000,79.837378,1.000000,40320,0,0.335643,0.443003,1
instances/k08_uniform_tight_s1.txt,8,uniform,tight,1,79.8374,dp,0.000000,79.837378,1.000000,580,0,0.012413,0.017537,1
instances/k08_uniform_tight_s1.txt,8,uniform,tight,1,79.8374,dp_par,0.000000,79.837378,1.000000,580,0,0.029695,0.033008,1
instances/k08_uniform_tight_s1.txt,8,uniform,tight,1,79.8374,dp_prune,0.000000,79.837378,1.000000,18,32,0.011742,0.013912,1
instances/k08_uniform_tight_s1.txt,8,uniform,tight,1,79.8374,approx,0.000000,79.837378,1.000000,18,32,0.014848,0.016976,1
instances/k08_uniform_tight_s1.txt,8,uniform,tight,1,79.8374,approx,0.020000,79.837378,1.000000,17,33,0.014317,0.015085,1
instances/k08_uniform_tight_s1.txt,8,uniform,tight,1,79.8374,approx,0.050000,79.837378,1.000000,17,33,0.014467,0.014508,1
instances/k08_uniform_tight_s1.txt,8,uniform,tight,1,79.8374,approx,0.100000,79.837378,1.000000,17,33,0.014457,0.014477,1
instances/k08_uniform_tight_s1.txt,8,uniform,tight,1,79.8374,approx,0.200000,79.837378,1.000000,12,34,0.014327,0.014455,1
instances/k08_uniform_tight_s2.txt,8,uniform,tight,2,109.9733,brute,0.000000,109.973280,1.000000,40320,0,0.339640,0.381477,1
instances/k08_uniform_tight_s2.txt,8,uniform,tight,2,109.9733,dp,0.000000,109.973280,1.000000,556,0,0.018975,0.023450,1
instances/k08_uniform_tight_s2.txt,8,uniform,tight,2,109.9733,dp_par,0.000000,109.973280,1.000000,556,0,0.024937,0.028710,1
instances/k08_uniform_tight_s2.txt,8,uniform,tight,2,109.9733,dp_prune,0.000000,109.973280,1.000000,9,34,0.009308,0.010852,1
instances/k08_uniform_tight_s2.txt,8,uniform,tight,2,109.9733,approx,0.000000,109.973280,1.000000,9,34,0.010550,0.012303,1
instances/k08_uniform_tight_s2.txt,8,uniform,tight,2,109.9733,approx,0.020000,109.973280,1.000000,9,34,0.010109,0.022100,1
instances/k08_uniform_tight_s2.txt,8,uniform,tight,2,109.9733,approx,0.050000,109.973280,1.000000,9,34,0.010189,0.010873,1
instances/k08_uniform_tight_s2.txt,8,uniform,tight,2,109.9733,approx,0.100000,109.973280,1.000000,9,34,0.010159,0.013507,1
instances/k08_uniform_tight_s2.txt,8,uniform,tight,2,109.9733,approx,0.200000,109.973280,1.000000,7,35,0.010129,0.010177,1
instances/k08_uniform_tight_s3.txt,8,uniform,tight,3,69.5106,brute,0.000000,69.510580,1.000000,40320,0,0.333318,0.386034,1
instances/k08_uniform_tight_s3.txt,8,uniform,tight,3,69.5106,dp,0.000000,69.510580,1.000000,529,0,0.013395,0.018379,1
instances/k08_uniform_tight_s3.txt,8,uniform,tight,3,69.5106,dp_par,0.000000,69.510580,1.000000,529,0,0.030768,0.045943,1
instances/k08_uniform_tight_s3.txt,8,uniform,tight,3,69.5106,dp_prune,0.000000,69.510580,1.000000,24,41,0.012484,0.015126,1
instances/k08_uniform_tight_s3.txt,8,uniform,tight,3,69.5106,approx,0.000000,69.510580,1.000000,24,41,0.018234,0.020579,1
instances/k08_uniform_tight_s3.txt,8,uniform,tight,3,69.5106,approx,0.020000,69.510580,1.000000,24,41,0.017824,0.017922,1
instances/k08_uniform_tight_s3.txt,8,uniform,tight,3,69.5106,approx,0.050000,69.510580,1.000000,24,41,0.017754,0.017854,1
instances/k08_uniform_tight_s3.txt,8,uniform,tight,3,69.5106,approx,0.100000,69.510580,1.000000,24,41,0.017764,0.021587,1
instances/k08_uniform_tight_s3.txt,8,uniform,tight,3,69.5106,approx,0.200000,69.510580,1.000000,20,42,0.017763,0.017850,1
instances/k08_uniform_tight_s4.txt,8,uniform,tight,4,97.3137,brute,0.000000,97.313703,1.000000,40320,0,0.363474,0.424460,1
instances/k08_uniform_tight_s4.txt,8,uniform,tight,4,97.3137,dp,0.000000,97.313703,1.000000,630,0,0.013225,0.018240,1
instances/k08_uniform_tight_s4.txt,8,uniform,tight,4,97.3137,dp_par,0.000000,97.313703,1.000000,630,0,0.029115,0.039304,1
instances/k08_uniform_tight_s4.txt,8,uniform,tight,4,97.3137,dp_prune,0.000000,97.313703,1.000000,12,31,0.010670,0.018926,1
instances/k08_uniform_tight_s4.txt,8,uniform,tight,4,97.3137,approx,0.000000,97.313703,1.000000,12,31,0.013064,0.014978,1
instances/k08_uniform_tight_s4.txt,8,uniform,tight,4,97.3137,approx,0.020000,97.313703,1.000000,12,31,0.012744,0.016066,1
instances/k08_uniform_tight_s4.txt,8,uniform,tight,4,97.3137,approx,0.050000,97.313703,1.000000,12,31,0.012904,0.012948,1
instances/k08_uniform_tight_s4.txt,8,uniform,tight,4,97.3137,approx,0.100000,97.319725,1.000062,7,32,0.012243,0.012319,1
instances/k08_uniform_tight_s4.txt,8,uniform,tight,4,97.3137,approx,0.200000,97.319725,1.000062,6,31,0.012193,0.012253,1
instances/k08_clustered_loose_s0.txt,8,clustered,loose,0,30.0216,brute,0.000000,30.021566,0.999999,40320,0,0.655576,0.686826,1
instances/k08_clustered_loose_s0.txt,8,clustered,loose,0,30.0216,dp,0.000000,30.021566,0.999999,1024,0,0.017734,0.030475,1
instances/k08_clustered_loose_s0.txt,8,clustered,loose,0,30.0216,dp_par,0.000000,30.021566,0.999999,1024,0,0.027282,0.031125,1
instances/k08_clustered_loose_s0.txt,8,clustered,loose,0,30.0216,dp_prune,0.000000,30.021566,0.999999,746,256,0.050666,0.072881,1
instances/k08_clustered_loose_s0.txt,8,clustered,loose,0,30.0216,approx,0.000000,30.021566,0.999999,440,413,0.048250,0.075063,1
instances/k08_clustered_loose_s0.txt,8,clustered,loose,0,30.0216,approx,0.020000,30.021566,0.999999,243,322,0.031530,0.035715,1
instances/k08_clustered_loose_s0.txt,8,clustered,loose,0,30.0216,approx,0.050000,30.021566,0.999999,70,119,0.020088,0.021320,1
instances/k08_clustered_loose_s0.txt,8,clustered,loose,0,30.0216,approx,0.100000,30.021566,0.999999,0,8,0.015178,0.015676,1
instances/k08_clustered_loose_s0.txt,8,clustered,loose,0,30.0216,approx,0.200000,30.021566,0.999999,0,8,0.014979,0.015070,1
instances/k08_clustered_loose_s1.txt,8,clustered,loose,1,29.6374,brute,0.000000,29.637439,1.000001,40320,0,0.667568,0.715332,1
instances/k08_clustered_loose_s1.txt,8,clustered,loose,1,29.6374,dp,0.000000,29.637439,1.000001,1024,0,0.017643,0.024192,1
instances/k08_clustered_loose_s1.txt,8,clustered,loose,1,29.6374,dp_par,0.000000,29.637439,1.000001,1024,0,0.030407,0.041332,1
instances/k08_clustered_loose_s1.txt,8,clustered,loose,1,29.6374,dp_prune,0.000000,29.637439,1.000001,970,54,0.069631,0.095374,1
instances/k08_clustered_loose_s1.txt,8,clustered,loose,1,29.6374,approx,0.000000,29.637439,1.000001,792,232,0.077015,0.110540,1
instances/k08_clustered_loose_s1.txt,8,clustered,loose,1,29.6374,approx,0.020000,29.637439,1.000001,663,340,0.063911,0.092282,1
instances/k08_clustered_loose_s1.txt,8,clustered,loose,1,29.6374,approx,0.050000,29.637439,1.000001,422,298,0.041458,0.046983,1
instances/k08_clustered_loose_s1.txt,8,clustered,loose,1,29.6374,approx,0.100000,29.637439,1.000001,131,177,0.029095,0.032580,1
instances/k08_clustered_loose_s1.txt,8,clustered,loose,1,29.6374,approx,0.200000,29.637439,1.000001,1,14,0.020108,0.020783,1
instances/k08_clustered_loose_s2.txt,8,clustered,loose,2,24.1936,brute,0.000000,24.193568,0.999999,40320,0,0.733292,0.772021,1
instances/k08_clustered_loose_s2.txt,8,clustered,loose,2,24.1936,dp,0.000000,24.193568,0.999999,1024,0,0.022733,0.048369,1
instances/k08_clustered_loose_s2.txt,8,clustered,loose,2,24.1936,dp_par,0.000000,24.193568,0.999999,1024,0,0.029586,0.049541,1
instances/k08_clustered_loose_s2.txt,8,clustered,loose,2,24.1936,dp_prune,0.000000,24.193568,0.999999,1019,5,0.086783,0.117249,1
instances/k08_clustered_loose_s2.txt,8,clustered,loose,2,24.1936,approx,0.000000,24.193568,0.999999,638,261,0.073078,0.105909,1
instances/k08_clustered_loose_s2.txt,8,clustered,loose,2,24.1936,approx,0.020000,24.193568,0.999999,497,296,0.051457,0.055551,1
instances/k08_clustered_loose_s2.txt,8,clustered,loose,2,24.1936,approx,0.050000,24.193568,0.999999,326,291,0.041508,0.045169,1
instances/k08_clustered_loose_s2.txt,8,clustered,loose,2,24.1936,approx,0.100000,24.193568,0.999999,133,233,0.030728,0.041973,1
instances/k08_clustered_loose_s2.txt,8,clustered,loose,2,24.1936,approx,0.200000,24.193568,0.999999,14,69,0.022101,0.023097,1
instances/k08_clustered_loose_s3.txt,8,clustered,loose,3,26.5912,brute,0.000000,26.591198,1.000000,40320,0,0.618455,0.718238,1
instances/k08_clustered_loose_s3.txt,8,clustered,loose,3,26.5912,dp,0.000000,26.591198,1.000000,1024,0,0.017793,0.029628,1
instances/k08_clustered_loose_s3.txt,8,clustered,loose,3,26.5912,dp_par,0.000000,26.591198,1.000000,1024,0,0.027182,0.030844,1
instances/k08_clustered_loose_s3.txt,8,clustered,loose,3,26.5912,dp_prune,0.000000,26.591198,1.000000,798,226,0.054312,0.082804,1
instances/k08_clustered_loose_s3.txt,8,clustered,loose,3,26.5912,approx,0.000000,26.591198,1.000000,783,241,0.073088,0.100536,1
instances/k08_clustered_loose_s3.txt,8,clustered,loose,3,26.5912,approx,0.020000,26.591198,1.000000,646,372,0.072035,0.085940,1
instances/k08_clustered_loose_s3.txt,8,clustered,loose,3,26.5912,approx,0.050000,26.591198,1.000000,474,443,0.049994,0.070289,1
instances/k08_clustered_loose_s3.txt,8,clustered,loose,3,26.5912,approx,0.100000,26.640247,1.001844,188,240,0.030969,0.037192,1
instances/k08_clustered_loose_s3.txt,8,clustered,loose,3,26.5912,approx,0.200000,26.794249,1.007636,10,36,0.017824,0.018998,1
instances/k08_clustered_loose_s4.txt,8,clustered,loose,4,35.1627,brute,0.000000,35.162673,0.999999,40320,0,0.659393,0.682606,1
instances/k08_clustered_loose_s4.txt,8,clustered,loose,4,35.1627,dp,0.000000,35.162673,0.999999,1024,0,0.029365,0.033487,1
instances/k08_clustered_loose_s4.txt,8,clustered,loose,4,35.1627,dp_par,0.000000,35.162673,0.999999,1024,0,0.027572,0.038146,1
instances/k08_clustered_loose_s4.txt,8,clustered,loose,4,35.1627,dp_prune,0.000000,35.162673,0.999999,734,290,0.064832,0.096840,1
instances/k08_clustered_loose_s4.txt,8,clustered,loose,4,35.1627,approx,0.000000,35.162673,0.999999,641,383,0.073899,0.094582,1
instances/k08_clustered_loose_s4.txt,8,clustered,loose,4,35.1627,approx,0.020000,35.162673,0.999999,603,421,0.054292,0.058987,1
instances/k08_clustered_loose_s4.txt,8,clustered,loose,4,35.1627,approx,0.050000,35.162673,0.999999,582,431,0.060074,0.080103,1
instances/k08_clustered_loose_s4.txt,8,clustered,loose,4,35.1627,approx,0.100000,35.162673,0.999999,461,197,0.043692,0.057354,1
instances/k08_clustered_loose_s4.txt,8,clustered,loose,4,35.1627,approx,0.200000,35.162673,0.999999,11,49,0.018274,0.019641,1
instances/k08_clustered_tight_s0.txt,8,clustered,tight,0,41.9773,brute,0.000000,41.977337,1.000001,40320,0,0.336955,0.403803,1
instances/k08_clustered_tight_s0.txt,8,clustered,tight,0,41.9773,dp,0.000000,41.977337,1.000001,559,0,0.013215,0.019639,1
instances/k08_clustered_tight_s0.txt,8,clustered,tight,0,41.9773,dp_par,0.000000,41.977337,1.000001,559,0,0.026740,0.033465,1
instances/k08_clustered_tight_s0.txt,8,clustered,tight,0,41.9773,dp_prune,0.000000,41.977337,1.000001,51,73,0.011902,0.014581,1
instances/k08_clustered_tight_s0.txt,8,clustered,tight,0,41.9773,approx,0.000000,41.977337,1.000001,51,73,0.014898,0.035144,1
instances/k08_clustered_tight_s0.txt,8,clustered,tight,0,41.9773,approx,0.020000,41.977337,1.000001,51,73,0.014657,0.014756,1
instances/k08_clustered_tight_s0.txt,8,clustered,tight,0,41.9773,approx,0.050000,41.977337,1.000001,51,73,0.014708,0.014748,1
instances/k08_clustered_tight_s0.txt,8,clustered,tight,0,41.9773,approx,0.100000,41.977337,1.000001,51,73,0.014687,0.018016,1
instances/k08_clustered_tight_s0.txt,8,clustered,tight,0,41.9773,approx,0.200000,41.977337,1.000001,51,73,0.014667,0.014700,1
instances/k08_clustered_tight_s1.txt,8,clustered,tight,1,39.9472,brute,0.000000,39.947157,0.999999,40320,0,0.315975,0.367911,1
instances/k08_clustered_tight_s1.txt,8,clustered,tight,1,39.9472,dp,0.000000,39.947157,0.999999,538,0,0.011421,0.015281,1
instances/k08_clustered_tight_s1.txt,8,clustered,tight,1,39.9472,dp_par,0.000000,39.947157,0.999999,538,0,0.027571,0.030711,1
instances/k08_clustered_tight_s1.txt,8,clustered,tight,1,39.9472,dp_prune,0.000000,39.947157,0.999999,25,47,0.010891,0.013127,1
instances/k08_clustered_tight_s1.txt,8,clustered,tight,1,39.9472,approx,0.000000,39.947157,0.999999,20,51,0.016020,0.017978,1
instances/k08_clustered_tight_s1.txt,8,clustered,tight,1,39.9472,approx,0.020000,39.947157,0.999999,20,51,0.015669,0.015816,1
instances/k08_clustered_tight_s1.txt,8,clustered,tight,1,39.9472,approx,0.050000,39.947157,0.999999,20,51,0.015629,0.015676,1
instances/k08_clustered_tight_s1.txt,8,clustered,tight,1,39.9472,approx,0.100000,39.947157,0.999999,20,51,0.015719,0.015748,1
instances/k08_clustered_tight_s1.txt,8,clustered,tight,1,39.9472,approx,0.200000,39.947157,0.999999,15,50,0.015469,0.015994,1
instances/k08_clustered_tight_s2.txt,8,clustered,tight,2,43.416,brute,0.000000,43.415967,0.999999,40320,0,0.393482,0.404695,1
instances/k08_clustered_tight_s2.txt,8,clustered,tight,2,43.416,dp,0.000000,43.415967,0.999999,746,0,0.014257,0.019954,1
instances/k08_clustered_tight_s2.txt,8,clustered,tight,2,43.416,dp_par,0.000000,43.415967,0.999999,746,0,0.027662,0.049507,1
instances/k08_clustered_tight_s2.txt,8,clustered,tight,2,43.416,dp_prune,0.000000,43.415967,0.999999,71,68,0.013135,0.016291,1
instances/k08_clustered_tight_s2.txt,8,clustered,tight,2,43.416,approx,0.000000,43.415967,0.999999,70,69,0.018936,0.021999,1
instances/k08_clustered_tight_s2.txt,8,clustered,tight,2,43.416,approx,0.020000,43.415967,0.999999,55,81,0.018275,0.018411,1
instances/k08_clustered_tight_s2.txt,8,clustered,tight,2,43.416,approx,0.050000,43.596413,1.004155,28,86,0.016911,0.017116,1
instances/k08_clustered_tight_s2.txt,8,clustered,tight,2,43.416,approx,0.100000,43.596413,1.004155,9,38,0.015419,0.020943,1
instances/k08_clustered_tight_s2.txt,8,clustered,tight,2,43.416,approx,0.200000,43.596413,1.004155,6,37,0.015209,0.015255,1
instances/k08_clustered_tight_s3.txt,8,clustered,tight,3,74.4675,brute,0.000000,74.467520,1.000000,40320,0,0.384915,0.429109,1
instances/k08_clustered_tight_s3.txt,8,clustered,tight,3,74.4675,dp,0.000000,74.467520,1.000000,710,0,0.014868,0.020084,1
instances/k08_clustered_tight_s3.txt,8,clustered,tight,3,74.4675,dp_par,0.000000,74.467520,1.000000,710,0,0.029185,0.062868,1
instances/k08_clustered_tight_s3.txt,8,clustered,tight,3,74.4675,dp_prune,0.000000,74.467520,1.000000,46,94,0.012243,0.015062,1
instances/k08_clustered_tight_s3.txt,8,clustered,tight,3,74.4675,approx,0.000000,74.467520,1.000000,46,94,0.020589,0.023492,1
instances/k08_clustered_tight_s3.txt,8,clustered,tight,3,74.4675,approx,0.020000,74.467520,1.000000,45,95,0.020368,0.020412,1
instances/k08_clustered_tight_s3.txt,8,clustered,tight,3,74.4675,approx,0.050000,74.467520,1.000000,45,95,0.020298,0.020362,1
instances/k08_clustered_tight_s3.txt,8,clustered,tight,3,74.4675,approx,0.100000,74.467520,1.000000,45,95,0.020279,0.020970,1
instances/k08_clustered_tight_s3.txt,8,clustered,tight,3,74.4675,approx,0.200000,74.467520,1.000000,45,95,0.020249,0.020324,1
instances/k08_clustered_tight_s4.txt,8,clustered,tight,4,63.0358,brute,0.000000,63.035837,1.000001,40320,0,0.395154,0.452326,1
instances/k08_clustered_tight_s4.txt,8,clustered,tight,4,63.0358,dp,0.000000,63.035837,1.000001,755,0,0.015269,0.021146,1
instances/k08_clustered_tight_s4.txt,8,clustered,tight,4,63.0358,dp_par,0.000000,63.035837,1.000001,755,0,0.029215,0.045600,1
instances/k08_clustered_tight_s4.txt,8,clustered,tight,4,63.0358,dp_prune,0.000000,63.035837,1.000001,59,92,0.013085,0.017038,1
instances/k08_clustered_tight_s4.txt,8,clustered,tight,4,63.0358,approx,0.000000,63.035837,1.000001,57,94,0.021170,0.025079,1
instances/k08_clustered_tight_s4.txt,8,clustered,tight,4,63.0358,approx,0.020000,63.035837,1.000001,57,94,0.020920,0.021017,1
instances/k08_clustered_tight_s4.txt,8,clustered,tight,4,63.0358,approx,0.050000,63.035837,1.000001,57,94,0.020839,0.021586,1
instances/k08_clustered_tight_s4.txt,8,clustered,tight,4,63.0358,approx,0.100000,63.035837,1.000001,57,94,0.020869,0.020939,1
instances/k08_clustered_tight_s4.txt,8,clustered,tight,4,63.0358,approx,0.200000,63.035837,1.000001,29,97,0.019878,0.020094,1
instances/k08_linear_loose_s0.txt,8,linear,loose,0,34.643,brute,0.000000,34.642992,1.000000,40320,0,0.646929,0.677962,1
instances/k08_linear_loose_s0.txt,8,linear,loose,0,34.643,dp,0.000000,34.642992,1.000000,1018,0,0.019497,0.036631,1
instances/k08_linear_loose_s0.txt,8,linear,loose,0,34.643,dp_par,0.000000,34.642992,1.000000,1018,0,0.028654,0.033233,1
instances/k08_linear_loose_s0.txt,8,linear,loose,0,34.643,dp_prune,0.000000,34.642992,1.000000,795,160,0.053611,0.086110,1
instances/k08_linear_loose_s0.txt,8,linear,loose,0,34.643,approx,0.000000,34.642992,1.000000,786,158,0.075082,0.092134,1
instances/k08_linear_loose_s0.txt,8,linear,loose,0,34.643,approx,0.020000,34.642992,1.000000,740,181,0.057058,0.062089,1
instances/k08_linear_loose_s0.txt,8,linear,loose,0,34.643,approx,0.050000,34.642992,1.000000,660,252,0.053821,0.059309,1
instances/k08_linear_loose_s0.txt,8,linear,loose,0,34.643,approx,0.100000,34.645492,1.000072,516,348,0.047870,0.058931,1
instances/k08_linear_loose_s0.txt,8,linear,loose,0,34.643,approx,0.200000,34.645492,1.000072,254,350,0.036038,0.039697,1
instances/k08_linear_loose_s1.txt,8,linear,loose,1,43.063,brute,0.000000,43.063028,1.000001,40320,0,0.632181,0.691513,1
instances/k08_linear_loose_s1.txt,8,linear,loose,1,43.063,dp,0.000000,43.063028,1.000001,1024,0,0.019847,0.032976,1
instances/k08_linear_loose_s1.txt,8,linear,loose,1,43.063,dp_par,0.000000,43.063028,1.000001,1024,0,0.027321,0.040563,1
instances/k08_linear_loose_s1.txt,8,linear,loose,1,43.063,dp_prune,0.000000,43.063028,1.000001,1008,16,0.069210,0.091260,1
instances/k08_linear_loose_s1.txt,8,linear,loose,1,43.063,approx,0.000000,43.063028,1.000001,946,78,0.091282,0.123184,1
instances/k08_linear_loose_s1.txt,8,linear,loose,1,43.063,approx,0.020000,43.063028,1.000001,931,93,0.065514,0.072521,1
instances/k08_linear_loose_s1.txt,8,linear,loose,1,43.063,approx,0.050000,43.063028,1.000001,855,169,0.059773,0.073056,1
instances/k08_linear_loose_s1.txt,8,linear,loose,1,43.063,approx,0.100000,43.063028,1.000001,667,308,0.063780,0.081209,1
instances/k08_linear_loose_s1.txt,8,linear,loose,1,43.063,approx,0.200000,43.063028,1.000001,305,299,0.037551,0.055695,1
instances/k08_linear_loose_s2.txt,8,linear,loose,2,40.2212,brute,0.000000,40.221171,0.999999,40320,0,0.328499,0.464239,1
instances/k08_linear_loose_s2.txt,8,linear,loose,2,40.2212,dp,0.000000,40.221171,0.999999,998,0,0.018736,0.026264,1
instances/k08_linear_loose_s2.txt,8,linear,loose,2,40.2212,dp_par,0.000000,40.221171,0.999999,998,0,0.028563,0.039883,1
instances/k08_linear_loose_s2.txt,8,linear,loose,2,40.2212,dp_prune,0.000000,40.221171,0.999999,664,289,0.049453,0.081942,1
instances/k08_linear_loose_s2.txt,8,linear,loose,2,40.2212,approx,0.000000,40.221171,0.999999,557,393,0.063290,0.081069,1
instances/k08_linear_loose_s2.txt,8,linear,loose,2,40.2212,approx,0.020000,40.221171,0.999999,555,395,0.050596,0.052774,1
instances/k08_linear_loose_s2.txt,8,linear,loose,2,40.2212,approx,0.050000,40.221171,0.999999,497,382,0.046678,0.056875,1
instances/k08_linear_loose_s2.txt,8,linear,loose,2,40.2212,approx,0.100000,40.221171,0.999999,408,413,0.043121,0.044883,1
instances/k08_linear_loose_s2.txt,8,linear,loose,2,40.2212,approx,0.200000,40.233658,1.000310,257,350,0.035186,0.036747,1
instances/k08_linear_loose_s3.txt,8,linear,loose,3,29.5417,brute,0.000000,29.541749,1.000002,40320,0,0.726780,0.884815,1
instances/k08_linear_loose_s3.txt,8,linear,loose,3,29.5417,dp,0.000000,29.541749,1.000002,1024,0,0.025879,0.033992,1
instances/k08_linear_loose_s3.txt,8,linear,loose,3,29.5417,dp_par,0.000000,29.541749,1.000002,1024,0,0.026800,0.049421,1
instances/k08_linear_loose_s3.txt,8,linear,loose,3,29.5417,dp_prune,0.000000,29.541749,1.000002,933,91,0.078207,0.103657,1
instances/k08_linear_loose_s3.txt,8,linear,loose,3,29.5417,approx,0.000000,29.541749,1.000002,925,99,0.095651,0.115500,1
instances/k08_linear_loose_s3.txt,8,linear,loose,3,29.5417,approx,0.020000,29.541749,1.000002,889,135,0.066255,0.079348,1
instances/k08_linear_loose_s3.txt,8,linear,loose,3,29.5417,approx,0.050000,29.541749,1.000002,823,201,0.061887,0.063558,1
instances/k08_linear_loose_s3.txt,8,linear,loose,3,29.5417,approx,0.100000,29.541749,1.000002,694,282,0.061025,0.092769,1
instances/k08_linear_loose_s3.txt,8,linear,loose,3,29.5417,approx,0.200000,29.541749,1.000002,427,353,0.042650,0.046566,1
instances/k08_linear_loose_s4.txt,8,linear,loose,4,38.2361,brute,0.000000,38.236060,0.999999,40320,0,0.700731,0.751420,1
instances/k08_linear_loose_s4.txt,8,linear,loose,4,38.2361,dp,0.000000,38.236060,0.999999,1024,0,0.019797,0.028464,1
instances/k08_linear_loose_s4.txt,8,linear,loose,4,38.2361,dp_par,0.000000,38.236060,0.999999,1024,0,0.029345,0.043450,1
instances/k08_linear_loose_s4.txt,8,linear,loose,4,38.2361,dp_prune,0.000000,38.236060,0.999999,943,81,0.060574,0.089773,1
instances/k08_linear_loose_s4.txt,8,linear,loose,4,38.2361,approx,0.000000,38.236060,0.999999,854,127,0.086574,0.110102,1
instances/k08_linear_loose_s4.txt,8,linear,loose,4,38.2361,approx,0.020000,38.236060,0.999999,804,162,0.060394,0.064313,1
instances/k08_linear_loose_s4.txt,8,linear,loose,4,38.2361,approx,0.050000,38.236060,0.999999,720,201,0.055144,0.064093,1
instances/k08_linear_loose_s4.txt,8,linear,loose,4,38.2361,approx,0.100000,38.236060,0.999999,568,268,0.048552,0.060366,1
instances/k08_linear_loose_s4.txt,8,linear,loose,4,38.2361,approx,0.200000,38.268555,1.000849,325,340,0.039695,0.042448,1
instances/k08_linear_tight_s0.txt,8,linear,tight,0,39.8728,brute,0.000000,39.872793,1.000000,40320,0,0.361902,0.413623,1
instances/k08_linear_tight_s0.txt,8,linear,tight,0,39.8728,dp,0.000000,39.872793,1.000000,692,0,0.019547,0.026258,1
instances/k08_linear_tight_s0.txt,8,linear,tight,0,39.8728,dp_par,0.000000,39.872793,1.000000,692,0,0.027542,0.038049,1
instances/k08_linear_tight_s0.txt,8,linear,tight,0,39.8728,dp_prune,0.000000,39.872793,1.000000,39,72,0.011772,0.020338,1
instances/k08_linear_tight_s0.txt,8,linear,tight,0,39.8728,approx,0.000000,39.872793,1.000000,39,72,0.017353,0.019785,1
instances/k08_linear_tight_s0.txt,8,linear,tight,0,39.8728,approx,0.020000,39.872793,1.000000,39,72,0.017122,0.017180,1
instances/k08_linear_tight_s0.txt,8,linear,tight,0,39.8728,approx,0.050000,39.872793,1.000000,37,74,0.017113,0.017381,1
instances/k08_linear_tight_s0.txt,8,linear,tight,0,39.8728,approx,0.100000,39.872793,1.000000,36,75,0.017132,0.017182,1
instances/k08_linear_tight_s0.txt,8,linear,tight,0,39.8728,approx,0.200000,39.872793,1.000000,32,74,0.016841,0.016928,1
instances/k08_linear_tight_s1.txt,8,linear,tight,1,57.0283,brute,0.000000,57.028347,1.000001,40320,0,0.366701,0.417128,1
instances/k08_linear_tight_s1.txt,8,linear,tight,1,57.0283,dp,0.000000,57.028347,1.000001,581,0,0.014717,0.018868,1
instances/k08_linear_tight_s1.txt,8,linear,tight,1,57.0283,dp_par,0.000000,57.028347,1.000001,581,0,0.030127,0.033431,1
instances/k08_linear_tight_s1.txt,8,linear,tight,1,57.0283,dp_prune,0.000000,57.028347,1.000001,52,121,0.014247,0.017788,1
instances/k08_linear_tight_s1.txt,8,linear,tight,1,57.0283,approx,0.000000,57.028347,1.000001,52,121,0.020659,0.039953,1
instances/k08_linear_tight_s1.txt,8,linear,tight,1,57.0283,approx,0.020000,57.028347,1.000001,52,121,0.020349,0.020418,1
instances/k08_linear_tight_s1.txt,8,linear,tight,1,57.0283,approx,0.050000,57.028347,1.000001,52,121,0.020348,0.020392,1
instances/k08_linear_tight_s1.txt,8,linear,tight,1,57.0283,approx,0.100000,57.028347,1.000001,52,121,0.020309,0.020395,1
instances/k08_linear_tight_s1.txt,8,linear,tight,1,57.0283,approx,0.200000,57.028347,1.000001,52,121,0.020378,0.020953,1
instances/k08_linear_tight_s2.txt,8,linear,tight,2,59.074,brute,0.000000,59.073999,1.000000,40320,0,0.375568,0.444654,1
instances/k08_linear_tight_s2.txt,8,linear,tight,2,59.074,dp,0.000000,59.073999,1.000000,621,0,0.013355,0.018094,1
instances/k08_linear_tight_s2.txt,8,linear,tight,2,59.074,dp_par,0.000000,59.073999,1.000000,621,0,0.027231,0.031543,1
instances/k08_linear_tight_s2.txt,8,linear,tight,2,59.074,dp_prune,0.000000,59.073999,1.000000,30,52,0.012604,0.016770,1
instances/k08_linear_tight_s2.txt,8,linear,tight,2,59.074,approx,0.000000,59.073999,1.000000,30,52,0.015789,0.018521,1
instances/k08_linear_tight_s2.txt,8,linear,tight,2,59.074,approx,0.020000,59.073999,1.000000,30,52,0.015479,0.015533,1
instances/k08_linear_tight_s2.txt,8,linear,tight,2,59.074,approx,0.050000,59.073999,1.000000,30,52,0.015329,0.015403,1
instances/k08_linear_tight_s2.txt,8,linear,tight,2,59.074,approx,0.100000,59.073999,1.000000,30,52,0.015359,0.025270,1
instances/k08_linear_tight_s2.txt,8,linear,tight,2,59.074,approx,0.200000,59.073999,1.000000,30,52,0.015369,0.015441,1
instances/k08_linear_tight_s3.txt,8,linear,tight,3,45.0271,brute,0.000000,45.027101,1.000000,40320,0,0.432936,0.466690,1
instances/k08_linear_tight_s3.txt,8,linear,tight,3,45.0271,dp,0.000000,45.027101,1.000000,808,0,0.015810,0.022378,1
instances/k08_linear_tight_s3.txt,8,linear,tight,3,45.0271,dp_par,0.000000,45.027101,1.000000,808,0,0.028534,0.031860,1
instances/k08_linear_tight_s3.txt,8,linear,tight,3,45.0271,dp_prune,0.000000,45.027101,1.000000,74,160,0.014177,0.018613,1
instances/k08_linear_tight_s3.txt,8,linear,tight,3,45.0271,approx,0.000000,45.027101,1.000000,74,160,0.020037,0.025115,1
instances/k08_linear_tight_s3.txt,8,linear,tight,3,45.0271,approx,0.020000,45.027101,1.000000,74,160,0.019697,0.019795,1
instances/k08_linear_tight_s3.txt,8,linear,tight,3,45.0271,approx,0.050000,45.027101,1.000000,74,160,0.019627,0.020330,1
instances/k08_linear_tight_s3.txt,8,linear,tight,3,45.0271,approx,0.100000,45.027101,1.000000,74,160,0.019587,0.019675,1
instances/k08_linear_tight_s3.txt,8,linear,tight,3,45.0271,approx,0.200000,45.027101,1.000000,74,160,0.019647,0.028289,1
instances/k08_linear_tight_s4.txt,8,linear,tight,4,68.7744,brute,0.000000,68.774366,1.000000,40320,0,0.173567,0.254634,1
instances/k08_linear_tight_s4.txt,8,linear,tight,4,68.7744,dp,0.000000,68.774366,1.000000,577,0,0.018384,0.031732,1
instances/k08_linear_tight_s4.txt,8,linear,tight,4,68.7744,dp_par,0.000000,68.774366,1.000000,577,0,0.028394,0.032602,1
instances/k08_linear_tight_s4.txt,8,linear,tight,4,68.7744,dp_prune,0.000000,68.774366,1.000000,26,52,0.011581,0.014219,1
instances/k08_linear_tight_s4.txt,8,linear,tight,4,68.7744,approx,0.000000,68.774366,1.000000,26,52,0.017132,0.019296,1
instances/k08_linear_tight_s4.txt,8,linear,tight,4,68.7744,approx,0.020000,68.774366,1.000000,26,52,0.016741,0.016836,1
instances/k08_linear_tight_s4.txt,8,linear,tight,4,68.7744,approx,0.050000,68.774366,1.000000,24,53,0.016621,0.017337,1
instances/k08_linear_tight_s4.txt,8,linear,tight,4,68.7744,approx,0.100000,68.774366,1.000000,22,54,0.016621,0.016713,1
instances/k08_linear_tight_s4.txt,8,linear,tight,4,68.7744,approx,0.200000,68.774366,1.000000,22,54,0.016622,0.016679,1
instances/k08_spiral_loose_s0.txt,8,spiral,loose,0,58.6299,brute,0.000000,58.629895,1.000000,40320,0,0.656788,0.703708,1
instances/k08_spiral_loose_s0.txt,8,spiral,loose,0,58.6299,dp,0.000000,58.629895,1.000000,1024,0,0.032291,0.048283,1
instances/k08_spiral_loose_s0.txt,8,spiral,loose,0,58.6299,dp_par,0.000000,58.629895,1.000000,1024,0,0.028884,0.041999,1
instances/k08_spiral_loose_s0.txt,8,spiral,loose,0,58.6299,dp_prune,0.000000,58.629895,1.000000,1019,5,0.073178,0.104679,1
instances/k08_spiral_loose_s0.txt,8,spiral,loose,0,58.6299,approx,0.000000,58.629895,1.000000,884,140,0.102904,0.116017,1
instances/k08_spiral_loose_s0.txt,8,spiral,loose,0,58.6299,approx,0.020000,58.629895,1.000000,830,181,0.090109,0.113584,1
instances/k08_spiral_loose_s0.txt,8,spiral,loose,0,58.6299,approx,0.050000,58.629895,1.000000,711,277,0.060875,0.066579,1
instances/k08_spiral_loose_s0.txt,8,spiral,loose,0,58.6299,approx,0.100000,58.629895,1.000000,498,405,0.054543,0.081862,1
instances/k08_spiral_loose_s0.txt,8,spiral,loose,0,58.6299,approx,0.200000,58.629895,1.000000,155,376,0.037030,0.040454,1
instances/k08_spiral_loose_s1.txt,8,spiral,loose,1,57.7809,brute,0.000000,57.780879,1.000000,40320,0,0.448795,0.481052,1
instances/k08_spiral_loose_s1.txt,8,spiral,loose,1,57.7809,dp,0.000000,57.780879,1.000000,839,0,0.024446,0.044492,1
instances/k08_spiral_loose_s1.txt,8,spiral,loose,1,57.7809,dp_par,0.000000,57.780879,1.000000,839,0,0.027742,0.032357,1
instances/k08_spiral_loose_s1.txt,8,spiral,loose,1,57.7809,dp_prune,0.000000,57.780879,1.000000,270,100,0.022242,0.034990,1
instances/k08_spiral_loose_s1.txt,8,spiral,loose,1,57.7809,approx,0.000000,57.780879,1.000000,248,122,0.030568,0.038537,1
instances/k08_spiral_loose_s1.txt,8,spiral,loose,1,57.7809,approx,0.020000,57.780879,1.000000,238,132,0.029936,0.030558,1
instances/k08_spiral_loose_s1.txt,8,spiral,loose,1,57.7809,approx,0.050000,57.780879,1.000000,211,146,0.028494,0.028774,1
instances/k08_spiral_loose_s1.txt,8,spiral,loose,1,57.7809,approx,0.100000,57.780879,1.000000,166,182,0.027091,0.027382,1
instances/k08_spiral_loose_s1.txt,8,spiral,loose,1,57.7809,approx,0.200000,57.780879,1.000000,62,162,0.022763,0.023522,1
instances/k08_spiral_loose_s2.txt,8,spiral,loose,2,58.0431,brute,0.000000,58.043086,1.000000,40320,0,0.517305,0.640914,1
instances/k08_spiral_loose_s2.txt,8,spiral,loose,2,58.0431,dp,0.000000,58.043086,1.000000,908,0,0.017693,0.028902,1
instances/k08_spiral_loose_s2.txt,8,spiral,loose,2,58.0431,dp_par,0.000000,58.043086,1.000000,908,0,0.027652,0.033168,1
instances/k08_spiral_loose_s2.txt,8,spiral,loose,2,58.0431,dp_prune,0.000000,58.043086,1.000000,437,189,0.031700,0.054677,1
instances/k08_spiral_loose_s2.txt,8,spiral,loose,2,58.0431,approx,0.000000,58.043086,1.000000,426,200,0.043752,0.056334,1
instances/k08_spiral_loose_s2.txt,8,spiral,loose,2,58.0431,approx,0.020000,58.043086,1.000000,422,204,0.041658,0.047535,1
instances/k08_spiral_loose_s2.txt,8,spiral,loose,2,58.0431,approx,0.050000,58.043086,1.000000,398,228,0.040516,0.055659,1
instances/k08_spiral_loose_s2.txt,8,spiral,loose,2,58.0431,approx,0.100000,58.043086,1.000000,333,277,0.038422,0.039615,1
instances/k08_spiral_loose_s2.txt,8,spiral,loose,2,58.0431,approx,0.200000,58.705688,1.011415,140,320,0.029996,0.031638,1
instances/k08_spiral_loose_s3.txt,8,spiral,loose,3,58.1918,brute,0.000000,58.191849,1.000001,40320,0,0.618074,0.659040,1
instances/k08_spiral_loose_s3.txt,8,spiral,loose,3,58.1918,dp,0.000000,58.191849,1.000001,1007,0,0.025668,0.039248,1
instances/k08_spiral_loose_s3.txt,8,spiral,loose,3,58.1918,dp_par,0.000000,58.191849,1.000001,1007,0,0.029355,0.060835,1
instances/k08_spiral_loose_s3.txt,8,spiral,loose,3,58.1918,dp_prune,0.000000,58.191849,1.000001,842,133,0.061025,0.082237,1
instances/k08_spiral_loose_s3.txt,8,spiral,loose,3,58.1918,approx,0.000000,58.191849,1.000001,797,178,0.079741,0.105180,1
instances/k08_spiral_loose_s3.txt,8,spiral,loose,3,58.1918,approx,0.020000,58.286384,1.001625,766,197,0.055615,0.060181,1
instances/k08_spiral_loose_s3.txt,8,spiral,loose,3,58.1918,approx,0.050000,58.286384,1.001625,684,277,0.052970,0.067567,1
instances/k08_spiral_loose_s3.txt,8,spiral,loose,3,58.1918,approx,0.100000,58.286384,1.001625,519,402,0.046288,0.049099,1
instances/k08_spiral_loose_s3.txt,8,spiral,loose,3,58.1918,approx,0.200000,58.289999,1.001688,201,417,0.032251,0.036252,1
instances/k08_spiral_loose_s4.txt,8,spiral,loose,4,57.1983,brute,0.000000,57.198277,1.000000,40320,0,0.710509,0.927619,1
instances/k08_spiral_loose_s4.txt,8,spiral,loose,4,57.1983,dp,0.000000,57.198277,1.000000,1024,0,0.020338,0.048096,1
instances/k08_spiral_loose_s4.txt,8,spiral,loose,4,57.1983,dp_par,0.000000,57.198277,1.000000,1024,0,0.027722,0.046800,1
instances/k08_spiral_loose_s4.txt,8,spiral,loose,4,57.1983,dp_prune,0.000000,57.198277,1.000000,994,30,0.072096,0.110701,1
instances/k08_spiral_loose_s4.txt,8,spiral,loose,4,57.1983,approx,0.000000,57.198277,1.000000,851,166,0.084119,0.112977,1
instances/k08_spiral_loose_s4.txt,8,spiral,loose,4,57.1983,approx,0.020000,57.198277,1.000000,785,218,0.062478,0.066612,1
instances/k08_spiral_loose_s4.txt,8,spiral,loose,4,57.1983,approx,0.050000,57.198277,1.000000,672,319,0.055665,0.066239,1
instances/k08_spiral_loose_s4.txt,8,spiral,loose,4,57.1983,approx,0.100000,57.198277,1.000000,459,406,0.047008,0.056334,1
instances/k08_spiral_loose_s4.txt,8,spiral,loose,4,57.1983,approx,0.200000,57.198277,1.000000,137,364,0.031509,0.035088,1
instances/k08_spiral_tight_s0.txt,8,spiral,tight,0,76.6813,brute,0.000000,76.681270,1.000000,40320,0,0.333879,0.380760,1
instances/k08_spiral_tight_s0.txt,8,spiral,tight,0,76.6813,dp,0.000000,76.681270,1.000000,567,0,0.017874,0.022639,1
instances/k08_spiral_tight_s0.txt,8,spiral,tight,0,76.6813,dp_par,0.000000,76.681270,1.000000,567,0,0.027742,0.031964,1
instances/k08_spiral_tight_s0.txt,8,spiral,tight,0,76.6813,dp_prune,0.000000,76.681270,1.000000,26,53,0.010931,0.013345,1
instances/k08_spiral_tight_s0.txt,8,spiral,tight,0,76.6813,approx,0.000000,76.681270,1.000000,26,53,0.013866,0.016291,1
instances/k08_spiral_tight_s0.txt,8,spiral,tight,0,76.6813,approx,0.020000,76.681270,1.000000,26,53,0.013625,0.013720,1
instances/k08_spiral_tight_s0.txt,8,spiral,tight,0,76.6813,approx,0.050000,76.681270,1.000000,26,53,0.013124,0.013886,1
instances/k08_spiral_tight_s0.txt,8,spiral,tight,0,76.6813,approx,0.100000,76.681270,1.000000,26,53,0.013736,0.013902,1
instances/k08_spiral_tight_s0.txt,8,spiral,tight,0,76.6813,approx,0.200000,76.681270,1.000000,25,54,0.013736,0.024701,1
instances/k08_spiral_tight_s1.txt,8,spiral,tight,1,70.1399,brute,0.000000,70.139912,1.000000,40320,0,0.386919,0.421875,1
instances/k08_spiral_tight_s1.txt,8,spiral,tight,1,70.1399,dp,0.000000,70.139912,1.000000,680,0,0.014097,0.022142,1
instances/k08_spiral_tight_s1.txt,8,spiral,tight,1,70.1399,dp_par,0.000000,70.139912,1.000000,680,0,0.026560,0.040404,1
instances/k08_spiral_tight_s1.txt,8,spiral,tight,1,70.1399,dp_prune,0.000000,70.139912,1.000000,31,56,0.011351,0.014213,1
instances/k08_spiral_tight_s1.txt,8,spiral,tight,1,70.1399,approx,0.000000,70.139912,1.000000,31,56,0.016641,0.019128,1
instances/k08_spiral_tight_s1.txt,8,spiral,tight,1,70.1399,approx,0.020000,70.139912,1.000000,31,56,0.016391,0.022831,1
instances/k08_spiral_tight_s1.txt,8,spiral,tight,1,70.1399,approx,0.050000,70.139912,1.000000,31,56,0.016241,0.016327,1
instances/k08_spiral_tight_s1.txt,8,spiral,tight,1,70.1399,approx,0.100000,70.139912,1.000000,28,59,0.016191,0.016277,1
instances/k08_spiral_tight_s1.txt,8,spiral,tight,1,70.1399,approx,0.200000,70.139912,1.000000,16,56,0.015830,0.015904,1
instances/k08_spiral_tight_s2.txt,8,spiral,tight,2,80.4101,brute,0.000000,80.410136,1.000000,40320,0,0.405665,0.441318,1
instances/k08_spiral_tight_s2.txt,8,spiral,tight,2,80.4101,dp,0.000000,80.410136,1.000000,703,0,0.013987,0.020216,1
instances/k08_spiral_tight_s2.txt,8,spiral,tight,2,80.4101,dp_par,0.000000,80.410136,1.000000,703,0,0.029265,0.038781,1
instances/k08_spiral_tight_s2.txt,8,spiral,tight,2,80.4101,dp_prune,0.000000,80.410136,1.000000,24,59,0.011581,0.022186,1
instances/k08_spiral_tight_s2.txt,8,spiral,tight,2,80.4101,approx,0.000000,80.410136,1.000000,24,59,0.016982,0.019510,1
instances/k08_spiral_tight_s2.txt,8,spiral,tight,2,80.4101,approx,0.020000,80.410136,1.000000,24,59,0.016561,0.016647,1
instances/k08_spiral_tight_s2.txt,8,spiral,tight,2,80.4101,approx,0.050000,80.410136,1.000000,24,59,0.016682,0.026925,1
instances/k08_spiral_tight_s2.txt,8,spiral,tight,2,80.4101,approx,0.100000,80.597775,1.002334,23,60,0.016050,0.016090,1
instances/k08_spiral_tight_s2.txt,8,spiral,tight,2,80.4101,approx,0.200000,80.597775,1.002334,15,56,0.015679,0.015770,1
instances/k08_spiral_tight_s3.txt,8,spiral,tight,3,74.8171,brute,0.000000,74.817135,1.000000,40320,0,0.426263,0.447435,1
instances/k08_spiral_tight_s3.txt,8,spiral,tight,3,74.8171,dp,0.000000,74.817135,1.000000,663,0,0.014848,0.022138,1
instances/k08_spiral_tight_s3.txt,8,spiral,tight,3,74.8171,dp_par,0.000000,74.817135,1.000000,663,0,0.027672,0.031802,1
instances/k08_spiral_tight_s3.txt,8,spiral,tight,3,74.8171,dp_prune,0.000000,74.817135,1.000000,14,51,0.010310,0.012462,1
instances/k08_spiral_tight_s3.txt,8,spiral,tight,3,74.8171,approx,0.000000,74.817135,1.000000,14,51,0.013105,0.018631,1
instances/k08_spiral_tight_s3.txt,8,spiral,tight,3,74.8171,approx,0.020000,74.817135,1.000000,14,51,0.012874,0.012912,1
instances/k08_spiral_tight_s3.txt,8,spiral,tight,3,74.8171,approx,0.050000,74.817135,1.000000,14,51,0.012754,0.012830,1
instances/k08_spiral_tight_s3.txt,8,spiral,tight,3,74.8171,approx,0.100000,74.817135,1.000000,12,52,0.012724,0.012844,1
instances/k08_spiral_tight_s3.txt,8,spiral,tight,3,74.8171,approx,0.200000,74.817135,1.000000,9,47,0.012533,0.012615,1
instances/k08_spiral_tight_s4.txt,8,spiral,tight,4,84.621,brute,0.000000,84.621036,1.000000,40320,0,0.388612,0.428653,1
instances/k08_spiral_tight_s4.txt,8,spiral,tight,4,84.621,dp,0.000000,84.621036,1.000000,661,0,0.014037,0.032277,1
instances/k08_spiral_tight_s4.txt,8,spiral,tight,4,84.621,dp_par,0.000000,84.621036,1.000000,661,0,0.027281,0.031956,1
instances/k08_spiral_tight_s4.txt,8,spiral,tight,4,84.621,dp_prune,0.000000,84.621036,1.000000,11,30,0.010340,0.012251,1
instances/k08_spiral_tight_s4.txt,8,spiral,tight,4,84.621,approx,0.000000,84.621036,1.000000,11,30,0.015950,0.017944,1
instances/k08_spiral_tight_s4.txt,8,spiral,tight,4,84.621,approx,0.020000,84.621036,1.000000,11,30,0.015058,0.015215,1
instances/k08_spiral_tight_s4.txt,8,spiral,tight,4,84.621,approx,0.050000,84.621036,1.000000,11,30,0.015068,0.036816,1
instances/k08_spiral_tight_s4.txt,8,spiral,tight,4,84.621,approx,0.100000,84.621036,1.000000,10,31,0.015079,0.015147,1
instances/k08_spiral_tight_s4.txt,8,spiral,tight,4,84.621,approx,0.200000,84.621036,1.000000,6,30,0.015048,0.016842,1
instances/k08_sparse_loose_s0.txt,8,sparse,loose,0,154.8179,brute,0.000000,154.817857,1.000000,40320,0,0.671756,0.778654,1
instances/k08_sparse_loose_s0.txt,8,sparse,loose,0,154.8179,dp,0.000000,154.817857,1.000000,988,0,0.019526,0.037909,1
instances/k08_sparse_loose_s0.txt,8,sparse,loose,0,154.8179,dp_par,0.000000,154.817857,1.000000,988,0,0.027542,0.032589,1
instances/k08_sparse_loose_s0.txt,8,sparse,loose,0,154.8179,dp_prune,0.000000,154.817857,1.000000,615,289,0.053561,0.077777,1
instances/k08_sparse_loose_s0.txt,8,sparse,loose,0,154.8179,approx,0.000000,154.817857,1.000000,615,289,0.058160,0.082237,1
instances/k08_sparse_loose_s0.txt,8,sparse,loose,0,154.8179,approx,0.020000,154.817857,1.000000,594,310,0.047519,0.056913,1
instances/k08_sparse_loose_s0.txt,8,sparse,loose,0,154.8179,approx,0.050000,154.817857,1.000000,567,326,0.044013,0.044518,1
instances/k08_sparse_loose_s0.txt,8,sparse,loose,0,154.8179,approx,0.100000,154.817857,1.000000,475,305,0.039314,0.050808,1
instances/k08_sparse_loose_s0.txt,8,sparse,loose,0,154.8179,approx,0.200000,154.817857,1.000000,248,389,0.030577,0.034012,1
instances/k08_sparse_loose_s1.txt,8,sparse,loose,1,214.3954,brute,0.000000,214.395427,1.000000,40320,0,0.461470,0.489783,1
instances/k08_sparse_loose_s1.txt,8,sparse,loose,1,214.3954,dp,0.000000,214.395427,1.000000,864,0,0.016401,0.023207,1
instances/k08_sparse_loose_s1.txt,8,sparse,loose,1,214.3954,dp_par,0.000000,214.395427,1.000000,864,0,0.028473,0.044885,1
instances/k08_sparse_loose_s1.txt,8,sparse,loose,1,214.3954,dp_prune,0.000000,214.395427,1.000000,248,131,0.022462,0.029995,1
instances/k08_sparse_loose_s1.txt,8,sparse,loose,1,214.3954,approx,0.000000,214.395427,1.000000,245,134,0.032992,0.041274,1
instances/k08_sparse_loose_s1.txt,8,sparse,loose,1,214.3954,approx,0.020000,214.395427,1.000000,245,134,0.032291,0.032427,1
instances/k08_sparse_loose_s1.txt,8,sparse,loose,1,214.3954,approx,0.050000,214.395427,1.000000,238,141,0.031770,0.032664,1
instances/k08_sparse_loose_s1.txt,8,sparse,loose,1,214.3954,approx,0.100000,216.311104,1.008935,220,159,0.029636,0.040394,1
instances/k08_sparse_loose_s1.txt,8,sparse,loose,1,214.3954,approx,0.200000,219.825826,1.025329,118,201,0.025528,0.026362,1
instances/k08_sparse_loose_s2.txt,8,sparse,loose,2,174.5456,brute,0.000000,174.545645,1.000000,40320,0,0.505463,0.633359,1
instances/k08_sparse_loose_s2.txt,8,sparse,loose,2,174.5456,dp,0.000000,174.545645,1.000000,889,0,0.016641,0.024378,1
instances/k08_sparse_loose_s2.txt,8,sparse,loose,2,174.5456,dp_par,0.000000,174.545645,1.000000,889,0,0.026730,0.030644,1
instances/k08_sparse_loose_s2.txt,8,sparse,loose,2,174.5456,dp_prune,0.000000,174.545645,1.000000,313,149,0.024877,0.034273,1
instances/k08_sparse_loose_s2.txt,8,sparse,loose,2,174.5456,approx,0.000000,174.545645,1.000000,248,210,0.033333,0.041763,1
instances/k08_sparse_loose_s2.txt,8,sparse,loose,2,174.5456,approx,0.020000,174.545645,1.000000,209,236,0.029325,0.042137,1
instances/k08_sparse_loose_s2.txt,8,sparse,loose,2,174.5456,approx,0.050000,174.545645,1.000000,156,224,0.027051,0.027546,1
instances/k08_sparse_loose_s2.txt,8,sparse,loose,2,174.5456,approx,0.100000,174.545645,1.000000,101,185,0.024416,0.025083,1
instances/k08_sparse_loose_s2.txt,8,sparse,loose,2,174.5456,approx,0.200000,174.545645,1.000000,37,100,0.020709,0.021082,1
instances/k08_sparse_loose_s3.txt,8,sparse,loose,3,213.3813,brute,0.000000,213.381313,1.000000,40320,0,0.419420,0.456464,1
instances/k08_sparse_loose_s3.txt,8,sparse,loose,3,213.3813,dp,0.000000,213.381313,1.000000,750,0,0.015550,0.030989,1
instances/k08_sparse_loose_s3.txt,8,sparse,loose,3,213.3813,dp_par,0.000000,213.381313,1.000000,750,0,0.028654,0.031675,1
instances/k08_sparse_loose_s3.txt,8,sparse,loose,3,213.3813,dp_prune,0.000000,213.381313,1.000000,172,255,0.018746,0.024919,1
instances/k08_sparse_loose_s3.txt,8,sparse,loose,3,213.3813,approx,0.000000,213.381313,1.000000,172,255,0.022412,0.035605,1
instances/k08_sparse_loose_s3.txt,8,sparse,loose,3,213.3813,approx,0.020000,213.381313,1.000000,170,257,0.021710,0.021823,1
instances/k08_sparse_loose_s3.txt,8,sparse,loose,3,213.3813,approx,0.050000,213.381313,1.000000,169,258,0.021461,0.021549,1
instances/k08_sparse_loose_s3.txt,8,sparse,loose,3,213.3813,approx,0.100000,213.381313,1.000000,166,261,0.021300,0.021372,1
instances/k08_sparse_loose_s3.txt,8,sparse,loose,3,213.3813,approx,0.200000,220.659318,1.034108,157,264,0.021390,0.028492,1
instances/k08_sparse_loose_s4.txt,8,sparse,loose,4,178.3532,brute,0.000000,178.353210,1.000000,40320,0,0.436001,0.504356,1
instances/k08_sparse_loose_s4.txt,8,sparse,loose,4,178.3532,dp,0.000000,178.353210,1.000000,867,0,0.016310,0.024736,1
instances/k08_sparse_loose_s4.txt,8,sparse,loose,4,178.3532,dp_par,0.000000,178.353210,1.000000,867,0,0.028263,0.043141,1
instances/k08_sparse_loose_s4.txt,8,sparse,loose,4,178.3532,dp_prune,0.000000,178.353210,1.000000,215,148,0.020929,0.027542,1
instances/k08_sparse_loose_s4.txt,8,sparse,loose,4,178.3532,approx,0.000000,178.353210,1.000000,179,162,0.027802,0.034509,1
instances/k08_sparse_loose_s4.txt,8,sparse,loose,4,178.3532,approx,0.020000,178.353210,1.000000,159,163,0.026450,0.026662,1
instances/k08_sparse_loose_s4.txt,8,sparse,loose,4,178.3532,approx,0.050000,178.353210,1.000000,130,148,0.024947,0.025196,1
instances/k08_sparse_loose_s4.txt,8,sparse,loose,4,178.3532,approx,0.100000,178.353210,1.000000,76,113,0.022343,0.037202,1
instances/k08_sparse_loose_s4.txt,8,sparse,loose,4,178.3532,approx,0.200000,178.353210,1.000000,11,41,0.018345,0.018775,1
instances/k08_sparse_tight_s0.txt,8,sparse,tight,0,169.3907,brute,0.000000,169.390653,1.000000,40320,0,0.380678,0.411993,1
instances/k08_sparse_tight_s0.txt,8,sparse,tight,0,169.3907,dp,0.000000,169.390653,1.000000,697,0,0.014768,0.020623,1
instances/k08_sparse_tight_s0.txt,8,sparse,tight,0,169.3907,dp_par,0.000000,169.390653,1.000000,697,0,0.028534,0.047075,1
instances/k08_sparse_tight_s0.txt,8,sparse,tight,0,169.3907,dp_prune,0.000000,169.390653,1.000000,62,63,0.012614,0.015449,1
instances/k08_sparse_tight_s0.txt,8,sparse,tight,0,169.3907,approx,0.000000,169.390653,1.000000,61,64,0.023254,0.032834,1
instances/k08_sparse_tight_s0.txt,8,sparse,tight,0,169.3907,approx,0.020000,169.390653,1.000000,52,63,0.022653,0.022809,1
instances/k08_sparse_tight_s0.txt,8,sparse,tight,0,169.3907,approx,0.050000,169.390653,1.000000,50,65,0.022542,0.041983,1
instances/k08_sparse_tight_s0.txt,8,sparse,tight,0,169.3907,approx,0.100000,169.390653,1.000000,36,64,0.022042,0.022491,1
instances/k08_sparse_tight_s0.txt,8,sparse,tight,0,169.3907,approx,0.200000,169.390653,1.000000,16,52,0.021150,0.039336,1
instances/k08_sparse_tight_s1.txt,8,sparse,tight,1,262.8276,brute,0.000000,262.827553,1.000000,40320,0,0.339329,0.381814,1
instances/k08_sparse_tight_s1.txt,8,sparse,tight,1,262.8276,dp,0.000000,262.827553,1.000000,613,0,0.012754,0.018022,1
instances/k08_sparse_tight_s1.txt,8,sparse,tight,1,262.8276,dp_par,0.000000,262.827553,1.000000,613,0,0.030307,0.058218,1
instances/k08_sparse_tight_s1.txt,8,sparse,tight,1,262.8276,dp_prune,0.000000,262.827553,1.000000,10,37,0.010029,0.012169,1
instances/k08_sparse_tight_s1.txt,8,sparse,tight,1,262.8276,approx,0.000000,262.827553,1.000000,10,37,0.012834,0.014830,1
instances/k08_sparse_tight_s1.txt,8,sparse,tight,1,262.8276,approx,0.020000,262.827553,1.000000,10,37,0.012483,0.012518,1
instances/k08_sparse_tight_s1.txt,8,sparse,tight,1,262.8276,approx,0.050000,262.827553,1.000000,10,37,0.012464,0.012527,1
instances/k08_sparse_tight_s1.txt,8,sparse,tight,1,262.8276,approx,0.100000,262.827553,1.000000,8,38,0.012614,0.015624,1
instances/k08_sparse_tight_s1.txt,8,sparse,tight,1,262.8276,approx,0.200000,262.827553,1.000000,8,38,0.012534,0.012574,1
instances/k08_sparse_tight_s2.txt,8,sparse,tight,2,351.7513,brute,0.000000,351.751342,1.000000,40320,0,0.375558,0.415136,1
instances/k08_sparse_tight_s2.txt,8,sparse,tight,2,351.7513,dp,0.000000,351.751342,1.000000,698,0,0.014267,0.033304,1
instances/k08_sparse_tight_s2.txt,8,sparse,tight,2,351.7513,dp_par,0.000000,351.751342,1.000000,698,0,0.026850,0.031616,1
instances/k08_sparse_tight_s2.txt,8,sparse,tight,2,351.7513,dp_prune,0.000000,351.751342,1.000000,12,42,0.010280,0.012203,1
instances/k08_sparse_tight_s2.txt,8,sparse,tight,2,351.7513,approx,0.000000,351.751342,1.000000,12,42,0.012904,0.014847,1
instances/k08_sparse_tight_s2.txt,8,sparse,tight,2,351.7513,approx,0.020000,351.751342,1.000000,12,42,0.012563,0.012640,1
instances/k08_sparse_tight_s2.txt,8,sparse,tight,2,351.7513,approx,0.050000,351.751342,1.000000,12,42,0.012584,0.013247,1
instances/k08_sparse_tight_s2.txt,8,sparse,tight,2,351.7513,approx,0.100000,351.751342,1.000000,12,42,0.012684,0.012826,1
instances/k08_sparse_tight_s2.txt,8,sparse,tight,2,351.7513,approx,0.200000,351.751342,1.000000,9,42,0.012534,0.012588,1
instances/k08_sparse_tight_s3.txt,8,sparse,tight,3,352.8569,brute,0.000000,352.856864,1.000000,40320,0,0.392540,0.426055,1
instances/k08_sparse_tight_s3.txt,8,sparse,tight,3,352.8569,dp,0.000000,352.856864,1.000000,651,0,0.013846,0.019531,1
instances/k08_sparse_tight_s3.txt,8,sparse,tight,3,352.8569,dp_par,0.000000,352.856864,1.000000,651,0,0.027512,0.038749,1
instances/k08_sparse_tight_s3.txt,8,sparse,tight,3,352.8569,dp_prune,0.000000,352.856864,1.000000,10,36,0.009989,0.011892,1
instances/k08_sparse_tight_s3.txt,8,sparse,tight,3,352.8569,approx,0.000000,352.856864,1.000000,10,36,0.012493,0.014562,1
instances/k08_sparse_tight_s3.txt,8,sparse,tight,3,352.8569,approx,0.020000,352.856864,1.000000,10,36,0.012463,0.012530,1
instances/k08_sparse_tight_s3.txt,8,sparse,tight,3,352.8569,approx,0.050000,352.856864,1.000000,8,37,0.012344,0.012498,1
instances/k08_sparse_tight_s3.txt,8,sparse,tight,3,352.8569,approx,0.100000,352.856864,1.000000,8,37,0.012433,0.012502,1
instances/k08_sparse_tight_s3.txt,8,sparse,tight,3,352.8569,approx,0.200000,352.856864,1.000000,7,36,0.012544,0.025564,1
instances/k08_sparse_tight_s4.txt,8,sparse,tight,4,212.6258,brute,0.000000,212.625794,1.000000,40320,0,0.354618,0.420607,1
instances/k08_sparse_tight_s4.txt,8,sparse,tight,4,212.6258,dp,0.000000,212.625794,1.000000,649,0,0.013495,0.018591,1
instances/k08_sparse_tight_s4.txt,8,sparse,tight,4,212.6258,dp_par,0.000000,212.625794,1.000000,649,0,0.027772,0.030954,1
instances/k08_sparse_tight_s4.txt,8,sparse,tight,4,212.6258,dp_prune,0.000000,212.625794,1.000000,28,36,0.010890,0.013020,1
instances/k08_sparse_tight_s4.txt,8,sparse,tight,4,212.6258,approx,0.000000,212.625794,1.000000,26,38,0.019126,0.027920,1
instances/k08_sparse_tight_s4.txt,8,sparse,tight,4,212.6258,approx,0.020000,212.625794,1.000000,26,38,0.018865,0.018934,1
instances/k08_sparse_tight_s4.txt,8,sparse,tight,4,212.6258,approx,0.050000,212.625794,1.000000,26,38,0.018785,0.018841,1
instances/k08_sparse_tight_s4.txt,8,sparse,tight,4,212.6258,approx,0.100000,212.625794,1.000000,23,38,0.018735,0.018804,1
instances/k08_sparse_tight_s4.txt,8,sparse,tight,4,212.6258,approx,0.200000,212.625794,1.000000,20,40,0.018686,0.018928,1
instances/k10_uniform_loose_s0.txt,10,uniform,loose,0,78.0631,brute,0.000000,78.063070,1.000000,3628800,0,64.935507,68.393042,1
instances/k10_uniform_loose_s0.txt,10,uniform,loose,0,78.0631,dp,0.000000,78.063070,1.000000,5059,0,0.341253,0.382629,1
instances/k10_uniform_loose_s0.txt,10,uniform,loose,0,78.0631,dp_par,0.000000,78.063070,1.000000,5059,0,0.163749,0.246336,1
instances/k10_uniform_loose_s0.txt,10,uniform,loose,0,78.0631,dp_prune,0.000000,78.063070,1.000000,3963,943,0.578981,0.616047,1
instances/k10_uniform_loose_s0.txt,10,uniform,loose,0,78.0631,approx,0.000000,78.063070,1.000000,3643,1216,0.589881,0.642871,1
instances/k10_uniform_loose_s0.txt,10,uniform,loose,0,78.0631,approx,0.020000,78.063070,1.000000,3349,1439,0.532984,0.571056,1
instances/k10_uniform_loose_s0.txt,10,uniform,loose,0,78.0631,approx,0.050000,78.063070,1.000000,2851,1660,0.419370,0.462989,1
instances/k10_uniform_loose_s0.txt,10,uniform,loose,0,78.0631,approx,0.100000,78.063070,1.000000,1854,1798,0.311597,0.332959,1
instances/k10_uniform_loose_s0.txt,10,uniform,loose,0,78.0631,approx,0.200000,80.861989,1.035854,438,1218,0.144232,0.158088,1
instances/k10_uniform_loose_s1.txt,10,uniform,loose,1,68.6926,brute,0.000000,68.692619,1.000000,3628800,0,55.560941,58.763764,1
instances/k10_uniform_loose_s1.txt,10,uniform,loose,1,68.6926,dp,0.000000,68.692619,1.000000,4999,0,0.306287,0.333083,1
instances/k10_uniform_loose_s1.txt,10,uniform,loose,1,68.6926,dp_par,0.000000,68.692619,1.000000,4999,0,0.162496,0.207140,1
instances/k10_uniform_loose_s1.txt,10,uniform,loose,1,68.6926,dp_prune,0.000000,68.692619,1.000000,2778,1325,0.398831,0.437653,1
instances/k10_uniform_loose_s1.txt,10,uniform,loose,1,68.6926,approx,0.000000,68.692619,1.000000,1945,1530,0.354017,0.400817,1
instances/k10_uniform_loose_s1.txt,10,uniform,loose,1,68.6926,approx,0.020000,68.692619,1.000000,1582,1368,0.303642,0.317630,1
instances/k10_uniform_loose_s1.txt,10,uniform,loose,1,68.6926,approx,0.050000,68.692619,1.000000,1233,968,0.242186,0.254798,1
instances/k10_uniform_loose_s1.txt,10,uniform,loose,1,68.6926,approx,0.100000,68.692619,1.000000,1002,692,0.195859,0.211460,1
instances/k10_uniform_loose_s1.txt,10,uniform,loose,1,68.6926,approx,0.200000,68.692619,1.000000,417,745,0.132880,0.152990,1
instances/k10_uniform_loose_s2.txt,10,uniform,loose,2,76.4595,brute,0.000000,76.459467,1.000000,3628800,0,64.328784,65.061104,1
instances/k10_uniform_loose_s2.txt,10,uniform,loose,2,76.4595,dp,0.000000,76.459467,1.000000,4756,0,0.277653,0.301336,1
instances/k10_uniform_loose_s2.txt,10,uniform,loose,2,76.4595,dp_par,0.000000,76.459467,1.000000,4756,0,0.165191,0.207104,1
instances/k10_uniform_loose_s2.txt,10,uniform,loose,2,76.4595,dp_prune,0.000000,76.459467,1.000000,2272,1007,0.349749,0.395357,1
instances/k10_uniform_loose_s2.txt,10,uniform,loose,2,76.4595,approx,0.000000,76.459467,1.000000,2207,1057,0.375488,0.406089,1
instances/k10_uniform_loose_s2.txt,10,uniform,loose,2,76.4595,approx,0.020000,76.459467,1.000000,1987,1198,0.345781,0.369088,1
instances/k10_uniform_loose_s2.txt,10,uniform,loose,2,76.4595,approx,0.050000,76.459467,1.000000,1569,1340,0.304474,0.332769,1
instances/k10_uniform_loose_s2.txt,10,uniform,loose,2,76.4595,approx,0.100000,76.459467,1.000000,985,1185,0.240443,0.270113,1
instances/k10_uniform_loose_s2.txt,10,uniform,loose,2,76.4595,approx,0.200000,80.415970,1.051746,329,826,0.103985,0.129794,1
instances/k10_uniform_loose_s3.txt,10,uniform,loose,3,68.3211,brute,0.000000,68.321143,1.000001,3628800,0,34.023585,35.806587,1
instances/k10_uniform_loose_s3.txt,10,uniform,loose,3,68.3211,dp,0.000000,68.321143,1.000001,3726,0,0.234041,0.256563,1
instances/k10_uniform_loose_s3.txt,10,uniform,loose,3,68.3211,dp_par,0.000000,68.321143,1.000001,3726,0,0.146426,0.174789,1
instances/k10_uniform_loose_s3.txt,10,uniform,loose,3,68.3211,dp_prune,0.000000,68.321143,1.000001,463,57,0.089418,0.110382,1
instances/k10_uniform_loose_s3.txt,10,uniform,loose,3,68.3211,approx,0.000000,68.321143,1.000001,116,201,0.077827,0.099007,1
instances/k10_uniform_loose_s3.txt,10,uniform,loose,3,68.3211,approx,0.020000,68.321143,1.000001,72,148,0.059021,0.063409,1
instances/k10_uniform_loose_s3.txt,10,uniform,loose,3,68.3211,approx,0.050000,68.321143,1.000001,44,113,0.053481,0.066153,1
instances/k10_uniform_loose_s3.txt,10,uniform,loose,3,68.3211,approx,0.100000,68.321143,1.000001,20,97,0.051818,0.052417,1
instances/k10_uniform_loose_s3.txt,10,uniform,loose,3,68.3211,approx,0.200000,68.321143,1.000001,6,43,0.049553,0.051850,1
instances/k10_uniform_loose_s4.txt,10,uniform,loose,4,66.6641,brute,0.000000,66.664129,1.000000,3628800,0,44.043196,46.627459,1
instances/k10_uniform_loose_s4.txt,10,uniform,loose,4,66.6641,dp,0.000000,66.664129,1.000000,4254,0,0.254049,0.293309,1
instances/k10_uniform_loose_s4.txt,10,uniform,loose,4,66.6641,dp_par,0.000000,66.664129,1.000000,4254,0,0.126829,0.157002,1
instances/k10_uniform_loose_s4.txt,10,uniform,loose,4,66.6641,dp_prune,0.000000,66.664129,1.000000,861,480,0.128292,0.149895,1
instances/k10_uniform_loose_s4.txt,10,uniform,loose,4,66.6641,approx,0.000000,66.664129,1.000000,708,624,0.145865,0.163250,1
instances/k10_uniform_loose_s4.txt,10,uniform,loose,4,66.6641,approx,0.020000,66.664129,1.000000,636,687,0.125045,0.139367,1
instances/k10_uniform_loose_s4.txt,10,uniform,loose,4,66.6641,approx,0.050000,66.664129,1.000000,502,710,0.110228,0.126115,1
instances/k10_uniform_loose_s4.txt,10,uniform,loose,4,66.6641,approx,0.100000,66.664129,1.000000,300,556,0.085441,0.097476,1
instances/k10_uniform_loose_s4.txt,10,uniform,loose,4,66.6641,approx,0.200000,66.664129,1.000000,121,410,0.065113,0.072399,1
instances/k10_uniform_tight_s0.txt,10,uniform,tight,0,106.9349,brute,0.000000,106.934883,1.000000,3628800,0,30.114849,30.858384,1
instances/k10_uniform_tight_s0.txt,10,uniform,tight,0,106.9349,dp,0.000000,106.934883,1.000000,2508,0,0.188936,0.220654,1
instances/k10_uniform_tight_s0.txt,10,uniform,tight,0,106.9349,dp_par,0.000000,106.934883,1.000000,2508,0,0.166914,0.254071,1
instances/k10_uniform_tight_s0.txt,10,uniform,tight,0,106.9349,dp_prune,0.000000,106.934883,1.000000,10,45,0.055594,0.074328,1
instances/k10_uniform_tight_s0.txt,10,uniform,tight,0,106.9349,approx,0.000000,106.934883,1.000000,10,45,0.063620,0.086625,1
instances/k10_uniform_tight_s0.txt,10,uniform,tight,0,106.9349,approx,0.020000,106.934883,1.000000,10,45,0.051176,0.065283,1
instances/k10_uniform_tight_s0.txt,10,uniform,tight,0,106.9349,approx,0.050000,106.934883,1.000000,10,45,0.047931,0.048166,1
instances/k10_uniform_tight_s0.txt,10,uniform,tight,0,106.9349,approx,0.100000,106.934883,1.000000,10,45,0.046528,0.047051,1
instances/k10_uniform_tight_s0.txt,10,uniform,tight,0,106.9349,approx,0.200000,106.934883,1.000000,8,46,0.045235,0.058775,1
instances/k10_uniform_tight_s1.txt,10,uniform,tight,1,113.9893,brute,0.000000,113.989278,1.000000,3628800,0,32.686406,44.135248,1
instances/k10_uniform_tight_s1.txt,10,uniform,tight,1,113.9893,dp,0.000000,113.989278,1.000000,2892,0,0.220735,0.256199,1
instances/k10_uniform_tight_s1.txt,10,uniform,tight,1,113.9893,dp_par,0.000000,113.989278,1.000000,2892,0,0.143750,0.206044,1
instances/k10_uniform_tight_s1.txt,10,uniform,tight,1,113.9893,dp_prune,0.000000,113.989278,1.000000,15,51,0.055114,0.061167,1
instances/k10_uniform_tight_s1.txt,10,uniform,tight,1,113.9893,approx,0.000000,113.989278,1.000000,15,51,0.059633,0.074855,1
instances/k10_uniform_tight_s1.txt,10,uniform,tight,1,113.9893,approx,0.020000,113.989278,1.000000,15,51,0.049042,0.052074,1
instances/k10_uniform_tight_s1.txt,10,uniform,tight,1,113.9893,approx,0.050000,113.989278,1.000000,15,51,0.047239,0.055889,1
instances/k10_uniform_tight_s1.txt,10,uniform,tight,1,113.9893,approx,0.100000,113.989278,1.000000,13,52,0.045707,0.046744,1
instances/k10_uniform_tight_s1.txt,10,uniform,tight,1,113.9893,approx,0.200000,123.206598,1.080861,10,52,0.044153,0.054679,1
instances/k10_uniform_tight_s2.txt,10,uniform,tight,2,87.4648,brute,0.000000,87.464797,1.000000,3628800,0,36.410614,37.646811,1
instances/k10_uniform_tight_s2.txt,10,uniform,tight,2,87.4648,dp,0.000000,87.464797,1.000000,3449,0,0.250772,0.298895,1
instances/k10_uniform_tight_s2.txt,10,uniform,tight,2,87.4648,dp_par,0.000000,87.464797,1.000000,3449,0,0.163088,0.210857,1
instances/k10_uniform_tight_s2.txt,10,uniform,tight,2,87.4648,dp_prune,0.000000,87.464797,1.000000,28,77,0.050395,0.059238,1
instances/k10_uniform_tight_s2.txt,10,uniform,tight,2,87.4648,approx,0.000000,87.464797,1.000000,28,77,0.070623,0.085774,1
instances/k10_uniform_tight_s2.txt,10,uniform,tight,2,87.4648,approx,0.020000,87.464797,1.000000,28,77,0.056407,0.059951,1
instances/k10_uniform_tight_s2.txt,10,uniform,tight,2,87.4648,approx,0.050000,87.464797,1.000000,25,78,0.054703,0.057709,1
instances/k10_uniform_tight_s2.txt,10,uniform,tight,2,87.4648,approx,0.100000,87.464797,1.000000,16,80,0.055975,0.071002,1
instances/k10_uniform_tight_s2.txt,10,uniform,tight,2,87.4648,approx,0.200000,87.464797,1.000000,13,80,0.056015,0.056354,1
instances/k10_uniform_tight_s3.txt,10,uniform,tight,3,80.0852,brute,0.000000,80.085226,1.000000,3628800,0,36.885869,38.360211,1
instances/k10_uniform_tight_s3.txt,10,uniform,tight,3,80.0852,dp,0.000000,80.085226,1.000000,3377,0,0.198113,0.220928,1
instances/k10_uniform_tight_s3.txt,10,uniform,tight,3,80.0852,dp_par,0.000000,80.085226,1.000000,3377,0,0.151796,0.197390,1
instances/k10_uniform_tight_s3.txt,10,uniform,tight,3,80.0852,dp_prune,0.000000,80.085226,1.000000,40,115,0.053320,0.071014,1
instances/k10_uniform_tight_s3.txt,10,uniform,tight,3,80.0852,approx,0.000000,80.085226,1.000000,40,115,0.064542,0.074278,1
instances/k10_uniform_tight_s3.txt,10,uniform,tight,3,80.0852,approx,0.020000,80.085226,1.000000,40,115,0.054834,0.057282,1
instances/k10_uniform_tight_s3.txt,10,uniform,tight,3,80.0852,approx,0.050000,80.085226,1.000000,40,115,0.052139,0.062328,1
instances/k10_uniform_tight_s3.txt,10,uniform,tight,3,80.0852,approx,0.100000,80.462797,1.004715,33,116,0.051698,0.051908,1
instances/k10_uniform_tight_s3.txt,10,uniform,tight,3,80.0852,approx,0.200000,80.982610,1.011206,27,121,0.050476,0.050980,1
instances/k10_uniform_tight_s4.txt,10,uniform,tight,4,126.0282,brute,0.000000,126.028223,1.000000,3628800,0,31.269836,32.793876,1
instances/k10_uniform_tight_s4.txt,10,uniform,tight,4,126.0282,dp,0.000000,126.028223,1.000000,2803,0,0.192322,0.216762,1
instances/k10_uniform_tight_s4.txt,10,uniform,tight,4,126.0282,dp_par,0.000000,126.028223,1.000000,2803,0,0.168638,0.203684,1
instances/k10_uniform_tight_s4.txt,10,uniform,tight,4,126.0282,dp_prune,0.000000,126.028223,1.000000,23,74,0.048121,0.067131,1
instances/k10_uniform_tight_s4.txt,10,uniform,tight,4,126.0282,approx,0.000000,126.028223,1.000000,23,74,0.064872,0.079384,1
instances/k10_uniform_tight_s4.txt,10,uniform,tight,4,126.0282,approx,0.020000,126.028223,1.000000,22,75,0.054823,0.056751,1
instances/k10_uniform_tight_s4.txt,10,uniform,tight,4,126.0282,approx,0.050000,126.028223,1.000000,22,75,0.050395,0.051074,1
instances/k10_uniform_tight_s4.txt,10,uniform,tight,4,126.0282,approx,0.100000,126.049965,1.000173,18,75,0.050395,0.064073,1
instances/k10_uniform_tight_s4.txt,10,uniform,tight,4,126.0282,approx,0.200000,126.578074,1.004363,15,75,0.048902,0.049395,1
instances/k10_clustered_loose_s0.txt,10,clustered,loose,0,34.3283,brute,0.000000,34.328319,1.000001,3628800,0,63.058039,65.741950,1
instances/k10_clustered_loose_s0.txt,10,clustered,loose,0,34.3283,dp,0.000000,34.328319,1.000001,5120,0,0.290397,0.319855,1
instances/k10_clustered_loose_s0.txt,10,clustered,loose,0,34.3283,dp_par,0.000000,34.328319,1.000001,5120,0,0.156064,0.231127,1
instances/k10_clustered_loose_s0.txt,10,clustered,loose,0,34.3283,dp_prune,0.000000,34.328319,1.000001,2630,1305,0.401156,0.430213,1
instances/k10_clustered_loose_s0.txt,10,clustered,loose,0,34.3283,approx,0.000000,34.328319,1.000001,1746,1119,0.313691,0.349206,1
instances/k10_clustered_loose_s0.txt,10,clustered,loose,0,34.3283,approx,0.020000,34.328319,1.000001,1056,991,0.223611,0.240026,1
instances/k10_clustered_loose_s0.txt,10,clustered,loose,0,34.3283,approx,0.050000,34.328319,1.000001,549,770,0.151676,0.162617,1
instances/k10_clustered_loose_s0.txt,10,clustered,loose,0,34.3283,approx,0.100000,34.328319,1.000001,253,454,0.098305,0.104934,1
instances/k10_clustered_loose_s0.txt,10,clustered,loose,0,34.3283,approx,0.200000,34.328319,1.000001,224,342,0.080973,0.093550,1
instances/k10_clustered_loose_s1.txt,10,clustered,loose,1,38.818,brute,0.000000,38.817967,0.999999,3628800,0,51.002861,51.850310,1
instances/k10_clustered_loose_s1.txt,10,clustered,loose,1,38.818,dp,0.000000,38.817967,0.999999,4657,0,0.275159,0.320247,1
instances/k10_clustered_loose_s1.txt,10,clustered,loose,1,38.818,dp_par,0.000000,38.817967,0.999999,4657,0,0.153440,0.188529,1
instances/k10_clustered_loose_s1.txt,10,clustered,loose,1,38.818,dp_prune,0.000000,38.817967,0.999999,1681,1000,0.270570,0.292455,1
instances/k10_clustered_loose_s1.txt,10,clustered,loose,1,38.818,approx,0.000000,38.817967,0.999999,1192,1473,0.269959,0.293086,1
instances/k10_clustered_loose_s1.txt,10,clustered,loose,1,38.818,approx,0.020000,38.817967,0.999999,942,1592,0.242998,0.253465,1
instances/k10_clustered_loose_s1.txt,10,clustered,loose,1,38.818,approx,0.050000,38.817967,0.999999,598,1184,0.180180,0.197236,1
instances/k10_clustered_loose_s1.txt,10,clustered,loose,1,38.818,approx,0.100000,38.817967,0.999999,218,347,0.091342,0.110292,1
instances/k10_clustered_loose_s1.txt,10,clustered,loose,1,38.818,approx,0.200000,38.817967,0.999999,62,237,0.066465,0.072821,1
instances/k10_clustered_loose_s2.txt,10,clustered,loose,2,45.9245,brute,0.000000,45.924500,1.000000,3628800,0,78.614241,89.286144,1
instances/k10_clustered_loose_s2.txt,10,clustered,loose,2,45.9245,dp,0.000000,45.924500,1.000000,5120,0,0.414451,0.447130,1
instances/k10_clustered_loose_s2.txt,10,clustered,loose,2,45.9245,dp_par,0.000000,45.924500,1.000000,5120,0,0.150313,0.197278,1
instances/k10_clustered_loose_s2.txt,10,clustered,loose,2,45.9245,dp_prune,0.000000,45.924500,1.000000,4970,150,0.672868,0.715871,1
instances/k10_clustered_loose_s2.txt,10,clustered,loose,2,45.9245,approx,0.000000,45.924500,1.000000,3119,1402,0.408059,0.485192,1
instances/k10_clustered_loose_s2.txt,10,clustered,loose,2,45.9245,approx,0.020000,45.924500,1.000000,1518,1276,0.291720,0.309043,1
instances/k10_clustered_loose_s2.txt,10,clustered,loose,2,45.9245,approx,0.050000,45.924500,1.000000,398,673,0.128853,0.153493,1
instances/k10_clustered_loose_s2.txt,10,clustered,loose,2,45.9245,approx,0.100000,45.924500,1.000000,224,342,0.083066,0.100535,1
instances/k10_clustered_loose_s2.txt,10,clustered,loose,2,45.9245,approx,0.200000,45.924500,1.000000,224,342,0.050034,0.054463,1
instances/k10_clustered_loose_s3.txt,10,clustered,loose,3,47.9461,brute,0.000000,47.946085,1.000000,3628800,0,51.094695,60.270602,1
instances/k10_clustered_loose_s3.txt,10,clustered,loose,3,47.9461,dp,0.000000,47.946085,1.000000,5099,0,0.293893,0.329895,1
instances/k10_clustered_loose_s3.txt,10,clustered,loose,3,47.9461,dp_par,0.000000,47.946085,1.000000,5099,0,0.165763,0.215023,1
instances/k10_clustered_loose_s3.txt,10,clustered,loose,3,47.9461,dp_prune,0.000000,47.946085,1.000000,3615,1452,0.474034,0.514668,1
instances/k10_clustered_loose_s3.txt,10,clustered,loose,3,47.9461,approx,0.000000,47.946085,1.000000,3019,2048,0.464715,0.509159,1
instances/k10_clustered_loose_s3.txt,10,clustered,loose,3,47.9461,approx,0.020000,47.946085,1.000000,2902,2165,0.453815,0.488202,1
instances/k10_clustered_loose_s3.txt,10,clustered,loose,3,47.9461,approx,0.050000,47.946085,1.000000,2569,2201,0.374335,0.430303,1
instances/k10_clustered_loose_s3.txt,10,clustered,loose,3,47.9461,approx,0.100000,47.946085,1.000000,987,1357,0.177144,0.202051,1
instances/k10_clustered_loose_s3.txt,10,clustered,loose,3,47.9461,approx,0.200000,47.946085,1.000000,224,342,0.066646,0.075600,1
instances/k10_clustered_loose_s4.txt,10,clustered,loose,4,39.2072,brute,0.000000,39.207184,1.000000,3628800,0,61.522641,64.499691,1
instances/k10_clustered_loose_s4.txt,10,clustered,loose,4,39.2072,dp,0.000000,39.207184,1.000000,5119,0,0.292331,0.347687,1
instances/k10_clustered_loose_s4.txt,10,clustered,loose,4,39.2072,dp_par,0.000000,39.207184,1.000000,5119,0,0.169159,0.229839,1
instances/k10_clustered_loose_s4.txt,10,clustered,loose,4,39.2072,dp_prune,0.000000,39.207184,1.000000,2693,1119,0.416034,0.461648,1
instances/k10_clustered_loose_s4.txt,10,clustered,loose,4,39.2072,approx,0.000000,39.207184,1.000000,1996,1136,0.370899,0.403332,1
instances/k10_clustered_loose_s4.txt,10,clustered,loose,4,39.2072,approx,0.020000,39.207184,1.000000,1099,1824,0.283504,0.305347,1
instances/k10_clustered_loose_s4.txt,10,clustered,loose,4,39.2072,approx,0.050000,39.603657,1.010112,288,723,0.123984,0.142709,1
instances/k10_clustered_loose_s4.txt,10,clustered,loose,4,39.2072,approx,0.100000,39.603657,1.010112,38,216,0.067087,0.089367,1
instances/k10_clustered_loose_s4.txt,10,clustered,loose,4,39.2072,approx,0.200000,39.603657,1.010112,0,10,0.054513,0.076168,1
instances/k10_clustered_tight_s0.txt,10,clustered,tight,0,73.6906,brute,0.000000,73.690636,1.000000,3628800,0,36.429639,37.208895,1
instances/k10_clustered_tight_s0.txt,10,clustered,tight,0,73.6906,dp,0.000000,73.690636,1.000000,3154,0,0.197081,0.232089,1
instances/k10_clustered_tight_s0.txt,10,clustered,tight,0,73.6906,dp_par,0.000000,73.690636,1.000000,3154,0,0.147969,0.180871,1
instances/k10_clustered_tight_s0.txt,10,clustered,tight,0,73.6906,dp_prune,0.000000,73.690636,1.000000,137,218,0.059553,0.072196,1
instances/k10_clustered_tight_s0.txt,10,clustered,tight,0,73.6906,approx,0.000000,73.690636,1.000000,137,218,0.085841,0.107589,1
instances/k10_clustered_tight_s0.txt,10,clustered,tight,0,73.6906,approx,0.020000,73.690636,1.000000,137,218,0.069261,0.073963,1
instances/k10_clustered_tight_s0.txt,10,clustered,tight,0,73.6906,approx,0.050000,73.690636,1.000000,109,246,0.066084,0.079249,1
instances/k10_clustered_tight_s0.txt,10,clustered,tight,0,73.6906,approx,0.100000,73.690636,1.000000,109,246,0.065173,0.065496,1
instances/k10_clustered_tight_s0.txt,10,clustered,tight,0,73.6906,approx,0.200000,73.690636,1.000000,109,246,0.064081,0.064924,1
instances/k10_clustered_tight_s1.txt,10,clustered,tight,1,35.1304,brute,0.000000,35.130412,1.000000,3628800,0,35.470761,36.594105,1
instances/k10_clustered_tight_s1.txt,10,clustered,tight,1,35.1304,dp,0.000000,35.130412,1.000000,3481,0,0.207802,0.226334,1
instances/k10_clustered_tight_s1.txt,10,clustered,tight,1,35.1304,dp_par,0.000000,35.130412,1.000000,3481,0,0.162336,0.205095,1
instances/k10_clustered_tight_s1.txt,10,clustered,tight,1,35.1304,dp_prune,0.000000,35.130412,1.000000,83,213,0.056487,0.069046,1
instances/k10_clustered_tight_s1.txt,10,clustered,tight,1,35.1304,approx,0.000000,35.130412,1.000000,77,219,0.076134,0.086529,1
instances/k10_clustered_tight_s1.txt,10,clustered,tight,1,35.1304,approx,0.020000,35.130412,1.000000,77,219,0.062849,0.072006,1
instances/k10_clustered_tight_s1.txt,10,clustered,tight,1,35.1304,approx,0.050000,35.130412,1.000000,75,221,0.059652,0.060400,1
instances/k10_clustered_tight_s1.txt,10,clustered,tight,1,35.1304,approx,0.100000,38.112479,1.084886,59,217,0.057348,0.058260,1
instances/k10_clustered_tight_s1.txt,10,clustered,tight,1,35.1304,approx,0.200000,38.112479,1.084886,59,217,0.056968,0.068072,1
instances/k10_clustered_tight_s2.txt,10,clustered,tight,2,55.3994,brute,0.000000,55.399401,1.000000,3628800,0,33.820954,34.260147,1
instances/k10_clustered_tight_s2.txt,10,clustered,tight,2,55.3994,dp,0.000000,55.399401,1.000000,3444,0,0.212361,0.240810,1
instances/k10_clustered_tight_s2.txt,10,clustered,tight,2,55.3994,dp_par,0.000000,55.399401,1.000000,3444,0,0.149251,0.183219,1
instances/k10_clustered_tight_s2.txt,10,clustered,tight,2,55.3994,dp_prune,0.000000,55.399401,1.000000,134,161,0.062648,0.073623,1
instances/k10_clustered_tight_s2.txt,10,clustered,tight,2,55.3994,approx,0.000000,55.399401,1.000000,106,177,0.078227,0.099112,1
instances/k10_clustered_tight_s2.txt,10,clustered,tight,2,55.3994,approx,0.020000,55.399401,1.000000,83,194,0.065884,0.071286,1
instances/k10_clustered_tight_s2.txt,10,clustered,tight,2,55.3994,approx,0.050000,55.399401,1.000000,53,166,0.058500,0.059322,1
instances/k10_clustered_tight_s2.txt,10,clustered,tight,2,55.3994,approx,0.100000,55.399401,1.000000,42,154,0.057348,0.058027,1
instances/k10_clustered_tight_s2.txt,10,clustered,tight,2,55.3994,approx,0.200000,55.399401,1.000000,42,154,0.055885,0.057094,1
instances/k10_clustered_tight_s3.txt,10,clustered,tight,3,68.6424,brute,0.000000,68.642425,1.000000,3628800,0,34.779891,35.598712,1
instances/k10_clustered_tight_s3.txt,10,clustered,tight,3,68.6424,dp,0.000000,68.642425,1.000000,3262,0,0.202452,0.219935,1
instances/k10_clustered_tight_s3.txt,10,clustered,tight,3,68.6424,dp_par,0.000000,68.642425,1.000000,3262,0,0.147548,0.207673,1
instances/k10_clustered_tight_s3.txt,10,clustered,tight,3,68.6424,dp_prune,0.000000,68.642425,1.000000,32,144,0.052459,0.070461,1
instances/k10_clustered_tight_s3.txt,10,clustered,tight,3,68.6424,approx,0.000000,68.642425,1.000000,30,145,0.063570,0.071863,1
instances/k10_clustered_tight_s3.txt,10,clustered,tight,3,68.6424,approx,0.020000,68.642425,1.000000,27,145,0.055345,0.062852,1
instances/k10_clustered_tight_s3.txt,10,clustered,tight,3,68.6424,approx,0.050000,68.642425,1.000000,27,145,0.050846,0.058641,1
instances/k10_clustered_tight_s3.txt,10,clustered,tight,3,68.6424,approx,0.100000,68.642425,1.000000,27,145,0.050225,0.050399,1
instances/k10_clustered_tight_s3.txt,10,clustered,tight,3,68.6424,approx,0.200000,68.642425,1.000000,26,143,0.049614,0.049942,1
instances/k10_clustered_tight_s4.txt,10,clustered,tight,4,54.9076,brute,0.000000,54.907648,1.000001,3628800,0,38.059951,39.998901,1
instances/k10_clustered_tight_s4.txt,10,clustered,tight,4,54.9076,dp,0.000000,54.907648,1.000001,3670,0,0.226376,0.275449,1
instances/k10_clustered_tight_s4.txt,10,clustered,tight,4,54.9076,dp_par,0.000000,54.907648,1.000001,3670,0,0.152948,0.201137,1
instances/k10_clustered_tight_s4.txt,10,clustered,tight,4,54.9076,dp_prune,0.000000,54.907648,1.000001,140,313,0.064011,0.087176,1
instances/k10_clustered_tight_s4.txt,10,clustered,tight,4,54.9076,approx,0.000000,54.907648,1.000001,140,313,0.075382,0.087304,1
instances/k10_clustered_tight_s4.txt,10,clustered,tight,4,54.9076,approx,0.020000,54.907648,1.000001,140,313,0.056887,0.074621,1
instances/k10_clustered_tight_s4.txt,10,clustered,tight,4,54.9076,approx,0.050000,54.907648,1.000001,140,313,0.055655,0.056064,1
instances/k10_clustered_tight_s4.txt,10,clustered,tight,4,54.9076,approx,0.100000,54.907648,1.000001,140,313,0.054824,0.055086,1
instances/k10_clustered_tight_s4.txt,10,clustered,tight,4,54.9076,approx,0.200000,54.907648,1.000001,140,313,0.055204,0.060516,1
instances/k10_linear_loose_s0.txt,10,linear,loose,0,41.2731,brute,0.000000,41.273058,0.999999,3628800,0,73.378487,74.872506,1
instances/k10_linear_loose_s0.txt,10,linear,loose,0,41.2731,dp,0.000000,41.273058,0.999999,5120,0,0.278544,0.331771,1
instances/k10_linear_loose_s0.txt,10,linear,loose,0,41.2731,dp_par,0.000000,41.273058,0.999999,5120,0,0.133502,0.216302,1
instances/k10_linear_loose_s0.txt,10,linear,loose,0,41.2731,dp_prune,0.000000,41.273058,0.999999,4211,838,0.463133,0.498017,1
instances/k10_linear_loose_s0.txt,10,linear,loose,0,41.2731,approx,0.000000,41.273058,0.999999,3968,989,0.464125,0.503403,1
instances/k10_linear_loose_s0.txt,10,linear,loose,0,41.2731,approx,0.020000,41.273058,0.999999,3516,1203,0.474905,0.492695,1
instances/k10_linear_loose_s0.txt,10,linear,loose,0,41.2731,approx,0.050000,41.273058,0.999999,2818,1421,0.379495,0.405448,1
instances/k10_linear_loose_s0.txt,10,linear,loose,0,41.2731,approx,0.100000,41.273058,0.999999,1646,1447,0.259028,0.283737,1
instances/k10_linear_loose_s0.txt,10,linear,loose,0,41.2731,approx,0.200000,41.278447,1.000130,595,990,0.130947,0.148121,1
instances/k10_linear_loose_s1.txt,10,linear,loose,1,38.24,brute,0.000000,38.239966,0.999999,3628800,0,76.369873,79.972304,1
instances/k10_linear_loose_s1.txt,10,linear,loose,1,38.24,dp,0.000000,38.239966,0.999999,5120,0,0.293884,0.363713,1
instances/k10_linear_loose_s1.txt,10,linear,loose,1,38.24,dp_par,0.000000,38.239966,0.999999,5120,0,0.165011,0.183570,1
instances/k10_linear_loose_s1.txt,10,linear,loose,1,38.24,dp_prune,0.000000,38.239966,0.999999,4488,632,0.571577,0.640509,1
instances/k10_linear_loose_s1.txt,10,linear,loose,1,38.24,approx,0.000000,38.239966,0.999999,4203,917,0.601544,0.662100,1
instances/k10_linear_loose_s1.txt,10,linear,loose,1,38.24,approx,0.020000,38.239966,0.999999,3939,1181,0.565776,0.608256,1
instances/k10_linear_loose_s1.txt,10,linear,loose,1,38.24,approx,0.050000,38.239966,0.999999,3398,1663,0.463413,0.526860,1
instances/k10_linear_loose_s1.txt,10,linear,loose,1,38.24,approx,0.100000,38.239966,0.999999,2495,1903,0.367142,0.400789,1
instances/k10_linear_loose_s1.txt,10,linear,loose,1,38.24,approx,0.200000,38.309347,1.001813,1151,1614,0.217700,0.239672,1
instances/k10_linear_loose_s2.txt,10,linear,loose,2,44.4966,brute,0.000000,44.496590,1.000000,3628800,0,53.648276,55.254850,1
instances/k10_linear_loose_s2.txt,10,linear,loose,2,44.4966,dp,0.000000,44.496590,1.000000,4690,0,0.277002,0.307235,1
instances/k10_linear_loose_s2.txt,10,linear,loose,2,44.4966,dp_par,0.000000,44.496590,1.000000,4690,0,0.148890,0.180518,1
instances/k10_linear_loose_s2.txt,10,linear,loose,2,44.4966,dp_prune,0.000000,44.496590,1.000000,2180,689,0.307349,0.343477,1
instances/k10_linear_loose_s2.txt,10,linear,loose,2,44.4966,approx,0.000000,44.496590,1.000000,2133,726,0.336183,0.363956,1
instances/k10_linear_loose_s2.txt,10,linear,loose,2,44.4966,approx,0.020000,44.496590,1.000000,1982,793,0.314272,0.341101,1
instances/k10_linear_loose_s2.txt,10,linear,loose,2,44.4966,approx,0.050000,44.496590,1.000000,1712,892,0.299204,0.313190,1
instances/k10_linear_loose_s2.txt,10,linear,loose,2,44.4966,approx,0.100000,44.496668,1.000002,1309,1002,0.256162,0.271550,1
instances/k10_linear_loose_s2.txt,10,linear,loose,2,44.4966,approx,0.200000,44.496668,1.000002,749,998,0.183196,0.208954,1
instances/k10_linear_loose_s3.txt,10,linear,loose,3,51.4185,brute,0.000000,51.418529,1.000001,3628800,0,74.017842,74.600768,1
instances/k10_linear_loose_s3.txt,10,linear,loose,3,51.4185,dp,0.000000,51.418529,1.000001,5120,0,0.292801,0.360762,1
instances/k10_linear_loose_s3.txt,10,linear,loose,3,51.4185,dp_par,0.000000,51.418529,1.000001,5120,0,0.179458,0.196031,1
instances/k10_linear_loose_s3.txt,10,linear,loose,3,51.4185,dp_prune,0.000000,51.418529,1.000001,4348,750,0.569693,0.651311,1
instances/k10_linear_loose_s3.txt,10,linear,loose,3,51.4185,approx,0.000000,51.418529,1.000001,3842,1118,0.612715,0.684226,1
instances/k10_linear_loose_s3.txt,10,linear,loose,3,51.4185,approx,0.020000,51.418529,1.000001,3555,1255,0.540048,0.577550,1
instances/k10_linear_loose_s3.txt,10,linear,loose,3,51.4185,approx,0.050000,51.421820,1.000065,3084,1375,0.398490,0.423903,1
instances/k10_linear_loose_s3.txt,10,linear,loose,3,51.4185,approx,0.100000,51.421820,1.000065,2303,1408,0.322238,0.353811,1
instances/k10_linear_loose_s3.txt,10,linear,loose,3,51.4185,approx,0.200000,51.421820,1.000065,1255,1264,0.217239,0.234999,1
instances/k10_linear_loose_s4.txt,10,linear,loose,4,41.8814,brute,0.000000,41.881381,1.000000,3628800,0,69.345328,70.724612,1
instances/k10_linear_loose_s4.txt,10,linear,loose,4,41.8814,dp,0.000000,41.881381,1.000000,5120,0,0.292682,0.322259,1
instances/k10_linear_loose_s4.txt,10,linear,loose,4,41.8814,dp_par,0.000000,41.881381,1.000000,5120,0,0.160753,0.201173,1
instances/k10_linear_loose_s4.txt,10,linear,loose,4,41.8814,dp_prune,0.000000,41.881381,1.000000,4053,825,0.532994,0.583015,1
instances/k10_linear_loose_s4.txt,10,linear,loose,4,41.8814,approx,0.000000,41.881381,1.000000,3601,1022,0.533485,0.585810,1
instances/k10_linear_loose_s4.txt,10,linear,loose,4,41.8814,approx,0.020000,41.881381,1.000000,3162,1203,0.484553,0.528263,1
instances/k10_linear_loose_s4.txt,10,linear,loose,4,41.8814,approx,0.050000,41.881381,1.000000,2544,1296,0.342546,0.410928,1
instances/k10_linear_loose_s4.txt,10,linear,loose,4,41.8814,approx,0.100000,41.881381,1.000000,1701,1216,0.254470,0.269726,1
instances/k10_linear_loose_s4.txt,10,linear,loose,4,41.8814,approx,0.200000,41.881381,1.000000,891,946,0.164460,0.170990,1
instances/k10_linear_tight_s0.txt,10,linear,tight,0,48.8662,brute,0.000000,48.866190,1.000000,3628800,0,32.579654,33.471964,1
instances/k10_linear_tight_s0.txt,10,linear,tight,0,48.8662,dp,0.000000,48.866190,1.000000,3153,0,0.190309,0.219828,1
instances/k10_linear_tight_s0.txt,10,linear,tight,0,48.8662,dp_par,0.000000,48.866190,1.000000,3153,0,0.146446,0.213322,1
instances/k10_linear_tight_s0.txt,10,linear,tight,0,48.8662,dp_prune,0.000000,48.866190,1.000000,71,157,0.056527,0.076705,1
instances/k10_linear_tight_s0.txt,10,linear,tight,0,48.8662,approx,0.000000,48.866190,1.000000,71,157,0.073278,0.085255,1
instances/k10_linear_tight_s0.txt,10,linear,tight,0,48.8662,approx,0.020000,48.866190,1.000000,71,157,0.058490,0.066840,1
instances/k10_linear_tight_s0.txt,10,linear,tight,0,48.8662,approx,0.050000,48.866190,1.000000,71,157,0.054333,0.054875,1
instances/k10_linear_tight_s0.txt,10,linear,tight,0,48.8662,approx,0.100000,48.866190,1.000000,71,157,0.053781,0.053900,1
instances/k10_linear_tight_s0.txt,10,linear,tight,0,48.8662,approx,0.200000,48.866190,1.000000,71,157,0.053331,0.065049,1
instances/k10_linear_tight_s1.txt,10,linear,tight,1,67.9418,brute,0.000000,67.941806,1.000000,3628800,0,34.209435,34.790855,1
instances/k10_linear_tight_s1.txt,10,linear,tight,1,67.9418,dp,0.000000,67.941806,1.000000,2951,0,0.171513,0.203638,1
instances/k10_linear_tight_s1.txt,10,linear,tight,1,67.9418,dp_par,0.000000,67.941806,1.000000,2951,0,0.148169,0.209583,1
instances/k10_linear_tight_s1.txt,10,linear,tight,1,67.9418,dp_prune,0.000000,67.941806,1.000000,69,206,0.052268,0.065411,1
instances/k10_linear_tight_s1.txt,10,linear,tight,1,67.9418,approx,0.000000,67.941806,1.000000,69,206,0.059813,0.070050,1
instances/k10_linear_tight_s1.txt,10,linear,tight,1,67.9418,approx,0.020000,67.941806,1.000000,69,206,0.046899,0.064151,1
instances/k10_linear_tight_s1.txt,10,linear,tight,1,67.9418,approx,0.050000,67.941806,1.000000,69,206,0.045256,0.045560,1
instances/k10_linear_tight_s1.txt,10,linear,tight,1,67.9418,approx,0.100000,67.941806,1.000000,69,206,0.045135,0.045225,1
instances/k10_linear_tight_s1.txt,10,linear,tight,1,67.9418,approx,0.200000,67.941806,1.000000,69,206,0.044694,0.053379,1
instances/k10_linear_tight_s2.txt,10,linear,tight,2,53.2385,brute,0.000000,53.238521,1.000000,3628800,0,31.118301,32.870779,1
instances/k10_linear_tight_s2.txt,10,linear,tight,2,53.2385,dp,0.000000,53.238521,1.000000,2593,0,0.168718,0.195981,1
instances/k10_linear_tight_s2.txt,10,linear,tight,2,53.2385,dp_par,0.000000,53.238521,1.000000,2593,0,0.123663,0.180582,1
instances/k10_linear_tight_s2.txt,10,linear,tight,2,53.2385,dp_prune,0.000000,53.238521,1.000000,42,121,0.042801,0.052721,1
instances/k10_linear_tight_s2.txt,10,linear,tight,2,53.2385,approx,0.000000,53.238521,1.000000,42,121,0.052188,0.070421,1
instances/k10_linear_tight_s2.txt,10,linear,tight,2,53.2385,approx,0.020000,53.238521,1.000000,42,121,0.039395,0.043041,1
instances/k10_linear_tight_s2.txt,10,linear,tight,2,53.2385,approx,0.050000,53.238521,1.000000,42,121,0.036159,0.048155,1
instances/k10_linear_tight_s2.txt,10,linear,tight,2,53.2385,approx,0.100000,53.238521,1.000000,42,121,0.035527,0.038965,1
instances/k10_linear_tight_s2.txt,10,linear,tight,2,53.2385,approx,0.200000,53.238521,1.000000,42,121,0.035056,0.045323,1
instances/k10_linear_tight_s3.txt,10,linear,tight,3,51.2669,brute,0.000000,51.266859,0.999999,3628800,0,31.585080,32.148626,1
instances/k10_linear_tight_s3.txt,10,linear,tight,3,51.2669,dp,0.000000,51.266859,0.999999,3209,0,0.190980,0.215907,1
instances/k10_linear_tight_s3.txt,10,linear,tight,3,51.2669,dp_par,0.000000,51.266859,0.999999,3209,0,0.142599,0.198655,1
instances/k10_linear_tight_s3.txt,10,linear,tight,3,51.2669,dp_prune,0.000000,51.266859,0.999999,130,99,0.057619,0.081530,1
instances/k10_linear_tight_s3.txt,10,linear,tight,3,51.2669,approx,0.000000,51.266859,0.999999,130,99,0.073929,0.084317,1
instances/k10_linear_tight_s3.txt,10,linear,tight,3,51.2669,approx,0.020000,51.266859,0.999999,130,99,0.060504,0.067814,1
instances/k10_linear_tight_s3.txt,10,linear,tight,3,51.2669,approx,0.050000,51.266859,0.999999,130,99,0.056757,0.057549,1
instances/k10_linear_tight_s3.txt,10,linear,tight,3,51.2669,approx,0.100000,51.266859,0.999999,126,103,0.055875,0.066409,1
instances/k10_linear_tight_s3.txt,10,linear,tight,3,51.2669,approx,0.200000,51.320744,1.001050,93,128,0.054663,0.055062,1
instances/k10_linear_tight_s4.txt,10,linear,tight,4,64.9148,brute,0.000000,64.914765,0.999999,3628800,0,34.971952,36.353486,1
instances/k10_linear_tight_s4.txt,10,linear,tight,4,64.9148,dp,0.000000,64.914765,0.999999,3444,0,0.212350,0.254963,1
instances/k10_linear_tight_s4.txt,10,linear,tight,4,64.9148,dp_par,0.000000,64.914765,0.999999,3444,0,0.144934,0.185676,1
instances/k10_linear_tight_s4.txt,10,linear,tight,4,64.9148,dp_prune,0.000000,64.914765,0.999999,48,113,0.052969,0.068990,1
instances/k10_linear_tight_s4.txt,10,linear,tight,4,64.9148,approx,0.000000,64.914765,0.999999,48,113,0.068339,0.078318,1
instances/k10_linear_tight_s4.txt,10,linear,tight,4,64.9148,approx,0.020000,64.914765,0.999999,48,113,0.057759,0.060494,1
instances/k10_linear_tight_s4.txt,10,linear,tight,4,64.9148,approx,0.050000,64.914765,0.999999,48,113,0.055845,0.056374,1
instances/k10_linear_tight_s4.txt,10,linear,tight,4,64.9148,approx,0.100000,64.914765,0.999999,48,113,0.055224,0.055396,1
instances/k10_linear_tight_s4.txt,10,linear,tight,4,64.9148,approx,0.200000,64.914765,0.999999,46,115,0.054923,0.063432,1
instances/k10_spiral_loose_s0.txt,10,spiral,loose,0,66.1237,brute,0.000000,66.123714,1.000000,3628800,0,47.420229,49.460449,1
instances/k10_spiral_loose_s0.txt,10,spiral,loose,0,66.1237,dp,0.000000,66.123714,1.000000,4361,0,0.270731,0.312727,1
instances/k10_spiral_loose_s0.txt,10,spiral,loose,0,66.1237,dp_par,0.000000,66.123714,1.000000,4361,0,0.151055,0.194837,1
instances/k10_spiral_loose_s0.txt,10,spiral,loose,0,66.1237,dp_prune,0.000000,66.123714,1.000000,1557,948,0.240102,0.267754,1
instances/k10_spiral_loose_s0.txt,10,spiral,loose,0,66.1237,approx,0.000000,66.123714,1.000000,1557,948,0.267153,0.296681,1
instances/k10_spiral_loose_s0.txt,10,spiral,loose,0,66.1237,approx,0.020000,66.123714,1.000000,1557,948,0.257025,0.277726,1
instances/k10_spiral_loose_s0.txt,10,spiral,loose,0,66.1237,approx,0.050000,66.123714,1.000000,1556,949,0.267304,0.286600,1
instances/k10_spiral_loose_s0.txt,10,spiral,loose,0,66.1237,approx,0.100000,66.123714,1.000000,1543,962,0.262795,0.273866,1
instances/k10_spiral_loose_s0.txt,10,spiral,loose,0,66.1237,approx,0.200000,66.123714,1.000000,1337,1157,0.237999,0.260278,1
instances/k10_spiral_loose_s1.txt,10,spiral,loose,1,66.4878,brute,0.000000,66.487803,1.000000,3628800,0,64.304257,65.660651,1
instances/k10_spiral_loose_s1.txt,10,spiral,loose,1,66.4878,dp,0.000000,66.487803,1.000000,5089,0,0.308622,0.356666,1
instances/k10_spiral_loose_s1.txt,10,spiral,loose,1,66.4878,dp_par,0.000000,66.487803,1.000000,5089,0,0.163077,0.241768,1
instances/k10_spiral_loose_s1.txt,10,spiral,loose,1,66.4878,dp_prune,0.000000,66.487803,1.000000,4729,302,0.630889,0.653099,1
instances/k10_spiral_loose_s1.txt,10,spiral,loose,1,66.4878,approx,0.000000,66.487803,1.000000,4312,719,0.643703,0.661617,1
instances/k10_spiral_loose_s1.txt,10,spiral,loose,1,66.4878,approx,0.020000,66.487803,1.000000,4030,984,0.564423,0.621651,1
instances/k10_spiral_loose_s1.txt,10,spiral,loose,1,66.4878,approx,0.050000,66.487803,1.000000,3446,1485,0.450299,0.492676,1
instances/k10_spiral_loose_s1.txt,10,spiral,loose,1,66.4878,approx,0.100000,66.487803,1.000000,2207,2183,0.363986,0.414669,1
instances/k10_spiral_loose_s1.txt,10,spiral,loose,1,66.4878,approx,0.200000,66.487803,1.000000,456,1403,0.158539,0.181300,1
instances/k10_spiral_loose_s2.txt,10,spiral,loose,2,66.8472,brute,0.000000,66.847240,1.000001,3628800,0,67.195956,68.535548,1
instances/k10_spiral_loose_s2.txt,10,spiral,loose,2,66.8472,dp,0.000000,66.847240,1.000001,5069,0,0.320524,0.357335,1
instances/k10_spiral_loose_s2.txt,10,spiral,loose,2,66.8472,dp_par,0.000000,66.847240,1.000001,5069,0,0.172004,0.199901,1
instances/k10_spiral_loose_s2.txt,10,spiral,loose,2,66.8472,dp_prune,0.000000,66.847240,1.000001,4240,724,0.543454,0.586611,1
instances/k10_spiral_loose_s2.txt,10,spiral,loose,2,66.8472,approx,0.000000,66.847240,1.000001,4024,940,0.463293,0.597262,1
instances/k10_spiral_loose_s2.txt,10,spiral,loose,2,66.8472,approx,0.020000,66.847240,1.000001,3837,1100,0.443837,0.488777,1
instances/k10_spiral_loose_s2.txt,10,spiral,loose,2,66.8472,approx,0.050000,66.847240,1.000001,3401,1457,0.425131,0.472841,1
instances/k10_spiral_loose_s2.txt,10,spiral,loose,2,66.8472,approx,0.100000,66.847240,1.000001,2379,2026,0.362814,0.427229,1
instances/k10_spiral_loose_s2.txt,10,spiral,loose,2,66.8472,approx,0.200000,68.235546,1.020769,542,1529,0.188385,0.260409,1
instances/k10_spiral_loose_s3.txt,10,spiral,loose,3,65.5742,brute,0.000000,65.574176,1.000000,3628800,0,71.698712,72.649335,1
instances/k10_spiral_loose_s3.txt,10,spiral,loose,3,65.5742,dp,0.000000,65.574176,1.000000,5082,0,0.308091,0.361798,1
instances/k10_spiral_loose_s3.txt,10,spiral,loose,3,65.5742,dp_par,0.000000,65.574176,1.000000,5082,0,0.164149,0.215857,1
instances/k10_spiral_loose_s3.txt,10,spiral,loose,3,65.5742,dp_prune,0.000000,65.574176,1.000000,4632,369,0.591966,0.639056,1
instances/k10_spiral_loose_s3.txt,10,spiral,loose,3,65.5742,approx,0.000000,65.574176,1.000000,4629,372,0.653792,0.690836,1
instances/k10_spiral_loose_s3.txt,10,spiral,loose,3,65.5742,approx,0.020000,65.574176,1.000000,4619,382,0.616632,0.649081,1
instances/k10_spiral_loose_s3.txt,10,spiral,loose,3,65.5742,approx,0.050000,65.574176,1.000000,4572,429,0.504440,0.534501,1
instances/k10_spiral_loose_s3.txt,10,spiral,loose,3,65.5742,approx,0.100000,65.574176,1.000000,4274,722,0.476247,0.501439,1
instances/k10_spiral_loose_s3.txt,10,spiral,loose,3,65.5742,approx,0.200000,65.574176,1.000000,2522,1969,0.373774,0.417473,1
instances/k10_spiral_loose_s4.txt,10,spiral,loose,4,67.025,brute,0.000000,67.024977,1.000000,3628800,0,67.466676,70.464381,1
instances/k10_spiral_loose_s4.txt,10,spiral,loose,4,67.025,dp,0.000000,67.024977,1.000000,5106,0,0.346112,0.380583,1
instances/k10_spiral_loose_s4.txt,10,spiral,loose,4,67.025,dp_par,0.000000,67.024977,1.000000,5106,0,0.178045,0.212334,1
instances/k10_spiral_loose_s4.txt,10,spiral,loose,4,67.025,dp_prune,0.000000,67.024977,1.000000,4750,339,0.604799,0.687141,1
instances/k10_spiral_loose_s4.txt,10,spiral,loose,4,67.025,approx,0.000000,67.024977,1.000000,4500,589,0.655925,0.683255,1
instances/k10_spiral_loose_s4.txt,10,spiral,loose,4,67.025,approx,0.020000,67.024977,1.000000,4328,748,0.508518,0.616634,1
instances/k10_spiral_loose_s4.txt,10,spiral,loose,4,67.025,approx,0.050000,67.024977,1.000000,3868,1145,0.530560,0.579825,1
instances/k10_spiral_loose_s4.txt,10,spiral,loose,4,67.025,approx,0.100000,67.024977,1.000000,2746,1849,0.397729,0.427452,1
instances/k10_spiral_loose_s4.txt,10,spiral,loose,4,67.025,approx,0.200000,68.764935,1.025959,703,1715,0.196650,0.212050,1
instances/k10_spiral_tight_s0.txt,10,spiral,tight,0,93.6355,brute,0.000000,93.635533,1.000000,3628800,0,34.349520,35.366045,1
instances/k10_spiral_tight_s0.txt,10,spiral,tight,0,93.6355,dp,0.000000,93.635533,1.000000,3332,0,0.209415,0.248733,1
instances/k10_spiral_tight_s0.txt,10,spiral,tight,0,93.6355,dp_par,0.000000,93.635533,1.000000,3332,0,0.151826,0.203962,1
instances/k10_spiral_tight_s0.txt,10,spiral,tight,0,93.6355,dp_prune,0.000000,93.635533,1.000000,13,63,0.045055,0.062496,1
instances/k10_spiral_tight_s0.txt,10,spiral,tight,0,93.6355,approx,0.000000,93.635533,1.000000,13,63,0.057879,0.065421,1
instances/k10_spiral_tight_s0.txt,10,spiral,tight,0,93.6355,approx,0.020000,93.635533,1.000000,11,64,0.048992,0.059550,1
instances/k10_spiral_tight_s0.txt,10,spiral,tight,0,93.6355,approx,0.050000,93.635533,1.000000,11,64,0.045375,0.050852,1
instances/k10_spiral_tight_s0.txt,10,spiral,tight,0,93.6355,approx,0.100000,93.635533,1.000000,9,61,0.044454,0.045219,1
instances/k10_spiral_tight_s0.txt,10,spiral,tight,0,93.6355,approx,0.200000,93.635533,1.000000,8,58,0.044153,0.044377,1
instances/k10_spiral_tight_s1.txt,10,spiral,tight,1,85.1359,brute,0.000000,85.135887,1.000000,3628800,0,32.644205,34.185724,1
instances/k10_spiral_tight_s1.txt,10,spiral,tight,1,85.1359,dp,0.000000,85.135887,1.000000,3170,0,0.192583,0.215115,1
instances/k10_spiral_tight_s1.txt,10,spiral,tight,1,85.1359,dp_par,0.000000,85.135887,1.000000,3170,0,0.146606,0.190371,1
instances/k10_spiral_tight_s1.txt,10,spiral,tight,1,85.1359,dp_prune,0.000000,85.135887,1.000000,23,93,0.047279,0.066810,1
instances/k10_spiral_tight_s1.txt,10,spiral,tight,1,85.1359,approx,0.000000,85.135887,1.000000,23,93,0.059142,0.071387,1
instances/k10_spiral_tight_s1.txt,10,spiral,tight,1,85.1359,approx,0.020000,85.135887,1.000000,23,93,0.047700,0.050798,1
instances/k10_spiral_tight_s1.txt,10,spiral,tight,1,85.1359,approx,0.050000,85.135887,1.000000,23,93,0.045857,0.057593,1
instances/k10_spiral_tight_s1.txt,10,spiral,tight,1,85.1359,approx,0.100000,85.135887,1.000000,23,93,0.045406,0.045526,1
instances/k10_spiral_tight_s1.txt,10,spiral,tight,1,85.1359,approx,0.200000,85.135887,1.000000,23,93,0.045175,0.045696,1
instances/k10_spiral_tight_s2.txt,10,spiral,tight,2,84.8476,brute,0.000000,84.847566,1.000000,3628800,0,37.083362,37.908524,1
instances/k10_spiral_tight_s2.txt,10,spiral,tight,2,84.8476,dp,0.000000,84.847566,1.000000,3413,0,0.210818,0.242501,1
instances/k10_spiral_tight_s2.txt,10,spiral,tight,2,84.8476,dp_par,0.000000,84.847566,1.000000,3413,0,0.149672,0.218371,1
instances/k10_spiral_tight_s2.txt,10,spiral,tight,2,84.8476,dp_prune,0.000000,84.847566,1.000000,21,62,0.046999,0.058232,1
instances/k10_spiral_tight_s2.txt,10,spiral,tight,2,84.8476,approx,0.000000,84.847566,1.000000,21,62,0.062598,0.071132,1
instances/k10_spiral_tight_s2.txt,10,spiral,tight,2,84.8476,approx,0.020000,84.847566,1.000000,21,62,0.052359,0.064672,1
instances/k10_spiral_tight_s2.txt,10,spiral,tight,2,84.8476,approx,0.050000,84.847566,1.000000,21,62,0.049924,0.053899,1
instances/k10_spiral_tight_s2.txt,10,spiral,tight,2,84.8476,approx,0.100000,84.847566,1.000000,19,61,0.049524,0.049696,1
instances/k10_spiral_tight_s2.txt,10,spiral,tight,2,84.8476,approx,0.200000,92.958380,1.095592,13,60,0.048632,0.059983,1
instances/k10_spiral_tight_s3.txt,10,spiral,tight,3,83.0189,brute,0.000000,83.018866,1.000000,3628800,0,33.842433,34.853529,1
instances/k10_spiral_tight_s3.txt,10,spiral,tight,3,83.0189,dp,0.000000,83.018866,1.000000,2721,0,0.158559,0.200201,1
instances/k10_spiral_tight_s3.txt,10,spiral,tight,3,83.0189,dp_par,0.000000,83.018866,1.000000,2721,0,0.150264,0.182508,1
instances/k10_spiral_tight_s3.txt,10,spiral,tight,3,83.0189,dp_prune,0.000000,83.018866,1.000000,18,67,0.046227,0.057116,1
instances/k10_spiral_tight_s3.txt,10,spiral,tight,3,83.0189,approx,0.000000,83.018866,1.000000,18,67,0.060794,0.068226,1
instances/k10_spiral_tight_s3.txt,10,spiral,tight,3,83.0189,approx,0.020000,83.018866,1.000000,18,67,0.047529,0.050271,1
instances/k10_spiral_tight_s3.txt,10,spiral,tight,3,83.0189,approx,0.050000,83.018866,1.000000,18,67,0.045205,0.056809,1
instances/k10_spiral_tight_s3.txt,10,spiral,tight,3,83.0189,approx,0.100000,83.018866,1.000000,18,67,0.045356,0.045488,1
instances/k10_spiral_tight_s3.txt,10,spiral,tight,3,83.0189,approx,0.200000,83.018866,1.000000,17,68,0.044494,0.053409,1
instances/k10_spiral_tight_s4.txt,10,spiral,tight,4,86.1618,brute,0.000000,86.161806,1.000000,3628800,0,28.944114,30.152160,1
instances/k10_spiral_tight_s4.txt,10,spiral,tight,4,86.1618,dp,0.000000,86.161806,1.000000,1985,0,0.161474,0.187664,1
instances/k10_spiral_tight_s4.txt,10,spiral,tight,4,86.1618,dp_par,0.000000,86.161806,1.000000,1985,0,0.142489,0.198130,1
instances/k10_spiral_tight_s4.txt,10,spiral,tight,4,86.1618,dp_prune,0.000000,86.161806,1.000000,10,45,0.045165,0.063207,1
instances/k10_spiral_tight_s4.txt,10,spiral,tight,4,86.1618,approx,0.000000,86.161806,1.000000,10,45,0.057428,0.065016,1
instances/k10_spiral_tight_s4.txt,10,spiral,tight,4,86.1618,approx,0.020000,86.161806,1.000000,10,45,0.046568,0.049950,1
instances/k10_spiral_tight_s4.txt,10,spiral,tight,4,86.1618,approx,0.050000,86.161806,1.000000,10,45,0.043993,0.053747,1
instances/k10_spiral_tight_s4.txt,10,spiral,tight,4,86.1618,approx,0.100000,86.161806,1.000000,10,45,0.044013,0.044191,1
instances/k10_spiral_tight_s4.txt,10,spiral,tight,4,86.1618,approx,0.200000,86.161806,1.000000,10,45,0.043622,0.043816,1
instances/k10_sparse_loose_s0.txt,10,sparse,loose,0,143.0806,brute,0.000000,143.080589,1.000000,3628800,0,43.260442,44.387988,1
instances/k10_sparse_loose_s0.txt,10,sparse,loose,0,143.0806,dp,0.000000,143.080589,1.000000,4428,0,0.264468,0.297623,1
instances/k10_sparse_loose_s0.txt,10,sparse,loose,0,143.0806,dp_par,0.000000,143.080589,1.000000,4428,0,0.159761,0.207347,1
instances/k10_sparse_loose_s0.txt,10,sparse,loose,0,143.0806,dp_prune,0.000000,143.080589,1.000000,336,689,0.130456,0.149251,1
instances/k10_sparse_loose_s0.txt,10,sparse,loose,0,143.0806,approx,0.000000,143.080589,1.000000,336,689,0.115788,0.129484,1
instances/k10_sparse_loose_s0.txt,10,sparse,loose,0,143.0806,approx,0.020000,143.080589,1.000000,282,630,0.094818,0.107963,1
instances/k10_sparse_loose_s0.txt,10,sparse,loose,0,143.0806,approx,0.050000,143.080589,1.000000,229,588,0.078468,0.105273,1
instances/k10_sparse_loose_s0.txt,10,sparse,loose,0,143.0806,approx,0.100000,143.080589,1.000000,144,524,0.065483,0.069790,1
instances/k10_sparse_loose_s0.txt,10,sparse,loose,0,143.0806,approx,0.200000,143.080589,1.000000,89,434,0.060274,0.063646,1
instances/k10_sparse_loose_s1.txt,10,sparse,loose,1,208.6533,brute,0.000000,208.653260,1.000000,3628800,0,47.897630,50.267566,1
instances/k10_sparse_loose_s1.txt,10,sparse,loose,1,208.6533,dp,0.000000,208.653260,1.000000,4457,0,0.272663,0.310924,1
instances/k10_sparse_loose_s1.txt,10,sparse,loose,1,208.6533,dp_par,0.000000,208.653260,1.000000,4457,0,0.159401,0.221093,1
instances/k10_sparse_loose_s1.txt,10,sparse,loose,1,208.6533,dp_prune,0.000000,208.653260,1.000000,1835,1285,0.310715,0.354628,1
instances/k10_sparse_loose_s1.txt,10,sparse,loose,1,208.6533,approx,0.000000,208.653260,1.000000,1834,1286,0.327106,0.372566,1
instances/k10_sparse_loose_s1.txt,10,sparse,loose,1,208.6533,approx,0.020000,208.653260,1.000000,1831,1289,0.318009,0.344212,1
instances/k10_sparse_loose_s1.txt,10,sparse,loose,1,208.6533,approx,0.050000,208.653260,1.000000,1797,1321,0.312489,0.339424,1
instances/k10_sparse_loose_s1.txt,10,sparse,loose,1,208.6533,approx,0.100000,208.653260,1.000000,1672,1374,0.322768,0.343138,1
instances/k10_sparse_loose_s1.txt,10,sparse,loose,1,208.6533,approx,0.200000,214.723769,1.029094,1024,1347,0.200507,0.259901,1
instances/k10_sparse_loose_s2.txt,10,sparse,loose,2,191.4039,brute,0.000000,191.403936,1.000000,3628800,0,45.363865,46.819414,1
instances/k10_sparse_loose_s2.txt,10,sparse,loose,2,191.4039,dp,0.000000,191.403936,1.000000,4584,0,0.277323,0.308608,1
instances/k10_sparse_loose_s2.txt,10,sparse,loose,2,191.4039,dp_par,0.000000,191.403936,1.000000,4584,0,0.161204,0.202047,1
instances/k10_sparse_loose_s2.txt,10,sparse,loose,2,191.4039,dp_prune,0.000000,191.403936,1.000000,1620,659,0.234893,0.270388,1
instances/k10_sparse_loose_s2.txt,10,sparse,loose,2,191.4039,approx,0.000000,191.403936,1.000000,527,898,0.165702,0.190633,1
instances/k10_sparse_loose_s2.txt,10,sparse,loose,2,191.4039,approx,0.020000,191.403936,1.000000,373,716,0.124444,0.141064,1
instances/k10_sparse_loose_s2.txt,10,sparse,loose,2,191.4039,approx,0.050000,191.403936,1.000000,218,536,0.097804,0.117698,1
instances/k10_sparse_loose_s2.txt,10,sparse,loose,2,191.4039,approx,0.100000,191.403936,1.000000,72,276,0.070784,0.080945,1
instances/k10_sparse_loose_s2.txt,10,sparse,loose,2,191.4039,approx,0.200000,191.403936,1.000000,23,121,0.060654,0.064886,1
instances/k10_sparse_loose_s3.txt,10,sparse,loose,3,221.3211,brute,0.000000,221.321115,1.000000,3628800,0,42.032197,42.637956,1
instances/k10_sparse_loose_s3.txt,10,sparse,loose,3,221.3211,dp,0.000000,221.321115,1.000000,4367,0,0.271422,0.307550,1
instances/k10_sparse_loose_s3.txt,10,sparse,loose,3,221.3211,dp_par,0.000000,221.321115,1.000000,4367,0,0.149943,0.205413,1
instances/k10_sparse_loose_s3.txt,10,sparse,loose,3,221.3211,dp_prune,0.000000,221.321115,1.000000,1095,614,0.177624,0.204353,1
instances/k10_sparse_loose_s3.txt,10,sparse,loose,3,221.3211,approx,0.000000,221.321115,1.000000,803,857,0.178516,0.219508,1
instances/k10_sparse_loose_s3.txt,10,sparse,loose,3,221.3211,approx,0.020000,221.321115,1.000000,738,875,0.156976,0.181103,1
instances/k10_sparse_loose_s3.txt,10,sparse,loose,3,221.3211,approx,0.050000,221.321115,1.000000,597,920,0.138471,0.154179,1
instances/k10_sparse_loose_s3.txt,10,sparse,loose,3,221.3211,approx,0.100000,224.789994,1.015674,389,879,0.116049,0.136423,1
instances/k10_sparse_loose_s3.txt,10,sparse,loose,3,221.3211,approx,0.200000,224.789994,1.015674,116,429,0.073559,0.079764,1
instances/k10_sparse_loose_s4.txt,10,sparse,loose,4,135.0141,brute,0.000000,135.014070,1.000000,3628800,0,61.072817,62.114799,1
instances/k10_sparse_loose_s4.txt,10,sparse,loose,4,135.0141,dp,0.000000,135.014070,1.000000,4926,0,0.291239,0.331272,1
instances/k10_sparse_loose_s4.txt,10,sparse,loose,4,135.0141,dp_par,0.000000,135.014070,1.000000,4926,0,0.164981,0.209909,1
instances/k10_sparse_loose_s4.txt,10,sparse,loose,4,135.0141,dp_prune,0.000000,135.014070,1.000000,2820,1310,0.335803,0.371476,1
instances/k10_sparse_loose_s4.txt,10,sparse,loose,4,135.0141,approx,0.000000,135.014070,1.000000,2687,1428,0.336745,0.371342,1
instances/k10_sparse_loose_s4.txt,10,sparse,loose,4,135.0141,approx,0.020000,135.014070,1.000000,2507,1584,0.320654,0.344547,1
instances/k10_sparse_loose_s4.txt,10,sparse,loose,4,135.0141,approx,0.050000,135.014070,1.000000,2185,1765,0.303121,0.330725,1
instances/k10_sparse_loose_s4.txt,10,sparse,loose,4,135.0141,approx,0.100000,135.014070,1.000000,1411,1838,0.246605,0.281817,1
instances/k10_sparse_loose_s4.txt,10,sparse,loose,4,135.0141,approx,0.200000,135.014070,1.000000,397,892,0.109997,0.119094,1
instances/k10_sparse_tight_s0.txt,10,sparse,tight,0,328.6443,brute,0.000000,328.644347,1.000000,3628800,0,34.366732,43.850764,1
instances/k10_sparse_tight_s0.txt,10,sparse,tight,0,328.6443,dp,0.000000,328.644347,1.000000,3153,0,0.202411,0.226146,1
instances/k10_sparse_tight_s0.txt,10,sparse,tight,0,328.6443,dp_par,0.000000,328.644347,1.000000,3153,0,0.153098,0.177779,1
instances/k10_sparse_tight_s0.txt,10,sparse,tight,0,328.6443,dp_prune,0.000000,328.644347,1.000000,14,47,0.045536,0.056104,1
instances/k10_sparse_tight_s0.txt,10,sparse,tight,0,328.6443,approx,0.000000,328.644347,1.000000,14,47,0.059643,0.067097,1
instances/k10_sparse_tight_s0.txt,10,sparse,tight,0,328.6443,approx,0.020000,328.644347,1.000000,14,47,0.048101,0.060500,1
instances/k10_sparse_tight_s0.txt,10,sparse,tight,0,328.6443,approx,0.050000,328.644347,1.000000,14,47,0.044824,0.045418,1
instances/k10_sparse_tight_s0.txt,10,sparse,tight,0,328.6443,approx,0.100000,328.644347,1.000000,12,48,0.044443,0.044674,1
instances/k10_sparse_tight_s0.txt,10,sparse,tight,0,328.6443,approx,0.200000,328.644347,1.000000,11,47,0.044124,0.052900,1
instances/k10_sparse_tight_s1.txt,10,sparse,tight,1,435.6493,brute,0.000000,435.649278,1.000000,3628800,0,33.611138,41.566449,1
instances/k10_sparse_tight_s1.txt,10,sparse,tight,1,435.6493,dp,0.000000,435.649278,1.000000,3317,0,0.194046,0.208795,1
instances/k10_sparse_tight_s1.txt,10,sparse,tight,1,435.6493,dp_par,0.000000,435.649278,1.000000,3317,0,0.157066,0.182997,1
instances/k10_sparse_tight_s1.txt,10,sparse,tight,1,435.6493,dp_prune,0.000000,435.649278,1.000000,10,45,0.045526,0.064971,1
instances/k10_sparse_tight_s1.txt,10,sparse,tight,1,435.6493,approx,0.000000,435.649278,1.000000,10,45,0.057208,0.071791,1
instances/k10_sparse_tight_s1.txt,10,sparse,tight,1,435.6493,approx,0.020000,435.649278,1.000000,10,45,0.047029,0.050058,1
instances/k10_sparse_tight_s1.txt,10,sparse,tight,1,435.6493,approx,0.050000,435.649278,1.000000,10,45,0.044835,0.045223,1
instances/k10_sparse_tight_s1.txt,10,sparse,tight,1,435.6493,approx,0.100000,435.649278,1.000000,10,45,0.044334,0.050521,1
instances/k10_sparse_tight_s1.txt,10,sparse,tight,1,435.6493,approx,0.200000,435.649278,1.000000,8,46,0.043562,0.043763,1
instances/k10_sparse_tight_s2.txt,10,sparse,tight,2,211.2021,brute,0.000000,211.202051,1.000000,3628800,0,29.278964,30.955217,1
instances/k10_sparse_tight_s2.txt,10,sparse,tight,2,211.2021,dp,0.000000,211.202051,1.000000,2520,0,0.149932,0.183193,1
instances/k10_sparse_tight_s2.txt,10,sparse,tight,2,211.2021,dp_par,0.000000,211.202051,1.000000,2520,0,0.145704,0.195080,1
instances/k10_sparse_tight_s2.txt,10,sparse,tight,2,211.2021,dp_prune,0.000000,211.202051,1.000000,41,54,0.049283,0.080654,1
instances/k10_sparse_tight_s2.txt,10,sparse,tight,2,211.2021,approx,0.000000,211.202051,1.000000,41,54,0.063530,0.071491,1
instances/k10_sparse_tight_s2.txt,10,sparse,tight,2,211.2021,approx,0.020000,211.202051,1.000000,41,54,0.053621,0.063860,1
instances/k10_sparse_tight_s2.txt,10,sparse,tight,2,211.2021,approx,0.050000,211.202051,1.000000,41,54,0.050636,0.051202,1
instances/k10_sparse_tight_s2.txt,10,sparse,tight,2,211.2021,approx,0.100000,211.202051,1.000000,41,54,0.050104,0.050287,1
instances/k10_sparse_tight_s2.txt,10,sparse,tight,2,211.2021,approx,0.200000,211.202051,1.000000,41,54,0.049393,0.065213,1
instances/k10_sparse_tight_s3.txt,10,sparse,tight,3,298.3421,brute,0.000000,298.342064,1.000000,3628800,0,32.423089,33.851411,1
instances/k10_sparse_tight_s3.txt,10,sparse,tight,3,298.3421,dp,0.000000,298.342064,1.000000,2948,0,0.171393,0.200227,1
instances/k10_sparse_tight_s3.txt,10,sparse,tight,3,298.3421,dp_par,0.000000,298.342064,1.000000,2948,0,0.162877,0.191595,1
instances/k10_sparse_tight_s3.txt,10,sparse,tight,3,298.3421,dp_prune,0.000000,298.342064,1.000000,12,45,0.047349,0.055559,1
instances/k10_sparse_tight_s3.txt,10,sparse,tight,3,298.3421,approx,0.000000,298.342064,1.000000,10,45,0.048251,0.056294,1
instances/k10_sparse_tight_s3.txt,10,sparse,tight,3,298.3421,approx,0.020000,298.342064,1.000000,8,46,0.037330,0.040141,1
instances/k10_sparse_tight_s3.txt,10,sparse,tight,3,298.3421,approx,0.050000,298.342064,1.000000,7,45,0.033704,0.034377,1
instances/k10_sparse_tight_s3.txt,10,sparse,tight,3,298.3421,approx,0.100000,298.342064,1.000000,7,45,0.032811,0.040376,1
instances/k10_sparse_tight_s3.txt,10,sparse,tight,3,298.3421,approx,0.200000,298.342064,1.000000,6,43,0.032111,0.032469,1
instances/k10_sparse_tight_s4.txt,10,sparse,tight,4,271.1842,brute,0.000000,271.184216,1.000000,3628800,0,36.241154,37.095364,1
instances/k10_sparse_tight_s4.txt,10,sparse,tight,4,271.1842,dp,0.000000,271.184216,1.000000,3297,0,0.112001,0.126148,1
instances/k10_sparse_tight_s4.txt,10,sparse,tight,4,271.1842,dp_par,0.000000,271.184216,1.000000,3297,0,0.157006,0.222259,1
instances/k10_sparse_tight_s4.txt,10,sparse,tight,4,271.1842,dp_prune,0.000000,271.184216,1.000000,28,68,0.048581,0.063684,1
instances/k10_sparse_tight_s4.txt,10,sparse,tight,4,271.1842,approx,0.000000,271.184216,1.000000,28,68,0.065915,0.083864,1
instances/k10_sparse_tight_s4.txt,10,sparse,tight,4,271.1842,approx,0.020000,271.184216,1.000000,28,68,0.054002,0.055715,1
instances/k10_sparse_tight_s4.txt,10,sparse,tight,4,271.1842,approx,0.050000,271.184216,1.000000,27,69,0.050746,0.051171,1
instances/k10_sparse_tight_s4.txt,10,sparse,tight,4,271.1842,approx,0.100000,271.184216,1.000000,27,69,0.050275,0.059110,1
instances/k10_sparse_tight_s4.txt,10,sparse,tight,4,271.1842,approx,0.200000,312.267107,1.151494,16,71,0.048641,0.049477,1
instances/k12_uniform_loose_s0.txt,12,uniform,loose,0,67.8351,dp,0.000000,67.835077,1.000000,24576,0,1.615614,1.982676,1
instances/k12_uniform_loose_s0.txt,12,uniform,loose,0,67.8351,dp_par,0.000000,67.835077,1.000000,24576,0,0.813693,0.937212,1
instances/k12_uniform_loose_s0.txt,12,uniform,loose,0,67.8351,dp_prune,0.000000,67.835077,1.000000,20599,3977,2.904944,3.161039,1
instances/k12_uniform_loose_s0.txt,12,uniform,loose,0,67.8351,approx,0.000000,67.835077,1.000000,14324,9408,2.032981,2.534045,1
instances/k12_uniform_loose_s0.txt,12,uniform,loose,0,67.8351,approx,0.020000,67.835077,1.000000,11767,10127,2.347083,2.467674,1
instances/k12_uniform_loose_s0.txt,12,uniform,loose,0,67.8351,approx,0.050000,67.835077,1.000000,8549,8970,1.751350,1.790672,1
instances/k12_uniform_loose_s0.txt,12,uniform,loose,0,67.8351,approx,0.100000,67.835077,1.000000,5729,6166,1.239926,1.286733,1
instances/k12_uniform_loose_s0.txt,12,uniform,loose,0,67.8351,approx,0.200000,67.835077,1.000000,2045,5741,0.730487,0.761804,1
instances/k12_uniform_loose_s1.txt,12,uniform,loose,1,69.5628,dp,0.000000,69.562817,1.000000,23682,0,1.977366,2.097675,1
instances/k12_uniform_loose_s1.txt,12,uniform,loose,1,69.5628,dp_par,0.000000,69.562817,1.000000,23682,0,0.829593,0.897912,1
instances/k12_uniform_loose_s1.txt,12,uniform,loose,1,69.5628,dp_prune,0.000000,69.562817,1.000000,12655,7108,2.349558,2.566555,1
instances/k12_uniform_loose_s1.txt,12,uniform,loose,1,69.5628,approx,0.000000,69.562817,1.000000,7602,9431,1.683883,2.029667,1
instances/k12_uniform_loose_s1.txt,12,uniform,loose,1,69.5628,approx,0.020000,69.562817,1.000000,5654,8697,1.509935,1.622225,1
instances/k12_uniform_loose_s1.txt,12,uniform,loose,1,69.5628,approx,0.050000,69.562817,1.000000,3497,6533,1.033818,1.061133,1
instances/k12_uniform_loose_s1.txt,12,uniform,loose,1,69.5628,approx,0.100000,70.196492,1.009110,1506,3541,0.602365,0.633618,1
instances/k12_uniform_loose_s1.txt,12,uniform,loose,1,69.5628,approx,0.200000,70.196492,1.009110,235,943,0.306477,0.329423,1
instances/k12_uniform_loose_s2.txt,12,uniform,loose,2,62.1957,dp,0.000000,62.195717,1.000000,22679,0,1.783121,1.849271,1
instances/k12_uniform_loose_s2.txt,12,uniform,loose,2,62.1957,dp_par,0.000000,62.195717,1.000000,22679,0,0.799566,0.856201,1
instances/k12_uniform_loose_s2.txt,12,uniform,loose,2,62.1957,dp_prune,0.000000,62.195717,1.000000,7891,4609,1.678423,1.740698,1
instances/k12_uniform_loose_s2.txt,12,uniform,loose,2,62.1957,approx,0.000000,62.195717,1.000000,3758,5760,1.021365,1.083800,1
instances/k12_uniform_loose_s2.txt,12,uniform,loose,2,62.1957,approx,0.020000,62.195717,1.000000,2657,5176,0.833611,0.879654,1
instances/k12_uniform_loose_s2.txt,12,uniform,loose,2,62.1957,approx,0.050000,62.195717,1.000000,1464,3703,0.603918,0.654202,1
instances/k12_uniform_loose_s2.txt,12,uniform,loose,2,62.1957,approx,0.100000,63.504122,1.021037,568,2035,0.388432,0.446075,1
instances/k12_uniform_loose_s2.txt,12,uniform,loose,2,62.1957,approx,0.200000,63.504122,1.021037,57,397,0.267645,0.280747,1
instances/k12_uniform_loose_s3.txt,12,uniform,loose,3,77.6587,dp,0.000000,77.658706,1.000000,22839,0,1.742934,1.889518,1
instances/k12_uniform_loose_s3.txt,12,uniform,loose,3,77.6587,dp_par,0.000000,77.658706,1.000000,22839,0,0.815487,0.915197,1
instances/k12_uniform_loose_s3.txt,12,uniform,loose,3,77.6587,dp_prune,0.000000,77.658706,1.000000,12070,2001,1.941529,2.098447,1
instances/k12_uniform_loose_s3.txt,12,uniform,loose,3,77.6587,approx,0.000000,77.658706,1.000000,10046,3708,1.732845,1.775087,1
instances/k12_uniform_loose_s3.txt,12,uniform,loose,3,77.6587,approx,0.020000,77.658706,1.000000,9038,4344,1.612559,1.644419,1
instances/k12_uniform_loose_s3.txt,12,uniform,loose,3,77.6587,approx,0.050000,77.658706,1.000000,7125,5277,1.444071,1.468902,1
instances/k12_uniform_loose_s3.txt,12,uniform,loose,3,77.6587,approx,0.100000,79.214105,1.020029,4051,5693,1.102868,1.161028,1
instances/k12_uniform_loose_s3.txt,12,uniform,loose,3,77.6587,approx,0.200000,79.214105,1.020029,782,2933,0.488070,0.520505,1
instances/k12_uniform_loose_s4.txt,12,uniform,loose,4,69.1227,dp,0.000000,69.122728,1.000000,23435,0,1.762351,1.877636,1
instances/k12_uniform_loose_s4.txt,12,uniform,loose,4,69.1227,dp_par,0.000000,69.122728,1.000000,23435,0,0.877514,0.917170,1
instances/k12_uniform_loose_s4.txt,12,uniform,loose,4,69.1227,dp_prune,0.000000,69.122728,1.000000,12446,5821,1.917673,2.125730,1
instances/k12_uniform_loose_s4.txt,12,uniform,loose,4,69.1227,approx,0.000000,69.122728,1.000000,7839,8149,1.429564,1.499568,1
instances/k12_uniform_loose_s4.txt,12,uniform,loose,4,69.1227,approx,0.020000,69.122728,1.000000,6694,8047,1.307103,1.396916,1
instances/k12_uniform_loose_s4.txt,12,uniform,loose,4,69.1227,approx,0.050000,69.122728,1.000000,5162,7138,1.094512,1.142517,1
instances/k12_uniform_loose_s4.txt,12,uniform,loose,4,69.1227,approx,0.100000,69.122728,1.000000,3080,5403,0.837429,0.858738,1
instances/k12_uniform_loose_s4.txt,12,uniform,loose,4,69.1227,approx,0.200000,69.122728,1.000000,919,2479,0.431293,0.469932,1
instances/k12_uniform_tight_s0.txt,12,uniform,tight,0,87.6919,dp,0.000000,87.691872,1.000000,17917,0,1.517540,1.604155,1
instances/k12_uniform_tight_s0.txt,12,uniform,tight,0,87.6919,dp_par,0.000000,87.691872,1.000000,17917,0,0.860161,0.918889,1
instances/k12_uniform_tight_s0.txt,12,uniform,tight,0,87.6919,dp_prune,0.000000,87.691872,1.000000,531,659,0.361581,0.428361,1
instances/k12_uniform_tight_s0.txt,12,uniform,tight,0,87.6919,approx,0.000000,87.691872,1.000000,531,659,0.384895,0.421123,1
instances/k12_uniform_tight_s0.txt,12,uniform,tight,0,87.6919,approx,0.020000,87.691872,1.000000,531,659,0.382009,0.408305,1
instances/k12_uniform_tight_s0.txt,12,uniform,tight,0,87.6919,approx,0.050000,87.691872,1.000000,531,659,0.380076,0.410814,1
instances/k12_uniform_tight_s0.txt,12,uniform,tight,0,87.6919,approx,0.100000,87.691872,1.000000,531,659,0.318019,0.367302,1
instances/k12_uniform_tight_s0.txt,12,uniform,tight,0,87.6919,approx,0.200000,87.691872,1.000000,515,675,0.304855,0.351116,1
instances/k12_uniform_tight_s1.txt,12,uniform,tight,1,88.5969,dp,0.000000,88.596936,1.000000,15367,0,1.258021,1.342790,1
instances/k12_uniform_tight_s1.txt,12,uniform,tight,1,88.5969,dp_par,0.000000,88.596936,1.000000,15367,0,0.765613,0.831204,1
instances/k12_uniform_tight_s1.txt,12,uniform,tight,1,88.5969,dp_prune,0.000000,88.596936,1.000000,70,88,0.306447,0.335889,1
instances/k12_uniform_tight_s1.txt,12,uniform,tight,1,88.5969,approx,0.000000,88.596936,1.000000,69,89,0.328079,0.348418,1
instances/k12_uniform_tight_s1.txt,12,uniform,tight,1,88.5969,approx,0.020000,88.596936,1.000000,58,94,0.319803,0.344020,1
instances/k12_uniform_tight_s1.txt,12,uniform,tight,1,88.5969,approx,0.050000,88.596936,1.000000,43,98,0.319451,0.352121,1
instances/k12_uniform_tight_s1.txt,12,uniform,tight,1,88.5969,approx,0.100000,88.596936,1.000000,29,91,0.318801,0.346142,1
instances/k12_uniform_tight_s1.txt,12,uniform,tight,1,88.5969,approx,0.200000,88.596936,1.000000,11,77,0.254990,0.317100,1
instances/k12_uniform_tight_s2.txt,12,uniform,tight,2,120.9431,dp,0.000000,120.943112,1.000000,17441,0,1.444663,1.537954,1
instances/k12_uniform_tight_s2.txt,12,uniform,tight,2,120.9431,dp_par,0.000000,120.943112,1.000000,17441,0,0.841195,0.891855,1
instances/k12_uniform_tight_s2.txt,12,uniform,tight,2,120.9431,dp_prune,0.000000,120.943112,1.000000,207,420,0.327787,0.357213,1
instances/k12_uniform_tight_s2.txt,12,uniform,tight,2,120.9431,approx,0.000000,120.943112,1.000000,207,420,0.340592,0.374131,1
instances/k12_uniform_tight_s2.txt,12,uniform,tight,2,120.9431,approx,0.020000,120.943112,1.000000,207,420,0.336424,0.362409,1
instances/k12_uniform_tight_s2.txt,12,uniform,tight,2,120.9431,approx,0.050000,120.943112,1.000000,207,420,0.339900,0.361982,1
instances/k12_uniform_tight_s2.txt,12,uniform,tight,2,120.9431,approx,0.100000,120.943112,1.000000,207,420,0.335793,0.357684,1
instances/k12_uniform_tight_s2.txt,12,uniform,tight,2,120.9431,approx,0.200000,120.943112,1.000000,207,420,0.277563,0.315541,1
instances/k12_uniform_tight_s3.txt,12,uniform,tight,3,98.0755,dp,0.000000,98.075548,1.000000,14294,0,1.188449,1.279690,1
instances/k12_uniform_tight_s3.txt,12,uniform,tight,3,98.0755,dp_par,0.000000,98.075548,1.000000,14294,0,0.839392,0.911175,1
instances/k12_uniform_tight_s3.txt,12,uniform,tight,3,98.0755,dp_prune,0.000000,98.075548,1.000000,119,221,0.251584,0.281025,1
instances/k12_uniform_tight_s3.txt,12,uniform,tight,3,98.0755,approx,0.000000,98.075548,1.000000,119,221,0.268035,0.290269,1
instances/k12_uniform_tight_s3.txt,12,uniform,tight,3,98.0755,approx,0.020000,98.075548,1.000000,119,221,0.264639,0.336267,1
instances/k12_uniform_tight_s3.txt,12,uniform,tight,3,98.0755,approx,0.050000,98.075548,1.000000,119,221,0.325062,0.363078,1
instances/k12_uniform_tight_s3.txt,12,uniform,tight,3,98.0755,approx,0.100000,98.075548,1.000000,119,221,0.322918,0.347523,1
instances/k12_uniform_tight_s3.txt,12,uniform,tight,3,98.0755,approx,0.200000,98.075548,1.000000,119,221,0.277373,0.329878,1
instances/k12_uniform_tight_s4.txt,12,uniform,tight,4,146.077,dp,0.000000,146.076994,1.000000,16565,0,1.346096,1.476187,1
instances/k12_uniform_tight_s4.txt,12,uniform,tight,4,146.077,dp_par,0.000000,146.076994,1.000000,16565,0,0.850353,0.926901,1
instances/k12_uniform_tight_s4.txt,12,uniform,tight,4,146.077,dp_prune,0.000000,146.076994,1.000000,17,95,0.296990,0.329249,1
instances/k12_uniform_tight_s4.txt,12,uniform,tight,4,146.077,approx,0.000000,146.076994,1.000000,17,95,0.305225,0.331479,1
instances/k12_uniform_tight_s4.txt,12,uniform,tight,4,146.077,approx,0.020000,146.076994,1.000000,17,95,0.303171,0.330122,1
instances/k12_uniform_tight_s4.txt,12,uniform,tight,4,146.077,approx,0.050000,146.076994,1.000000,17,95,0.304814,0.340394,1
instances/k12_uniform_tight_s4.txt,12,uniform,tight,4,146.077,approx,0.100000,146.076994,1.000000,14,95,0.302360,0.322352,1
instances/k12_uniform_tight_s4.txt,12,uniform,tight,4,146.077,approx,0.200000,146.076994,1.000000,12,90,0.268376,0.308732,1
instances/k12_clustered_loose_s0.txt,12,clustered,loose,0,42.8567,dp,0.000000,42.856678,0.999999,24435,0,1.187297,1.854478,1
instances/k12_clustered_loose_s0.txt,12,clustered,loose,0,42.8567,dp_par,0.000000,42.856678,0.999999,24435,0,0.824544,0.899876,1
instances/k12_clustered_loose_s0.txt,12,clustered,loose,0,42.8567,dp_prune,0.000000,42.856678,0.999999,15680,7166,2.407466,2.753090,1
instances/k12_clustered_loose_s0.txt,12,clustered,loose,0,42.8567,approx,0.000000,42.856678,0.999999,14064,8777,2.421103,2.518468,1
instances/k12_clustered_loose_s0.txt,12,clustered,loose,0,42.8567,approx,0.020000,42.856678,0.999999,12879,9819,2.341032,2.405643,1
instances/k12_clustered_loose_s0.txt,12,clustered,loose,0,42.8567,approx,0.050000,42.856678,0.999999,10044,10950,2.078627,2.252737,1
instances/k12_clustered_loose_s0.txt,12,clustered,loose,0,42.8567,approx,0.100000,42.856678,0.999999,4522,8552,1.240859,1.268751,1
instances/k12_clustered_loose_s0.txt,12,clustered,loose,0,42.8567,approx,0.200000,42.856678,0.999999,909,1893,0.425041,0.520180,1
instances/k12_clustered_loose_s1.txt,12,clustered,loose,1,39.1757,dp,0.000000,39.175699,1.000000,24576,0,1.895121,1.998586,1
instances/k12_clustered_loose_s1.txt,12,clustered,loose,1,39.1757,dp_par,0.000000,39.175699,1.000000,24576,0,0.867505,0.887799,1
instances/k12_clustered_loose_s1.txt,12,clustered,loose,1,39.1757,dp_prune,0.000000,39.175699,1.000000,14584,9698,2.522583,2.810206,1
instances/k12_clustered_loose_s1.txt,12,clustered,loose,1,39.1757,approx,0.000000,39.175699,1.000000,8025,10901,1.942290,2.294793,1
instances/k12_clustered_loose_s1.txt,12,clustered,loose,1,39.1757,approx,0.020000,39.175699,1.000000,3571,6030,1.030872,1.052882,1
instances/k12_clustered_loose_s1.txt,12,clustered,loose,1,39.1757,approx,0.050000,39.175699,1.000000,603,1996,0.396528,0.428918,1
instances/k12_clustered_loose_s1.txt,12,clustered,loose,1,39.1757,approx,0.100000,39.175699,1.000000,34,212,0.272263,0.311850,1
instances/k12_clustered_loose_s1.txt,12,clustered,loose,1,39.1757,approx,0.200000,39.175699,1.000000,0,12,0.261593,0.313929,1
instances/k12_clustered_loose_s2.txt,12,clustered,loose,2,56.6435,dp,0.000000,56.643493,1.000000,24576,0,1.752983,1.891827,1
instances/k12_clustered_loose_s2.txt,12,clustered,loose,2,56.6435,dp_par,0.000000,56.643493,1.000000,24576,0,0.922979,0.960426,1
instances/k12_clustered_loose_s2.txt,12,clustered,loose,2,56.6435,dp_prune,0.000000,56.643493,1.000000,18327,6226,2.447572,2.761434,1
instances/k12_clustered_loose_s2.txt,12,clustered,loose,2,56.6435,approx,0.000000,56.643493,1.000000,15002,9545,2.330201,2.440694,1
instances/k12_clustered_loose_s2.txt,12,clustered,loose,2,56.6435,approx,0.020000,56.643493,1.000000,12689,11794,2.237146,2.479328,1
instances/k12_clustered_loose_s2.txt,12,clustered,loose,2,56.6435,approx,0.050000,56.643493,1.000000,6100,11135,1.393085,1.438314,1
instances/k12_clustered_loose_s2.txt,12,clustered,loose,2,56.6435,approx,0.100000,56.643493,1.000000,990,2292,0.435490,0.476462,1
instances/k12_clustered_loose_s2.txt,12,clustered,loose,2,56.6435,approx,0.200000,56.643493,1.000000,473,1168,0.348587,0.364962,1
instances/k12_clustered_loose_s3.txt,12,clustered,loose,3,47.0614,dp,0.000000,47.061381,1.000000,24576,0,1.866938,1.945775,1
instances/k12_clustered_loose_s3.txt,12,clustered,loose,3,47.0614,dp_par,0.000000,47.061381,1.000000,24576,0,0.849741,0.900006,1
instances/k12_clustered_loose_s3.txt,12,clustered,loose,3,47.0614,dp_prune,0.000000,47.061381,1.000000,15336,9240,2.565074,2.837962,1
instances/k12_clustered_loose_s3.txt,12,clustered,loose,3,47.0614,approx,0.000000,47.061381,1.000000,14637,9939,2.537572,2.659688,1
instances/k12_clustered_loose_s3.txt,12,clustered,loose,3,47.0614,approx,0.020000,47.061381,1.000000,10342,13283,2.135605,2.175997,1
instances/k12_clustered_loose_s3.txt,12,clustered,loose,3,47.0614,approx,0.050000,47.061381,1.000000,3595,8442,1.107777,1.171277,1
instances/k12_clustered_loose_s3.txt,12,clustered,loose,3,47.0614,approx,0.100000,47.061381,1.000000,1075,1246,0.405314,0.438853,1
instances/k12_clustered_loose_s3.txt,12,clustered,loose,3,47.0614,approx,0.200000,47.061381,1.000000,1056,1140,0.393542,0.416303,1
instances/k12_clustered_loose_s4.txt,12,clustered,loose,4,26.8759,dp,0.000000,26.875896,1.000000,24576,0,1.867900,1.944263,1
instances/k12_clustered_loose_s4.txt,12,clustered,loose,4,26.8759,dp_par,0.000000,26.875896,1.000000,24576,0,0.727081,0.815830,1
instances/k12_clustered_loose_s4.txt,12,clustered,loose,4,26.8759,dp_prune,0.000000,26.875896,1.000000,21348,3228,2.924140,3.007949,1
instances/k12_clustered_loose_s4.txt,12,clustered,loose,4,26.8759,approx,0.000000,26.875896,1.000000,18462,6114,2.830945,2.864648,1
instances/k12_clustered_loose_s4.txt,12,clustered,loose,4,26.8759,approx,0.020000,26.875896,1.000000,15562,8933,2.629926,2.737146,1
instances/k12_clustered_loose_s4.txt,12,clustered,loose,4,26.8759,approx,0.050000,26.935333,1.002211,10429,11665,2.227197,2.275241,1
instances/k12_clustered_loose_s4.txt,12,clustered,loose,4,26.8759,approx,0.100000,26.935333,1.002211,3430,6917,1.086297,1.215625,1
instances/k12_clustered_loose_s4.txt,12,clustered,loose,4,26.8759,approx,0.200000,26.935333,1.002211,181,845,0.290838,0.313070,1
instances/k12_clustered_tight_s0.txt,12,clustered,tight,0,73.7765,dp,0.000000,73.776450,0.999999,18903,0,1.531816,1.643499,1
instances/k12_clustered_tight_s0.txt,12,clustered,tight,0,73.7765,dp_par,0.000000,73.776450,0.999999,18903,0,0.831597,0.884603,1
instances/k12_clustered_tight_s0.txt,12,clustered,tight,0,73.7765,dp_prune,0.000000,73.776450,0.999999,232,809,0.335192,0.365655,1
instances/k12_clustered_tight_s0.txt,12,clustered,tight,0,73.7765,approx,0.000000,73.776450,0.999999,232,809,0.352635,0.394546,1
instances/k12_clustered_tight_s0.txt,12,clustered,tight,0,73.7765,approx,0.020000,73.776450,0.999999,232,809,0.348898,0.372470,1
instances/k12_clustered_tight_s0.txt,12,clustered,tight,0,73.7765,approx,0.050000,73.776450,0.999999,232,809,0.368835,0.388618,1
instances/k12_clustered_tight_s0.txt,12,clustered,tight,0,73.7765,approx,0.100000,74.560081,1.010621,212,812,0.338768,0.369492,1
instances/k12_clustered_tight_s0.txt,12,clustered,tight,0,73.7765,approx,0.200000,79.075198,1.071821,164,816,0.273145,0.298314,1
instances/k12_clustered_tight_s1.txt,12,clustered,tight,1,92.6883,dp,0.000000,92.688251,0.999999,14145,0,1.136221,1.294709,1
instances/k12_clustered_tight_s1.txt,12,clustered,tight,1,92.6883,dp_par,0.000000,92.688251,0.999999,14145,0,0.735777,0.793942,1
instances/k12_clustered_tight_s1.txt,12,clustered,tight,1,92.6883,dp_prune,0.000000,92.688251,0.999999,92,206,0.245393,0.279988,1
instances/k12_clustered_tight_s1.txt,12,clustered,tight,1,92.6883,approx,0.000000,92.688251,0.999999,48,221,0.254801,0.272500,1
instances/k12_clustered_tight_s1.txt,12,clustered,tight,1,92.6883,approx,0.020000,92.688251,0.999999,35,213,0.253268,0.264438,1
instances/k12_clustered_tight_s1.txt,12,clustered,tight,1,92.6883,approx,0.050000,92.688251,0.999999,35,213,0.251294,0.270049,1
instances/k12_clustered_tight_s1.txt,12,clustered,tight,1,92.6883,approx,0.100000,92.688251,0.999999,35,213,0.252285,0.266486,1
instances/k12_clustered_tight_s1.txt,12,clustered,tight,1,92.6883,approx,0.200000,92.688251,0.999999,30,197,0.249289,0.269576,1
instances/k12_clustered_tight_s2.txt,12,clustered,tight,2,76.0311,dp,0.000000,76.031150,1.000001,16387,0,1.355695,1.422609,1
instances/k12_clustered_tight_s2.txt,12,clustered,tight,2,76.0311,dp_par,0.000000,76.031150,1.000001,16387,0,0.758900,0.809375,1
instances/k12_clustered_tight_s2.txt,12,clustered,tight,2,76.0311,dp_prune,0.000000,76.031150,1.000001,46,106,0.304043,0.331170,1
instances/k12_clustered_tight_s2.txt,12,clustered,tight,2,76.0311,approx,0.000000,76.031150,1.000001,46,106,0.309693,0.337714,1
instances/k12_clustered_tight_s2.txt,12,clustered,tight,2,76.0311,approx,0.020000,76.031150,1.000001,46,106,0.320283,0.340692,1
instances/k12_clustered_tight_s2.txt,12,clustered,tight,2,76.0311,approx,0.050000,76.031150,1.000001,46,106,0.307099,0.334125,1
instances/k12_clustered_tight_s2.txt,12,clustered,tight,2,76.0311,approx,0.100000,76.031150,1.000001,46,106,0.306147,0.330395,1
instances/k12_clustered_tight_s2.txt,12,clustered,tight,2,76.0311,approx,0.200000,76.031150,1.000001,43,109,0.250662,0.317128,1
instances/k12_clustered_tight_s3.txt,12,clustered,tight,3,58.1379,dp,0.000000,58.137877,1.000000,17469,0,1.419334,1.518014,1
instances/k12_clustered_tight_s3.txt,12,clustered,tight,3,58.1379,dp_par,0.000000,58.137877,1.000000,17469,0,0.820696,0.855797,1
instances/k12_clustered_tight_s3.txt,12,clustered,tight,3,58.1379,dp_prune,0.000000,58.137877,1.000000,74,176,0.309293,0.328810,1
instances/k12_clustered_tight_s3.txt,12,clustered,tight,3,58.1379,approx,0.000000,58.137877,1.000000,72,178,0.335252,0.360533,1
instances/k12_clustered_tight_s3.txt,12,clustered,tight,3,58.1379,approx,0.020000,58.137877,1.000000,67,177,0.331294,0.353921,1
instances/k12_clustered_tight_s3.txt,12,clustered,tight,3,58.1379,approx,0.050000,58.137877,1.000000,67,177,0.328159,0.362369,1
instances/k12_clustered_tight_s3.txt,12,clustered,tight,3,58.1379,approx,0.100000,58.137877,1.000000,39,123,0.326225,0.353885,1
instances/k12_clustered_tight_s3.txt,12,clustered,tight,3,58.1379,approx,0.200000,58.137877,1.000000,15,99,0.261983,0.302332,1
instances/k12_clustered_tight_s4.txt,12,clustered,tight,4,63.8565,dp,0.000000,63.856516,1.000000,16899,0,0.741948,1.346898,1
instances/k12_clustered_tight_s4.txt,12,clustered,tight,4,63.8565,dp_par,0.000000,63.856516,1.000000,16899,0,0.810307,0.857372,1
instances/k12_clustered_tight_s4.txt,12,clustered,tight,4,63.8565,dp_prune,0.000000,63.856516,1.000000,196,247,0.315765,0.335544,1
instances/k12_clustered_tight_s4.txt,12,clustered,tight,4,63.8565,approx,0.000000,63.856516,1.000000,175,263,0.337155,0.367005,1
instances/k12_clustered_tight_s4.txt,12,clustered,tight,4,63.8565,approx,0.020000,63.856516,1.000000,161,275,0.335883,0.360135,1
instances/k12_clustered_tight_s4.txt,12,clustered,tight,4,63.8565,approx,0.050000,63.856516,1.000000,138,285,0.333578,0.369863,1
instances/k12_clustered_tight_s4.txt,12,clustered,tight,4,63.8565,approx,0.100000,63.856516,1.000000,129,287,0.330102,0.354224,1
instances/k12_clustered_tight_s4.txt,12,clustered,tight,4,63.8565,approx,0.200000,65.739943,1.029495,29,220,0.256874,0.296851,1
instances/k12_linear_loose_s0.txt,12,linear,loose,0,48.5913,dp,0.000000,48.591265,0.999999,22620,0,1.710167,1.837691,1
instances/k12_linear_loose_s0.txt,12,linear,loose,0,48.5913,dp_par,0.000000,48.591265,0.999999,22620,0,0.815867,0.852801,1
instances/k12_linear_loose_s0.txt,12,linear,loose,0,48.5913,dp_prune,0.000000,48.591265,0.999999,5919,6184,1.510517,1.555826,1
instances/k12_linear_loose_s0.txt,12,linear,loose,0,48.5913,approx,0.000000,48.591265,0.999999,5575,6470,1.307554,1.473311,1
instances/k12_linear_loose_s0.txt,12,linear,loose,0,48.5913,approx,0.020000,48.591265,0.999999,5166,6633,1.208257,1.279788,1
instances/k12_linear_loose_s0.txt,12,linear,loose,0,48.5913,approx,0.050000,48.591265,0.999999,4351,6311,1.090986,1.120125,1
instances/k12_linear_loose_s0.txt,12,linear,loose,0,48.5913,approx,0.100000,48.591265,0.999999,2753,4660,0.800428,0.820592,1
instances/k12_linear_loose_s0.txt,12,linear,loose,0,48.5913,approx,0.200000,48.591265,0.999999,876,1928,0.425772,0.471945,1
instances/k12_linear_loose_s1.txt,12,linear,loose,1,46.3342,dp,0.000000,46.334187,1.000000,24576,0,1.849976,1.949191,1
instances/k12_linear_loose_s1.txt,12,linear,loose,1,46.3342,dp_par,0.000000,46.334187,1.000000,24576,0,0.871192,0.922164,1
instances/k12_linear_loose_s1.txt,12,linear,loose,1,46.3342,dp_prune,0.000000,46.334187,1.000000,22170,2406,2.971780,3.287771,1
instances/k12_linear_loose_s1.txt,12,linear,loose,1,46.3342,approx,0.000000,46.334187,1.000000,20016,4496,2.940190,3.035424,1
instances/k12_linear_loose_s1.txt,12,linear,loose,1,46.3342,approx,0.020000,46.334187,1.000000,18451,5818,2.809014,2.858517,1
instances/k12_linear_loose_s1.txt,12,linear,loose,1,46.3342,approx,0.050000,46.334187,1.000000,15631,7584,2.583960,2.688639,1
instances/k12_linear_loose_s1.txt,12,linear,loose,1,46.3342,approx,0.100000,46.334187,1.000000,10386,9022,2.006821,2.041871,1
instances/k12_linear_loose_s1.txt,12,linear,loose,1,46.3342,approx,0.200000,46.347652,1.000290,3510,5887,0.951643,0.993480,1
instances/k12_linear_loose_s2.txt,12,linear,loose,2,46.5235,dp,0.000000,46.523450,0.999999,24576,0,1.780886,1.894478,1
instances/k12_linear_loose_s2.txt,12,linear,loose,2,46.5235,dp_par,0.000000,46.523450,0.999999,24576,0,0.869278,0.893417,1
instances/k12_linear_loose_s2.txt,12,linear,loose,2,46.5235,dp_prune,0.000000,46.523450,0.999999,18169,6125,2.630527,2.937900,1
instances/k12_linear_loose_s2.txt,12,linear,loose,2,46.5235,approx,0.000000,46.523450,0.999999,16492,7370,2.581575,2.644672,1
instances/k12_linear_loose_s2.txt,12,linear,loose,2,46.5235,approx,0.020000,46.523450,0.999999,14751,8194,2.412567,2.506842,1
instances/k12_linear_loose_s2.txt,12,linear,loose,2,46.5235,approx,0.050000,46.523450,0.999999,12248,8770,2.155122,2.211600,1
instances/k12_linear_loose_s2.txt,12,linear,loose,2,46.5235,approx,0.100000,46.523450,0.999999,8346,7842,1.680156,1.732491,1
instances/k12_linear_loose_s2.txt,12,linear,loose,2,46.5235,approx,0.200000,46.523450,0.999999,3405,5839,0.985237,1.159195,1
instances/k12_linear_loose_s3.txt,12,linear,loose,3,46.2701,dp,0.000000,46.270089,1.000000,24576,0,1.841630,1.944103,1
instances/k12_linear_loose_s3.txt,12,linear,loose,3,46.2701,dp_par,0.000000,46.270089,1.000000,24576,0,0.791311,0.878253,1
instances/k12_linear_loose_s3.txt,12,linear,loose,3,46.2701,dp_prune,0.000000,46.270089,1.000000,19617,4648,2.820875,3.123203,1
instances/k12_linear_loose_s3.txt,12,linear,loose,3,46.2701,approx,0.000000,46.270089,1.000000,18902,5152,3.296873,3.774777,1
instances/k12_linear_loose_s3.txt,12,linear,loose,3,46.2701,approx,0.020000,46.270089,1.000000,17158,6270,3.480930,3.550599,1
instances/k12_linear_loose_s3.txt,12,linear,loose,3,46.2701,approx,0.050000,46.270089,1.000000,14268,7632,3.109449,3.215622,1
instances/k12_linear_loose_s3.txt,12,linear,loose,3,46.2701,approx,0.100000,46.270089,1.000000,9430,8786,2.462169,2.590151,1
instances/k12_linear_loose_s3.txt,12,linear,loose,3,46.2701,approx,0.200000,46.282959,1.000278,3410,6410,1.296343,1.343219,1
instances/k12_linear_loose_s4.txt,12,linear,loose,4,45.2933,dp,0.000000,45.293309,1.000000,24576,0,2.257595,2.360406,1
instances/k12_linear_loose_s4.txt,12,linear,loose,4,45.2933,dp_par,0.000000,45.293309,1.000000,24576,0,0.807652,0.882617,1
instances/k12_linear_loose_s4.txt,12,linear,loose,4,45.2933,dp_prune,0.000000,45.293309,1.000000,24549,27,3.737654,3.847567,1
instances/k12_linear_loose_s4.txt,12,linear,loose,4,45.2933,approx,0.000000,45.293309,1.000000,18616,5950,2.842777,3.215504,1
instances/k12_linear_loose_s4.txt,12,linear,loose,4,45.2933,approx,0.020000,45.293309,1.000000,17371,7110,2.773276,3.057880,1
instances/k12_linear_loose_s4.txt,12,linear,loose,4,45.2933,approx,0.050000,45.293309,1.000000,15441,8190,3.145798,3.339547,1
instances/k12_linear_loose_s4.txt,12,linear,loose,4,45.2933,approx,0.100000,45.293309,1.000000,11278,8326,2.729644,2.914101,1
instances/k12_linear_loose_s4.txt,12,linear,loose,4,45.2933,approx,0.200000,45.293309,1.000000,5096,5774,1.557716,1.624792,1
instances/k12_linear_tight_s0.txt,12,linear,tight,0,71.8742,dp,0.000000,71.874154,0.999999,18837,0,1.941218,2.080180,1
instances/k12_linear_tight_s0.txt,12,linear,tight,0,71.8742,dp_par,0.000000,71.874154,0.999999,18837,0,0.870780,0.965788,1
instances/k12_linear_tight_s0.txt,12,linear,tight,0,71.8742,dp_prune,0.000000,71.874154,0.999999,539,516,0.413359,0.465501,1
instances/k12_linear_tight_s0.txt,12,linear,tight,0,71.8742,approx,0.000000,71.874154,0.999999,471,584,0.409221,0.452158,1
instances/k12_linear_tight_s0.txt,12,linear,tight,0,71.8742,approx,0.020000,71.874154,0.999999,444,611,0.409061,0.435015,1
instances/k12_linear_tight_s0.txt,12,linear,tight,0,71.8742,approx,0.050000,71.874154,0.999999,441,614,0.405534,0.437707,1
instances/k12_linear_tight_s0.txt,12,linear,tight,0,71.8742,approx,0.100000,71.874154,0.999999,383,552,0.397789,0.426259,1
instances/k12_linear_tight_s0.txt,12,linear,tight,0,71.8742,approx,0.200000,71.874154,0.999999,182,599,0.378183,0.407662,1
instances/k12_linear_tight_s1.txt,12,linear,tight,1,109.2794,dp,0.000000,109.279433,1.000000,10066,0,0.873096,1.002640,1
instances/k12_linear_tight_s1.txt,12,linear,tight,1,109.2794,dp_par,0.000000,109.279433,1.000000,10066,0,0.836406,0.968501,1
instances/k12_linear_tight_s1.txt,12,linear,tight,1,109.2794,dp_prune,0.000000,109.279433,1.000000,37,167,0.310515,0.343836,1
instances/k12_linear_tight_s1.txt,12,linear,tight,1,109.2794,approx,0.000000,109.279433,1.000000,37,167,0.331795,0.361289,1
instances/k12_linear_tight_s1.txt,12,linear,tight,1,109.2794,approx,0.020000,109.279433,1.000000,37,167,0.345812,0.370855,1
instances/k12_linear_tight_s1.txt,12,linear,tight,1,109.2794,approx,0.050000,109.279433,1.000000,37,167,0.319522,0.362240,1
instances/k12_linear_tight_s1.txt,12,linear,tight,1,109.2794,approx,0.100000,109.279433,1.000000,35,168,0.316677,0.337592,1
instances/k12_linear_tight_s1.txt,12,linear,tight,1,109.2794,approx,0.200000,109.279433,1.000000,35,168,0.276711,0.325575,1
instances/k12_linear_tight_s2.txt,12,linear,tight,2,90.3825,dp,0.000000,90.382512,1.000000,17337,0,1.446907,1.559802,1
instances/k12_linear_tight_s2.txt,12,linear,tight,2,90.3825,dp_par,0.000000,90.382512,1.000000,17337,0,0.810958,0.886460,1
instances/k12_linear_tight_s2.txt,12,linear,tight,2,90.3825,dp_prune,0.000000,90.382512,1.000000,131,191,0.313070,0.343728,1
instances/k12_linear_tight_s2.txt,12,linear,tight,2,90.3825,approx,0.000000,90.382512,1.000000,130,192,0.342426,0.372658,1
instances/k12_linear_tight_s2.txt,12,linear,tight,2,90.3825,approx,0.020000,90.382512,1.000000,125,197,0.326936,0.349058,1
instances/k12_linear_tight_s2.txt,12,linear,tight,2,90.3825,approx,0.050000,90.382512,1.000000,106,214,0.325783,0.352336,1
instances/k12_linear_tight_s2.txt,12,linear,tight,2,90.3825,approx,0.100000,90.382512,1.000000,89,223,0.316366,0.355146,1
instances/k12_linear_tight_s2.txt,12,linear,tight,2,90.3825,approx,0.200000,90.382512,1.000000,80,221,0.272934,0.304417,1
instances/k12_linear_tight_s3.txt,12,linear,tight,3,61.3711,dp,0.000000,61.371119,1.000000,14377,0,1.172009,1.432748,1
instances/k12_linear_tight_s3.txt,12,linear,tight,3,61.3711,dp_par,0.000000,61.371119,1.000000,14377,0,0.746948,0.814207,1
instances/k12_linear_tight_s3.txt,12,linear,tight,3,61.3711,dp_prune,0.000000,61.371119,1.000000,94,296,0.301038,0.337065,1
instances/k12_linear_tight_s3.txt,12,linear,tight,3,61.3711,approx,0.000000,61.371119,1.000000,94,296,0.304093,0.333485,1
instances/k12_linear_tight_s3.txt,12,linear,tight,3,61.3711,approx,0.020000,61.371119,1.000000,94,296,0.303542,0.327938,1
instances/k12_linear_tight_s3.txt,12,linear,tight,3,61.3711,approx,0.050000,61.371119,1.000000,94,296,0.301518,0.327487,1
instances/k12_linear_tight_s3.txt,12,linear,tight,3,61.3711,approx,0.100000,61.371119,1.000000,94,296,0.301739,0.329447,1
instances/k12_linear_tight_s3.txt,12,linear,tight,3,61.3711,approx,0.200000,61.371119,1.000000,94,296,0.301077,0.328419,1
instances/k12_linear_tight_s4.txt,12,linear,tight,4,66.6144,dp,0.000000,66.614382,1.000000,12882,0,1.041273,1.159457,1
instances/k12_linear_tight_s4.txt,12,linear,tight,4,66.6144,dp_par,0.000000,66.614382,1.000000,12882,0,0.765513,0.828978,1
instances/k12_linear_tight_s4.txt,12,linear,tight,4,66.6144,dp_prune,0.000000,66.614382,1.000000,100,304,0.309843,0.345345,1
instances/k12_linear_tight_s4.txt,12,linear,tight,4,66.6144,approx,0.000000,66.614382,1.000000,100,304,0.336294,0.368286,1
instances/k12_linear_tight_s4.txt,12,linear,tight,4,66.6144,approx,0.020000,66.614382,1.000000,100,304,0.325594,0.335408,1
instances/k12_linear_tight_s4.txt,12,linear,tight,4,66.6144,approx,0.050000,66.614382,1.000000,100,304,0.324561,0.335126,1
instances/k12_linear_tight_s4.txt,12,linear,tight,4,66.6144,approx,0.100000,66.614382,1.000000,100,304,0.326906,0.342972,1
instances/k12_linear_tight_s4.txt,12,linear,tight,4,66.6144,approx,0.200000,66.614382,1.000000,98,306,0.260892,0.287073,1
instances/k12_spiral_loose_s0.txt,12,spiral,loose,0,74.9602,dp,0.000000,74.960230,1.000000,22280,0,1.775145,1.882211,1
instances/k12_spiral_loose_s0.txt,12,spiral,loose,0,74.9602,dp_par,0.000000,74.960230,1.000000,22280,0,0.745756,0.845229,1
instances/k12_spiral_loose_s0.txt,12,spiral,loose,0,74.9602,dp_prune,0.000000,74.960230,1.000000,8330,2676,1.579407,1.639632,1
instances/k12_spiral_loose_s0.txt,12,spiral,loose,0,74.9602,approx,0.000000,74.960230,1.000000,8138,2844,1.347379,1.392971,1
instances/k12_spiral_loose_s0.txt,12,spiral,loose,0,74.9602,approx,0.020000,74.960230,1.000000,7917,3056,1.332541,1.385481,1
instances/k12_spiral_loose_s0.txt,12,spiral,loose,0,74.9602,approx,0.050000,74.960230,1.000000,7208,3659,1.344263,1.478133,1
instances/k12_spiral_loose_s0.txt,12,spiral,loose,0,74.9602,approx,0.100000,74.960230,1.000000,5309,5017,1.159686,1.220170,1
instances/k12_spiral_loose_s0.txt,12,spiral,loose,0,74.9602,approx,0.200000,79.891550,1.065786,1192,3709,0.584411,0.646182,1
instances/k12_spiral_loose_s1.txt,12,spiral,loose,1,73.0273,dp,0.000000,73.027342,1.000001,24501,0,1.904219,2.000327,1
instances/k12_spiral_loose_s1.txt,12,spiral,loose,1,73.0273,dp_par,0.000000,73.027342,1.000001,24501,0,0.847166,0.937745,1
instances/k12_spiral_loose_s1.txt,12,spiral,loose,1,73.0273,dp_prune,0.000000,73.027342,1.000001,21749,2590,2.967052,3.254168,1
instances/k12_spiral_loose_s1.txt,12,spiral,loose,1,73.0273,approx,0.000000,73.027342,1.000001,20263,4044,2.939439,2.992507,1
instances/k12_spiral_loose_s1.txt,12,spiral,loose,1,73.0273,approx,0.020000,73.027342,1.000001,19079,5122,2.871050,3.002071,1
instances/k12_spiral_loose_s1.txt,12,spiral,loose,1,73.0273,approx,0.050000,73.027342,1.000001,16217,7456,2.649663,2.882378,1
instances/k12_spiral_loose_s1.txt,12,spiral,loose,1,73.0273,approx,0.100000,73.027342,1.000001,9712,10283,2.015788,2.063176,1
instances/k12_spiral_loose_s1.txt,12,spiral,loose,1,73.0273,approx,0.200000,75.127912,1.028765,1074,4247,0.595582,0.626930,1
instances/k12_spiral_loose_s2.txt,12,spiral,loose,2,77.1661,dp,0.000000,77.166134,1.000000,20963,0,1.734919,1.830587,1
instances/k12_spiral_loose_s2.txt,12,spiral,loose,2,77.1661,dp_par,0.000000,77.166134,1.000000,20963,0,0.744693,0.817182,1
instances/k12_spiral_loose_s2.txt,12,spiral,loose,2,77.1661,dp_prune,0.000000,77.166134,1.000000,5600,2410,1.112796,1.143825,1
instances/k12_spiral_loose_s2.txt,12,spiral,loose,2,77.1661,approx,0.000000,77.166134,1.000000,5594,2416,0.992530,1.164266,1
instances/k12_spiral_loose_s2.txt,12,spiral,loose,2,77.1661,approx,0.020000,77.166134,1.000000,5557,2453,0.963656,1.075064,1
instances/k12_spiral_loose_s2.txt,12,spiral,loose,2,77.1661,approx,0.050000,77.363887,1.002563,5415,2590,0.939651,0.994825,1
instances/k12_spiral_loose_s2.txt,12,spiral,loose,2,77.1661,approx,0.100000,78.027583,1.011164,4533,3306,0.895156,0.911880,1
instances/k12_spiral_loose_s2.txt,12,spiral,loose,2,77.1661,approx,0.200000,79.963468,1.036251,1843,4179,0.612915,0.698306,1
instances/k12_spiral_loose_s3.txt,12,spiral,loose,3,73.6835,dp,0.000000,73.683516,1.000000,22685,0,1.807977,1.887222,1
instances/k12_spiral_loose_s3.txt,12,spiral,loose,3,73.6835,dp_par,0.000000,73.683516,1.000000,22685,0,0.813123,0.880143,1
instances/k12_spiral_loose_s3.txt,12,spiral,loose,3,73.6835,dp_prune,0.000000,73.683516,1.000000,9731,3745,1.824198,1.931443,1
instances/k12_spiral_loose_s3.txt,12,spiral,loose,3,73.6835,approx,0.000000,73.683516,1.000000,9578,3898,1.619602,1.649631,1
instances/k12_spiral_loose_s3.txt,12,spiral,loose,3,73.6835,approx,0.020000,73.683516,1.000000,9369,4107,1.144226,1.534802,1
instances/k12_spiral_loose_s3.txt,12,spiral,loose,3,73.6835,approx,0.050000,73.683516,1.000000,8733,4743,1.557094,1.634604,1
instances/k12_spiral_loose_s3.txt,12,spiral,loose,3,73.6835,approx,0.100000,73.683516,1.000000,6846,6363,1.444061,1.501764,1
instances/k12_spiral_loose_s3.txt,12,spiral,loose,3,73.6835,approx,0.200000,80.399321,1.091144,2064,5346,0.788766,0.818733,1
instances/k12_spiral_loose_s4.txt,12,spiral,loose,4,74.2092,dp,0.000000,74.209159,0.999999,22586,0,1.701596,1.811487,1
instances/k12_spiral_loose_s4.txt,12,spiral,loose,4,74.2092,dp_par,0.000000,74.209159,0.999999,22586,0,0.848830,0.875921,1
instances/k12_spiral_loose_s4.txt,12,spiral,loose,4,74.2092,dp_prune,0.000000,74.209159,0.999999,11197,683,1.849535,1.891504,1
instances/k12_spiral_loose_s4.txt,12,spiral,loose,4,74.2092,approx,0.000000,74.209159,0.999999,10988,892,1.587392,1.752346,1
instances/k12_spiral_loose_s4.txt,12,spiral,loose,4,74.2092,approx,0.020000,74.209159,0.999999,10726,1139,1.563106,1.612066,1
instances/k12_spiral_loose_s4.txt,12,spiral,loose,4,74.2092,approx,0.050000,74.209159,0.999999,9878,1965,1.493254,1.596759,1
instances/k12_spiral_loose_s4.txt,12,spiral,loose,4,74.2092,approx,0.100000,74.209159,0.999999,7317,3980,1.309227,1.360858,1
instances/k12_spiral_loose_s4.txt,12,spiral,loose,4,74.2092,approx,0.200000,78.029303,1.051477,1641,3933,0.601103,0.647254,1
instances/k12_spiral_tight_s0.txt,12,spiral,tight,0,98.6358,dp,0.000000,98.635814,1.000000,15705,0,1.322051,1.411882,1
instances/k12_spiral_tight_s0.txt,12,spiral,tight,0,98.6358,dp_par,0.000000,98.635814,1.000000,15705,0,0.775230,0.852827,1
instances/k12_spiral_tight_s0.txt,12,spiral,tight,0,98.6358,dp_prune,0.000000,98.635814,1.000000,80,211,0.304725,0.337400,1
instances/k12_spiral_tight_s0.txt,12,spiral,tight,0,98.6358,approx,0.000000,98.635814,1.000000,80,211,0.330623,0.356502,1
instances/k12_spiral_tight_s0.txt,12,spiral,tight,0,98.6358,approx,0.020000,98.635814,1.000000,80,211,0.326015,0.347557,1
instances/k12_spiral_tight_s0.txt,12,spiral,tight,0,98.6358,approx,0.050000,98.635814,1.000000,80,211,0.325995,0.359872,1
instances/k12_spiral_tight_s0.txt,12,spiral,tight,0,98.6358,approx,0.100000,102.133864,1.035464,75,212,0.327127,0.348693,1
instances/k12_spiral_tight_s0.txt,12,spiral,tight,0,98.6358,approx,0.200000,103.492673,1.049240,63,224,0.265039,0.319004,1
instances/k12_spiral_tight_s1.txt,12,spiral,tight,1,85.0683,dp,0.000000,85.068292,1.000000,12506,0,0.987601,1.077518,1
instances/k12_spiral_tight_s1.txt,12,spiral,tight,1,85.0683,dp_par,0.000000,85.068292,1.000000,12506,0,0.735937,0.805558,1
instances/k12_spiral_tight_s1.txt,12,spiral,tight,1,85.0683,dp_prune,0.000000,85.068292,1.000000,55,159,0.306067,0.329581,1
instances/k12_spiral_tight_s1.txt,12,spiral,tight,1,85.0683,approx,0.000000,85.068292,1.000000,55,159,0.310055,0.336237,1
instances/k12_spiral_tight_s1.txt,12,spiral,tight,1,85.0683,approx,0.020000,85.068292,1.000000,55,159,0.307830,0.328368,1
instances/k12_spiral_tight_s1.txt,12,spiral,tight,1,85.0683,approx,0.050000,85.068292,1.000000,55,159,0.306648,0.330254,1
instances/k12_spiral_tight_s1.txt,12,spiral,tight,1,85.0683,approx,0.100000,85.068292,1.000000,55,159,0.306588,0.329820,1
instances/k12_spiral_tight_s1.txt,12,spiral,tight,1,85.0683,approx,0.200000,85.068292,1.000000,54,160,0.274648,0.305706,1
instances/k12_spiral_tight_s2.txt,12,spiral,tight,2,99.9241,dp,0.000000,99.924136,1.000000,13551,0,1.151269,1.310293,1
instances/k12_spiral_tight_s2.txt,12,spiral,tight,2,99.9241,dp_par,0.000000,99.924136,1.000000,13551,0,0.800188,0.841442,1
instances/k12_spiral_tight_s2.txt,12,spiral,tight,2,99.9241,dp_prune,0.000000,99.924136,1.000000,30,157,0.297982,0.336540,1
instances/k12_spiral_tight_s2.txt,12,spiral,tight,2,99.9241,approx,0.000000,99.924136,1.000000,30,157,0.306587,0.358419,1
instances/k12_spiral_tight_s2.txt,12,spiral,tight,2,99.9241,approx,0.020000,99.924136,1.000000,30,157,0.303672,0.327884,1
instances/k12_spiral_tight_s2.txt,12,spiral,tight,2,99.9241,approx,0.050000,99.924136,1.000000,30,157,0.303542,0.328563,1
instances/k12_spiral_tight_s2.txt,12,spiral,tight,2,99.9241,approx,0.100000,99.924136,1.000000,30,157,0.301919,0.324411,1
instances/k12_spiral_tight_s2.txt,12,spiral,tight,2,99.9241,approx,0.200000,99.924136,1.000000,30,157,0.260261,0.310219,1
instances/k12_spiral_tight_s3.txt,12,spiral,tight,3,94.3831,dp,0.000000,94.383145,1.000000,15197,0,1.220530,1.328914,1
instances/k12_spiral_tight_s3.txt,12,spiral,tight,3,94.3831,dp_par,0.000000,94.383145,1.000000,15197,0,0.777456,0.853749,1
instances/k12_spiral_tight_s3.txt,12,spiral,tight,3,94.3831,dp_prune,0.000000,94.383145,1.000000,26,133,0.299174,0.315108,1
instances/k12_spiral_tight_s3.txt,12,spiral,tight,3,94.3831,approx,0.000000,94.383145,1.000000,26,133,0.318380,0.333018,1
instances/k12_spiral_tight_s3.txt,12,spiral,tight,3,94.3831,approx,0.020000,94.383145,1.000000,26,133,0.312329,0.325948,1
instances/k12_spiral_tight_s3.txt,12,spiral,tight,3,94.3831,approx,0.050000,94.383145,1.000000,26,133,0.312489,0.326682,1
instances/k12_spiral_tight_s3.txt,12,spiral,tight,3,94.3831,approx,0.100000,94.383145,1.000000,24,134,0.310545,0.328066,1
instances/k12_spiral_tight_s3.txt,12,spiral,tight,3,94.3831,approx,0.200000,97.331637,1.031240,16,121,0.249871,0.305502,1
instances/k12_spiral_tight_s4.txt,12,spiral,tight,4,83.5607,dp,0.000000,83.560745,1.000001,15993,0,1.314106,1.407378,1
instances/k12_spiral_tight_s4.txt,12,spiral,tight,4,83.5607,dp_par,0.000000,83.560745,1.000001,15993,0,0.875149,0.900511,1
instances/k12_spiral_tight_s4.txt,12,spiral,tight,4,83.5607,dp_prune,0.000000,83.560745,1.000001,148,320,0.321927,0.349404,1
instances/k12_spiral_tight_s4.txt,12,spiral,tight,4,83.5607,approx,0.000000,83.560745,1.000001,148,320,0.330553,0.358985,1
instances/k12_spiral_tight_s4.txt,12,spiral,tight,4,83.5607,approx,0.020000,83.560745,1.000001,148,320,0.327397,0.349707,1
instances/k12_spiral_tight_s4.txt,12,spiral,tight,4,83.5607,approx,0.050000,83.560745,1.000001,148,320,0.329942,0.357871,1
instances/k12_spiral_tight_s4.txt,12,spiral,tight,4,83.5607,approx,0.100000,83.560745,1.000001,148,320,0.329170,0.350809,1
instances/k12_spiral_tight_s4.txt,12,spiral,tight,4,83.5607,approx,0.200000,83.560745,1.000001,135,333,0.260741,0.307323,1
instances/k12_sparse_loose_s0.txt,12,sparse,loose,0,241.9015,dp,0.000000,241.901515,1.000000,19359,0,1.594805,1.699026,1
instances/k12_sparse_loose_s0.txt,12,sparse,loose,0,241.9015,dp_par,0.000000,241.901515,1.000000,19359,0,0.868867,0.937338,1
instances/k12_sparse_loose_s0.txt,12,sparse,loose,0,241.9015,dp_prune,0.000000,241.901515,1.000000,1023,1732,0.478872,0.513788,1
instances/k12_sparse_loose_s0.txt,12,sparse,loose,0,241.9015,approx,0.000000,241.901515,1.000000,1023,1732,0.473823,0.526582,1
instances/k12_sparse_loose_s0.txt,12,sparse,loose,0,241.9015,approx,0.020000,241.901515,1.000000,1023,1732,0.474725,0.502511,1
instances/k12_sparse_loose_s0.txt,12,sparse,loose,0,241.9015,approx,0.050000,241.901515,1.000000,1023,1732,0.393852,0.478604,1
instances/k12_sparse_loose_s0.txt,12,sparse,loose,0,241.9015,approx,0.100000,241.901515,1.000000,1023,1732,0.391809,0.428441,1
instances/k12_sparse_loose_s0.txt,12,sparse,loose,0,241.9015,approx,0.200000,241.901515,1.000000,1023,1732,0.383262,0.410301,1
instances/k12_sparse_loose_s1.txt,12,sparse,loose,1,216.3868,dp,0.000000,216.386766,1.000000,20883,0,1.709281,1.865423,1
instances/k12_sparse_loose_s1.txt,12,sparse,loose,1,216.3868,dp_par,0.000000,216.386766,1.000000,20883,0,0.890969,0.905861,1
instances/k12_sparse_loose_s1.txt,12,sparse,loose,1,216.3868,dp_prune,0.000000,216.386766,1.000000,3463,4054,0.939691,0.962976,1
instances/k12_sparse_loose_s1.txt,12,sparse,loose,1,216.3868,approx,0.000000,216.386766,1.000000,3463,4054,0.827249,0.965118,1
instances/k12_sparse_loose_s1.txt,12,sparse,loose,1,216.3868,approx,0.020000,216.386766,1.000000,3324,4171,0.736498,0.827245,1
instances/k12_sparse_loose_s1.txt,12,sparse,loose,1,216.3868,approx,0.050000,216.386766,1.000000,3060,4326,0.736798,0.772538,1
instances/k12_sparse_loose_s1.txt,12,sparse,loose,1,216.3868,approx,0.100000,216.386766,1.000000,2338,4187,0.653272,0.699801,1
instances/k12_sparse_loose_s1.txt,12,sparse,loose,1,216.3868,approx,0.200000,216.386766,1.000000,1122,3131,0.487879,0.552533,1
instances/k12_sparse_loose_s2.txt,12,sparse,loose,2,217.6739,dp,0.000000,217.673894,1.000000,19131,0,1.604223,1.693920,1
instances/k12_sparse_loose_s2.txt,12,sparse,loose,2,217.6739,dp_par,0.000000,217.673894,1.000000,19131,0,0.784218,0.887791,1
instances/k12_sparse_loose_s2.txt,12,sparse,loose,2,217.6739,dp_prune,0.000000,217.673894,1.000000,1783,3575,0.673710,0.704221,1
instances/k12_sparse_loose_s2.txt,12,sparse,loose,2,217.6739,approx,0.000000,217.673894,1.000000,1783,3575,0.652560,0.712246,1
instances/k12_sparse_loose_s2.txt,12,sparse,loose,2,217.6739,approx,0.020000,217.673894,1.000000,1783,3575,0.525490,0.654642,1
instances/k12_sparse_loose_s2.txt,12,sparse,loose,2,217.6739,approx,0.050000,217.673894,1.000000,1783,3575,0.527083,0.557843,1
instances/k12_sparse_loose_s2.txt,12,sparse,loose,2,217.6739,approx,0.100000,217.673894,1.000000,1783,3575,0.522995,0.569708,1
instances/k12_sparse_loose_s2.txt,12,sparse,loose,2,217.6739,approx,0.200000,217.673894,1.000000,1783,3575,0.539006,0.555310,1
instances/k12_sparse_loose_s3.txt,12,sparse,loose,3,209.6761,dp,0.000000,209.676133,1.000000,18887,0,1.582151,1.680022,1
instances/k12_sparse_loose_s3.txt,12,sparse,loose,3,209.6761,dp_par,0.000000,209.676133,1.000000,18887,0,0.747789,0.804668,1
instances/k12_sparse_loose_s3.txt,12,sparse,loose,3,209.6761,dp_prune,0.000000,209.676133,1.000000,1727,1554,0.571557,0.605683,1
instances/k12_sparse_loose_s3.txt,12,sparse,loose,3,209.6761,approx,0.000000,209.676133,1.000000,1727,1554,0.586395,0.636215,1
instances/k12_sparse_loose_s3.txt,12,sparse,loose,3,209.6761,approx,0.020000,209.676133,1.000000,1727,1554,0.586416,0.620221,1
instances/k12_sparse_loose_s3.txt,12,sparse,loose,3,209.6761,approx,0.050000,209.676133,1.000000,1726,1555,0.474595,0.502184,1
instances/k12_sparse_loose_s3.txt,12,sparse,loose,3,209.6761,approx,0.100000,209.676133,1.000000,1717,1564,0.466569,0.496700,1
instances/k12_sparse_loose_s3.txt,12,sparse,loose,3,209.6761,approx,0.200000,209.676133,1.000000,1409,1828,0.531431,0.581431,1
instances/k12_sparse_loose_s4.txt,12,sparse,loose,4,226.2229,dp,0.000000,226.222860,1.000000,18570,0,1.514584,1.616879,1
instances/k12_sparse_loose_s4.txt,12,sparse,loose,4,226.2229,dp_par,0.000000,226.222860,1.000000,18570,0,0.763178,0.870817,1
instances/k12_sparse_loose_s4.txt,12,sparse,loose,4,226.2229,dp_prune,0.000000,226.222860,1.000000,963,1650,0.441852,0.480686,1
instances/k12_sparse_loose_s4.txt,12,sparse,loose,4,226.2229,approx,0.000000,226.222860,1.000000,963,1650,0.481437,0.512664,1
instances/k12_sparse_loose_s4.txt,12,sparse,loose,4,226.2229,approx,0.020000,226.222860,1.000000,963,1650,0.469244,0.489190,1
instances/k12_sparse_loose_s4.txt,12,sparse,loose,4,226.2229,approx,0.050000,226.222860,1.000000,963,1650,0.467551,0.501990,1
instances/k12_sparse_loose_s4.txt,12,sparse,loose,4,226.2229,approx,0.100000,226.222860,1.000000,963,1650,0.374936,0.408179,1
instances/k12_sparse_loose_s4.txt,12,sparse,loose,4,226.2229,approx,0.200000,226.222860,1.000000,958,1655,0.372202,0.401685,1
instances/k12_sparse_tight_s0.txt,12,sparse,tight,0,397.2023,dp,0.000000,397.202265,1.000000,14276,0,1.097809,1.200076,1
instances/k12_sparse_tight_s0.txt,12,sparse,tight,0,397.2023,dp_par,0.000000,397.202265,1.000000,14276,0,0.748220,0.826361,1
instances/k12_sparse_tight_s0.txt,12,sparse,tight,0,397.2023,dp_prune,0.000000,397.202265,1.000000,17,93,0.294165,0.323259,1
instances/k12_sparse_tight_s0.txt,12,sparse,tight,0,397.2023,approx,0.000000,397.202265,1.000000,17,93,0.305255,0.331587,1
instances/k12_sparse_tight_s0.txt,12,sparse,tight,0,397.2023,approx,0.020000,397.202265,1.000000,17,93,0.302250,0.325766,1
instances/k12_sparse_tight_s0.txt,12,sparse,tight,0,397.2023,approx,0.050000,397.202265,1.000000,17,93,0.303172,0.324229,1
instances/k12_sparse_tight_s0.txt,12,sparse,tight,0,397.2023,approx,0.100000,397.202265,1.000000,15,94,0.302049,0.339305,1
instances/k12_sparse_tight_s0.txt,12,sparse,tight,0,397.2023,approx,0.200000,397.202265,1.000000,15,94,0.244130,0.273724,1
instances/k12_sparse_tight_s1.txt,12,sparse,tight,1,364.8774,dp,0.000000,364.877357,1.000000,14171,0,0.742580,1.066369,1
instances/k12_sparse_tight_s1.txt,12,sparse,tight,1,364.8774,dp_par,0.000000,364.877357,1.000000,14171,0,0.783296,0.827573,1
instances/k12_sparse_tight_s1.txt,12,sparse,tight,1,364.8774,dp_prune,0.000000,364.877357,1.000000,28,108,0.296288,0.324550,1
instances/k12_sparse_tight_s1.txt,12,sparse,tight,1,364.8774,approx,0.000000,364.877357,1.000000,28,108,0.281430,0.338508,1
instances/k12_sparse_tight_s1.txt,12,sparse,tight,1,364.8774,approx,0.020000,364.877357,1.000000,28,108,0.252967,0.289133,1
instances/k12_sparse_tight_s1.txt,12,sparse,tight,1,364.8774,approx,0.050000,364.899847,1.000062,25,110,0.242577,0.258435,1
instances/k12_sparse_tight_s1.txt,12,sparse,tight,1,364.8774,approx,0.100000,365.921648,1.002862,22,110,0.241185,0.260561,1
instances/k12_sparse_tight_s1.txt,12,sparse,tight,1,364.8774,approx,0.200000,365.921648,1.002862,20,108,0.242727,0.251518,1
instances/k12_sparse_tight_s2.txt,12,sparse,tight,2,381.9954,dp,0.000000,381.995385,1.000000,16188,0,1.381954,1.487226,1
instances/k12_sparse_tight_s2.txt,12,sparse,tight,2,381.9954,dp_par,0.000000,381.995385,1.000000,16188,0,0.769490,0.880968,1
instances/k12_sparse_tight_s2.txt,12,sparse,tight,2,381.9954,dp_prune,0.000000,381.995385,1.000000,20,119,0.296228,0.317186,1
instances/k12_sparse_tight_s2.txt,12,sparse,tight,2,381.9954,approx,0.000000,381.995385,1.000000,20,119,0.304494,0.320736,1
instances/k12_sparse_tight_s2.txt,12,sparse,tight,2,381.9954,approx,0.020000,381.995385,1.000000,20,119,0.303692,0.321257,1
instances/k12_sparse_tight_s2.txt,12,sparse,tight,2,381.9954,approx,0.050000,381.995385,1.000000,20,119,0.301368,0.321031,1
instances/k12_sparse_tight_s2.txt,12,sparse,tight,2,381.9954,approx,0.100000,381.995385,1.000000,18,120,0.301869,0.325740,1
instances/k12_sparse_tight_s2.txt,12,sparse,tight,2,381.9954,approx,0.200000,381.995385,1.000000,18,120,0.246614,0.299961,1
instances/k12_sparse_tight_s3.txt,12,sparse,tight,3,393.0083,dp,0.000000,393.008331,1.000000,15282,0,1.211553,1.355827,1
instances/k12_sparse_tight_s3.txt,12,sparse,tight,3,393.0083,dp_par,0.000000,393.008331,1.000000,15282,0,0.814345,0.876726,1
instances/k12_sparse_tight_s3.txt,12,sparse,tight,3,393.0083,dp_prune,0.000000,393.008331,1.000000,16,66,0.301138,0.317855,1
instances/k12_sparse_tight_s3.txt,12,sparse,tight,3,393.0083,approx,0.000000,393.008331,1.000000,16,66,0.310695,0.331276,1
instances/k12_sparse_tight_s3.txt,12,sparse,tight,3,393.0083,approx,0.020000,393.008331,1.000000,16,66,0.310786,0.322795,1
instances/k12_sparse_tight_s3.txt,12,sparse,tight,3,393.0083,approx,0.050000,393.008331,1.000000,14,67,0.309193,0.324055,1
instances/k12_sparse_tight_s3.txt,12,sparse,tight,3,393.0083,approx,0.100000,393.008331,1.000000,10,67,0.309934,0.323604,1
instances/k12_sparse_tight_s3.txt,12,sparse,tight,3,393.0083,approx,0.200000,393.008331,1.000000,6,57,0.267674,0.324313,1
instances/k12_sparse_tight_s4.txt,12,sparse,tight,4,328.5463,dp,0.000000,328.546344,1.000000,14018,0,1.180143,1.267877,1
instances/k12_sparse_tight_s4.txt,12,sparse,tight,4,328.5463,dp_par,0.000000,328.546344,1.000000,14018,0,0.824865,0.883553,1
instances/k12_sparse_tight_s4.txt,12,sparse,tight,4,328.5463,dp_prune,0.000000,328.546344,1.000000,19,78,0.308220,0.326128,1
instances/k12_sparse_tight_s4.txt,12,sparse,tight,4,328.5463,approx,0.000000,328.546344,1.000000,19,78,0.311788,0.336053,1
instances/k12_sparse_tight_s4.txt,12,sparse,tight,4,328.5463,approx,0.020000,328.546344,1.000000,19,78,0.306798,0.330783,1
instances/k12_sparse_tight_s4.txt,12,sparse,tight,4,328.5463,approx,0.050000,328.546344,1.000000,19,78,0.313430,0.333111,1
instances/k12_sparse_tight_s4.txt,12,sparse,tight,4,328.5463,approx,0.100000,328.546344,1.000000,18,79,0.307599,0.329420,1
instances/k12_sparse_tight_s4.txt,12,sparse,tight,4,328.5463,approx,0.200000,328.546344,1.000000,14,78,0.273576,0.316761,1
instances/k14_uniform_loose_s0.txt,14,uniform,loose,0,79.0331,dp,0.000000,79.033134,1.000000,114687,0,9.156906,9.750837,1
instances/k14_uniform_loose_s0.txt,14,uniform,loose,0,79.0331,dp_par,0.000000,79.033134,1.000000,114687,0,4.448232,4.657174,1
instances/k14_uniform_loose_s0.txt,14,uniform,loose,0,79.0331,dp_prune,0.000000,79.033134,1.000000,6248,14627,1.932742,2.930282,1
instances/k14_uniform_loose_s0.txt,14,uniform,loose,0,79.0331,approx,0.000000,79.033134,1.000000,6248,14627,2.812159,3.005710,1
instances/k14_uniform_loose_s0.txt,14,uniform,loose,0,79.0331,approx,0.020000,79.033134,1.000000,3375,9144,2.110748,2.228307,1
instances/k14_uniform_loose_s0.txt,14,uniform,loose,0,79.0331,approx,0.050000,79.033134,1.000000,1515,4534,1.493564,1.569271,1
instances/k14_uniform_loose_s0.txt,14,uniform,loose,0,79.0331,approx,0.100000,79.033134,1.000000,574,2270,1.265244,1.326997,1
instances/k14_uniform_loose_s0.txt,14,uniform,loose,0,79.0331,approx,0.200000,79.033134,1.000000,44,369,1.150107,1.178711,1
instances/k14_uniform_loose_s1.txt,14,uniform,loose,1,77.7462,dp,0.000000,77.746231,1.000000,114688,0,9.068900,9.425787,1
instances/k14_uniform_loose_s1.txt,14,uniform,loose,1,77.7462,dp_par,0.000000,77.746231,1.000000,114688,0,4.561741,4.594062,1
instances/k14_uniform_loose_s1.txt,14,uniform,loose,1,77.7462,dp_prune,0.000000,77.746231,1.000000,47015,32719,9.098756,9.289820,1
instances/k14_uniform_loose_s1.txt,14,uniform,loose,1,77.7462,approx,0.000000,77.746231,1.000000,42593,32904,8.806836,9.136565,1
instances/k14_uniform_loose_s1.txt,14,uniform,loose,1,77.7462,approx,0.020000,77.746231,1.000000,32216,31815,6.426357,7.208866,1
instances/k14_uniform_loose_s1.txt,14,uniform,loose,1,77.7462,approx,0.050000,77.746231,1.000000,20056,25780,5.233197,5.420795,1
instances/k14_uniform_loose_s1.txt,14,uniform,loose,1,77.7462,approx,0.100000,77.746231,1.000000,8957,14901,3.036185,3.080781,1
instances/k14_uniform_loose_s1.txt,14,uniform,loose,1,77.7462,approx,0.200000,78.866206,1.014406,1916,6586,1.679587,1.723816,1
instances/k14_uniform_loose_s2.txt,14,uniform,loose,2,73.0104,dp,0.000000,73.010397,1.000000,114688,0,8.173291,9.323674,1
instances/k14_uniform_loose_s2.txt,14,uniform,loose,2,73.0104,dp_par,0.000000,73.010397,1.000000,114688,0,4.555780,4.651360,1
instances/k14_uniform_loose_s2.txt,14,uniform,loose,2,73.0104,dp_prune,0.000000,73.010397,1.000000,44329,36536,8.728378,8.935568,1
instances/k14_uniform_loose_s2.txt,14,uniform,loose,2,73.0104,approx,0.000000,73.010397,1.000000,19849,30175,5.527412,5.785378,1
instances/k14_uniform_loose_s2.txt,14,uniform,loose,2,73.0104,approx,0.020000,73.010397,1.000000,11881,23370,4.142431,4.231439,1
instances/k14_uniform_loose_s2.txt,14,uniform,loose,2,73.0104,approx,0.050000,73.010397,1.000000,5047,12644,2.590344,2.637156,1
instances/k14_uniform_loose_s2.txt,14,uniform,loose,2,73.0104,approx,0.100000,73.010397,1.000000,1390,4365,1.508384,1.548153,1
instances/k14_uniform_loose_s2.txt,14,uniform,loose,2,73.0104,approx,0.200000,73.010397,1.000000,436,1379,1.218157,1.260683,1
instances/k14_uniform_loose_s3.txt,14,uniform,loose,3,74.2634,dp,0.000000,74.263435,1.000000,111091,0,9.263777,9.784932,1
instances/k14_uniform_loose_s3.txt,14,uniform,loose,3,74.2634,dp_par,0.000000,74.263435,1.000000,111091,0,4.624690,4.735182,1
instances/k14_uniform_loose_s3.txt,14,uniform,loose,3,74.2634,dp_prune,0.000000,74.263435,1.000000,67588,25473,11.237859,11.375629,1
instances/k14_uniform_loose_s3.txt,14,uniform,loose,3,74.2634,approx,0.000000,74.263435,1.000000,46233,41900,9.779009,10.010830,1
instances/k14_uniform_loose_s3.txt,14,uniform,loose,3,74.2634,approx,0.020000,74.263435,1.000000,38079,43931,8.833285,9.251878,1
instances/k14_uniform_loose_s3.txt,14,uniform,loose,3,74.2634,approx,0.050000,74.263435,1.000000,27857,38724,7.199254,7.834291,1
instances/k14_uniform_loose_s3.txt,14,uniform,loose,3,74.2634,approx,0.100000,74.263435,1.000000,17341,22981,4.783920,4.946881,1
instances/k14_uniform_loose_s3.txt,14,uniform,loose,3,74.2634,approx,0.200000,75.331719,1.014386,9015,11138,3.084316,3.260876,1
instances/k14_uniform_loose_s4.txt,14,uniform,loose,4,90.9485,dp,0.000000,90.948530,1.000000,106964,0,8.568316,9.196283,1
instances/k14_uniform_loose_s4.txt,14,uniform,loose,4,90.9485,dp_par,0.000000,90.948530,1.000000,106964,0,4.093399,4.216681,1
instances/k14_uniform_loose_s4.txt,14,uniform,loose,4,90.9485,dp_prune,0.000000,90.948530,1.000000,48966,10038,7.236595,7.544798,1
instances/k14_uniform_loose_s4.txt,14,uniform,loose,4,90.9485,approx,0.000000,90.948530,1.000000,32833,20977,6.340185,6.485933,1
instances/k14_uniform_loose_s4.txt,14,uniform,loose,4,90.9485,approx,0.020000,90.948530,1.000000,26064,23165,5.810926,6.405409,1
instances/k14_uniform_loose_s4.txt,14,uniform,loose,4,90.9485,approx,0.050000,90.948530,1.000000,17235,22743,4.592760,4.636294,1
instances/k14_uniform_loose_s4.txt,14,uniform,loose,4,90.9485,approx,0.100000,90.948530,1.000000,7147,16440,2.933482,3.113960,1
instances/k14_uniform_loose_s4.txt,14,uniform,loose,4,90.9485,approx,0.200000,90.948530,1.000000,909,4209,1.447570,1.636209,1
instances/k14_uniform_tight_s0.txt,14,uniform,tight,0,121.854,dp,0.000000,121.854015,1.000000,78141,0,5.892110,6.998107,1
instances/k14_uniform_tight_s0.txt,14,uniform,tight,0,121.854,dp_par,0.000000,121.854015,1.000000,78141,0,4.029268,6.145744,1
instances/k14_uniform_tight_s0.txt,14,uniform,tight,0,121.854,dp_prune,0.000000,121.854015,1.000000,570,795,1.513674,1.536064,1
instances/k14_uniform_tight_s0.txt,14,uniform,tight,0,121.854,approx,0.000000,121.854015,1.000000,565,800,1.242874,1.295517,1
instances/k14_uniform_tight_s0.txt,14,uniform,tight,0,121.854,approx,0.020000,121.854015,1.000000,557,808,1.217085,1.278507,1
instances/k14_uniform_tight_s0.txt,14,uniform,tight,0,121.854,approx,0.050000,121.854015,1.000000,535,826,1.246821,1.258032,1
instances/k14_uniform_tight_s0.txt,14,uniform,tight,0,121.854,approx,0.100000,121.854015,1.000000,450,875,1.257291,1.292346,1
instances/k14_uniform_tight_s0.txt,14,uniform,tight,0,121.854,approx,0.200000,128.394550,1.053675,270,872,1.183050,1.232750,1
instances/k14_uniform_tight_s1.txt,14,uniform,tight,1,111.5686,dp,0.000000,111.568564,1.000000,76187,0,6.742243,7.107505,1
instances/k14_uniform_tight_s1.txt,14,uniform,tight,1,111.5686,dp_par,0.000000,111.568564,1.000000,76187,0,3.938746,3.978171,1
instances/k14_uniform_tight_s1.txt,14,uniform,tight,1,111.5686,dp_prune,0.000000,111.568564,1.000000,269,513,1.447599,1.473919,1
instances/k14_uniform_tight_s1.txt,14,uniform,tight,1,111.5686,approx,0.000000,111.568564,1.000000,269,513,1.191847,1.282029,1
instances/k14_uniform_tight_s1.txt,14,uniform,tight,1,111.5686,approx,0.020000,111.568564,1.000000,267,515,1.281717,1.453847,1
instances/k14_uniform_tight_s1.txt,14,uniform,tight,1,111.5686,approx,0.050000,111.568564,1.000000,266,516,1.184363,1.239451,1
instances/k14_uniform_tight_s1.txt,14,uniform,tight,1,111.5686,approx,0.100000,111.568564,1.000000,258,524,0.788206,1.138424,1
instances/k14_uniform_tight_s1.txt,14,uniform,tight,1,111.5686,approx,0.200000,114.110537,1.022784,201,560,1.156390,1.193947,1
instances/k14_uniform_tight_s2.txt,14,uniform,tight,2,124.0728,dp,0.000000,124.072794,1.000000,76382,0,6.827895,7.217629,1
instances/k14_uniform_tight_s2.txt,14,uniform,tight,2,124.0728,dp_par,0.000000,124.072794,1.000000,76382,0,4.129576,4.156657,1
instances/k14_uniform_tight_s2.txt,14,uniform,tight,2,124.0728,dp_prune,0.000000,124.072794,1.000000,216,839,1.460644,1.480934,1
instances/k14_uniform_tight_s2.txt,14,uniform,tight,2,124.0728,approx,0.000000,124.072794,1.000000,216,839,1.170897,1.210113,1
instances/k14_uniform_tight_s2.txt,14,uniform,tight,2,124.0728,approx,0.020000,124.072794,1.000000,216,839,1.171429,1.221685,1
instances/k14_uniform_tight_s2.txt,14,uniform,tight,2,124.0728,approx,0.050000,124.072794,1.000000,216,839,0.620029,1.048806,1
instances/k14_uniform_tight_s2.txt,14,uniform,tight,2,124.0728,approx,0.100000,124.072794,1.000000,216,839,1.155369,1.193128,1
instances/k14_uniform_tight_s2.txt,14,uniform,tight,2,124.0728,approx,0.200000,124.072794,1.000000,216,839,1.163804,1.206198,1
instances/k14_uniform_tight_s3.txt,14,uniform,tight,3,148.7776,dp,0.000000,148.777607,1.000000,65834,0,5.947113,6.404131,1
instances/k14_uniform_tight_s3.txt,14,uniform,tight,3,148.7776,dp_par,0.000000,148.777607,1.000000,65834,0,4.094230,4.127993,1
instances/k14_uniform_tight_s3.txt,14,uniform,tight,3,148.7776,dp_prune,0.000000,148.777607,1.000000,23,160,1.394369,1.451060,1
instances/k14_uniform_tight_s3.txt,14,uniform,tight,3,148.7776,approx,0.000000,148.777607,1.000000,23,160,1.182450,1.289343,1
instances/k14_uniform_tight_s3.txt,14,uniform,tight,3,148.7776,approx,0.020000,148.777607,1.000000,23,160,1.132435,1.153982,1
instances/k14_uniform_tight_s3.txt,14,uniform,tight,3,148.7776,approx,0.050000,148.777607,1.000000,23,160,1.135451,1.202680,1
instances/k14_uniform_tight_s3.txt,14,uniform,tight,3,148.7776,approx,0.100000,148.777607,1.000000,21,161,1.147824,1.165668,1
instances/k14_uniform_tight_s3.txt,14,uniform,tight,3,148.7776,approx,0.200000,148.777607,1.000000,20,160,1.127526,1.169455,1
instances/k14_uniform_tight_s4.txt,14,uniform,tight,4,116.2743,dp,0.000000,116.274342,1.000000,78449,0,6.085294,7.007126,1
instances/k14_uniform_tight_s4.txt,14,uniform,tight,4,116.2743,dp_par,0.000000,116.274342,1.000000,78449,0,3.811567,3.918180,1
instances/k14_uniform_tight_s4.txt,14,uniform,tight,4,116.2743,dp_prune,0.000000,116.274342,1.000000,231,297,1.444754,1.462848,1
instances/k14_uniform_tight_s4.txt,14,uniform,tight,4,116.2743,approx,0.000000,116.274342,1.000000,231,297,1.139178,1.184458,1
instances/k14_uniform_tight_s4.txt,14,uniform,tight,4,116.2743,approx,0.020000,116.274342,1.000000,231,297,1.133928,1.142378,1
instances/k14_uniform_tight_s4.txt,14,uniform,tight,4,116.2743,approx,0.050000,116.274342,1.000000,231,297,1.141713,1.162935,1
instances/k14_uniform_tight_s4.txt,14,uniform,tight,4,116.2743,approx,0.100000,116.274342,1.000000,231,297,1.132795,1.163007,1
instances/k14_uniform_tight_s4.txt,14,uniform,tight,4,116.2743,approx,0.200000,116.274342,1.000000,231,297,1.126184,1.183177,1
instances/k14_clustered_loose_s0.txt,14,clustered,loose,0,56.6051,dp,0.000000,56.605125,1.000000,106812,0,8.363540,8.779087,1
instances/k14_clustered_loose_s0.txt,14,clustered,loose,0,56.6051,dp_par,0.000000,56.605125,1.000000,106812,0,4.480308,4.811348,1
instances/k14_clustered_loose_s0.txt,14,clustered,loose,0,56.6051,dp_prune,0.000000,56.605125,1.000000,27045,29446,6.179311,6.877021,1
instances/k14_clustered_loose_s0.txt,14,clustered,loose,0,56.6051,approx,0.000000,56.605125,1.000000,25321,31158,6.233744,6.480132,1
instances/k14_clustered_loose_s0.txt,14,clustered,loose,0,56.6051,approx,0.020000,56.605125,1.000000,23520,32878,6.195602,6.300885,1
instances/k14_clustered_loose_s0.txt,14,clustered,loose,0,56.6051,approx,0.050000,56.605125,1.000000,22863,33365,6.058073,6.170042,1
instances/k14_clustered_loose_s0.txt,14,clustered,loose,0,56.6051,approx,0.100000,56.605125,1.000000,22805,33126,6.065136,6.157805,1
instances/k14_clustered_loose_s0.txt,14,clustered,loose,0,56.6051,approx,0.200000,56.605125,1.000000,17041,34932,5.032429,5.256988,1
instances/k14_clustered_loose_s1.txt,14,clustered,loose,1,48.1911,dp,0.000000,48.191149,1.000001,106554,0,8.368619,8.796627,1
instances/k14_clustered_loose_s1.txt,14,clustered,loose,1,48.1911,dp_par,0.000000,48.191149,1.000001,106554,0,4.367605,4.499201,1
instances/k14_clustered_loose_s1.txt,14,clustered,loose,1,48.1911,dp_prune,0.000000,48.191149,1.000001,52810,1174,7.524688,7.828585,1
instances/k14_clustered_loose_s1.txt,14,clustered,loose,1,48.1911,approx,0.000000,48.191149,1.000001,31570,22300,5.699897,6.612892,1
instances/k14_clustered_loose_s1.txt,14,clustered,loose,1,48.1911,approx,0.020000,48.191149,1.000001,25721,27215,6.087017,6.290573,1
instances/k14_clustered_loose_s1.txt,14,clustered,loose,1,48.1911,approx,0.050000,48.191149,1.000001,15316,25882,4.568564,5.385146,1
instances/k14_clustered_loose_s1.txt,14,clustered,loose,1,48.1911,approx,0.100000,48.212281,1.000440,1761,5291,1.574298,1.684468,1
instances/k14_clustered_loose_s1.txt,14,clustered,loose,1,48.1911,approx,0.200000,48.467843,1.005743,212,1227,1.169215,1.227176,1
instances/k14_clustered_loose_s2.txt,14,clustered,loose,2,55.4076,dp,0.000000,55.407600,1.000000,114687,0,9.146346,9.732218,1
instances/k14_clustered_loose_s2.txt,14,clustered,loose,2,55.4076,dp_par,0.000000,55.407600,1.000000,114687,0,4.482743,4.517141,1
instances/k14_clustered_loose_s2.txt,14,clustered,loose,2,55.4076,dp_prune,0.000000,55.407600,1.000000,39891,46419,6.866077,7.737061,1
instances/k14_clustered_loose_s2.txt,14,clustered,loose,2,55.4076,approx,0.000000,55.407600,1.000000,12995,25306,3.827566,3.969244,1
instances/k14_clustered_loose_s2.txt,14,clustered,loose,2,55.4076,approx,0.020000,55.407600,1.000000,5511,13034,2.351093,2.427784,1
instances/k14_clustered_loose_s2.txt,14,clustered,loose,2,55.4076,approx,0.050000,55.407600,1.000000,2238,6269,1.607631,1.694579,1
instances/k14_clustered_loose_s2.txt,14,clustered,loose,2,55.4076,approx,0.100000,55.407600,1.000000,1235,2209,1.319397,1.384490,1
instances/k14_clustered_loose_s2.txt,14,clustered,loose,2,55.4076,approx,0.200000,55.407600,1.000000,1205,2045,1.304399,1.352071,1
instances/k14_clustered_loose_s3.txt,14,clustered,loose,3,55.0789,dp,0.000000,55.078933,1.000001,111042,0,7.976039,8.889273,1
instances/k14_clustered_loose_s3.txt,14,clustered,loose,3,55.0789,dp_par,0.000000,55.078933,1.000001,111042,0,4.468505,4.599214,1
instances/k14_clustered_loose_s3.txt,14,clustered,loose,3,55.0789,dp_prune,0.000000,55.078933,1.000001,69682,22964,9.683418,9.977354,1
instances/k14_clustered_loose_s3.txt,14,clustered,loose,3,55.0789,approx,0.000000,55.078933,1.000001,39882,32245,6.920108,7.513471,1
instances/k14_clustered_loose_s3.txt,14,clustered,loose,3,55.0789,approx,0.020000,55.078933,1.000001,28887,29593,6.141199,6.436330,1
instances/k14_clustered_loose_s3.txt,14,clustered,loose,3,55.0789,approx,0.050000,55.115155,1.000658,17184,22315,4.292413,4.354267,1
instances/k14_clustered_loose_s3.txt,14,clustered,loose,3,55.0789,approx,0.100000,55.708545,1.011432,10402,7457,2.749454,2.786522,1
instances/k14_clustered_loose_s3.txt,14,clustered,loose,3,55.0789,approx,0.200000,55.708545,1.011432,3115,5642,1.685639,1.741878,1
instances/k14_clustered_loose_s4.txt,14,clustered,loose,4,52.5924,dp,0.000000,52.592397,1.000000,111868,0,8.946309,9.601604,1
instances/k14_clustered_loose_s4.txt,14,clustered,loose,4,52.5924,dp_par,0.000000,52.592397,1.000000,111868,0,4.474507,4.591674,1
instances/k14_clustered_loose_s4.txt,14,clustered,loose,4,52.5924,dp_prune,0.000000,52.592397,1.000000,73262,25288,11.621623,11.868619,1
instances/k14_clustered_loose_s4.txt,14,clustered,loose,4,52.5924,approx,0.000000,52.592397,1.000000,71006,27544,11.630710,11.803814,1
instances/k14_clustered_loose_s4.txt,14,clustered,loose,4,52.5924,approx,0.020000,52.592397,1.000000,65765,32587,11.381330,11.755449,1
instances/k14_clustered_loose_s4.txt,14,clustered,loose,4,52.5924,approx,0.050000,52.592397,1.000000,51760,42721,10.358061,10.629651,1
instances/k14_clustered_loose_s4.txt,14,clustered,loose,4,52.5924,approx,0.100000,52.592397,1.000000,29265,47256,7.613815,7.770617,1
instances/k14_clustered_loose_s4.txt,14,clustered,loose,4,52.5924,approx,0.200000,52.592397,1.000000,22742,41810,5.490653,6.176228,1
instances/k14_clustered_tight_s0.txt,14,clustered,tight,0,126.8488,dp,0.000000,126.848836,1.000000,67520,0,5.975346,6.370323,1
instances/k14_clustered_tight_s0.txt,14,clustered,tight,0,126.8488,dp_par,0.000000,126.848836,1.000000,67520,0,3.719624,3.803443,1
instances/k14_clustered_tight_s0.txt,14,clustered,tight,0,126.8488,dp_prune,0.000000,126.848836,1.000000,84,235,1.417373,1.443183,1
instances/k14_clustered_tight_s0.txt,14,clustered,tight,0,126.8488,approx,0.000000,126.848836,1.000000,80,236,1.111676,1.212462,1
instances/k14_clustered_tight_s0.txt,14,clustered,tight,0,126.8488,approx,0.020000,126.848836,1.000000,79,235,1.161760,1.183051,1
instances/k14_clustered_tight_s0.txt,14,clustered,tight,0,126.8488,approx,0.050000,126.848836,1.000000,79,235,1.118639,1.148854,1
instances/k14_clustered_tight_s0.txt,14,clustered,tight,0,126.8488,approx,0.100000,126.848836,1.000000,70,236,1.130141,1.203726,1
instances/k14_clustered_tight_s0.txt,14,clustered,tight,0,126.8488,approx,0.200000,127.273623,1.003349,53,225,1.130772,1.179288,1
instances/k14_clustered_tight_s1.txt,14,clustered,tight,1,74.1878,dp,0.000000,74.187822,1.000000,87204,0,7.802522,8.132795,1
instances/k14_clustered_tight_s1.txt,14,clustered,tight,1,74.1878,dp_par,0.000000,74.187822,1.000000,87204,0,4.119948,4.165666,1
instances/k14_clustered_tight_s1.txt,14,clustered,tight,1,74.1878,dp_prune,0.000000,74.187822,1.000000,1584,1566,1.660661,1.689383,1
instances/k14_clustered_tight_s1.txt,14,clustered,tight,1,74.1878,approx,0.000000,74.187822,1.000000,1584,1566,1.394049,1.435984,1
instances/k14_clustered_tight_s1.txt,14,clustered,tight,1,74.1878,approx,0.020000,74.187822,1.000000,1584,1566,1.317885,1.356564,1
instances/k14_clustered_tight_s1.txt,14,clustered,tight,1,74.1878,approx,0.050000,74.187822,1.000000,1584,1566,1.331371,1.387689,1
instances/k14_clustered_tight_s1.txt,14,clustered,tight,1,74.1878,approx,0.100000,74.187822,1.000000,1584,1566,1.366096,1.445568,1
instances/k14_clustered_tight_s1.txt,14,clustered,tight,1,74.1878,approx,0.200000,74.187822,1.000000,1581,1569,1.385722,1.612647,1
instances/k14_clustered_tight_s2.txt,14,clustered,tight,2,97.2628,dp,0.000000,97.262792,1.000000,86719,0,7.178685,7.673787,1
instances/k14_clustered_tight_s2.txt,14,clustered,tight,2,97.2628,dp_par,0.000000,97.262792,1.000000,86719,0,4.294878,4.361053,1
instances/k14_clustered_tight_s2.txt,14,clustered,tight,2,97.2628,dp_prune,0.000000,97.262792,1.000000,205,954,1.452529,1.533932,1
instances/k14_clustered_tight_s2.txt,14,clustered,tight,2,97.2628,approx,0.000000,97.262792,1.000000,205,954,1.173433,1.222415,1
instances/k14_clustered_tight_s2.txt,14,clustered,tight,2,97.2628,approx,0.020000,97.262792,1.000000,205,954,1.185184,1.215011,1
instances/k14_clustered_tight_s2.txt,14,clustered,tight,2,97.2628,approx,0.050000,97.262792,1.000000,204,955,1.155648,1.274727,1
instances/k14_clustered_tight_s2.txt,14,clustered,tight,2,97.2628,approx,0.100000,97.262792,1.000000,203,956,1.161029,1.214574,1
instances/k14_clustered_tight_s2.txt,14,clustered,tight,2,97.2628,approx,0.200000,97.262792,1.000000,203,956,0.697665,1.115838,1
instances/k14_clustered_tight_s3.txt,14,clustered,tight,3,211.1733,dp,0.000000,211.173275,1.000000,74497,0,6.696707,7.007627,1
instances/k14_clustered_tight_s3.txt,14,clustered,tight,3,211.1733,dp_par,0.000000,211.173275,1.000000,74497,0,3.804013,3.909818,1
instances/k14_clustered_tight_s3.txt,14,clustered,tight,3,211.1733,dp_prune,0.000000,211.173275,1.000000,58,260,1.410850,1.439632,1
instances/k14_clustered_tight_s3.txt,14,clustered,tight,3,211.1733,approx,0.000000,211.173275,1.000000,58,260,1.149217,1.228290,1
instances/k14_clustered_tight_s3.txt,14,clustered,tight,3,211.1733,approx,0.020000,211.173275,1.000000,58,260,1.139478,1.157829,1
instances/k14_clustered_tight_s3.txt,14,clustered,tight,3,211.1733,approx,0.050000,211.173275,1.000000,56,262,1.149888,1.196959,1
instances/k14_clustered_tight_s3.txt,14,clustered,tight,3,211.1733,approx,0.100000,211.173275,1.000000,54,263,1.149046,1.187198,1
instances/k14_clustered_tight_s3.txt,14,clustered,tight,3,211.1733,approx,0.200000,211.173275,1.000000,45,256,1.200870,1.330349,1
instances/k14_clustered_tight_s4.txt,14,clustered,tight,4,87.5887,dp,0.000000,87.588738,1.000000,77566,0,6.808508,7.152343,1
instances/k14_clustered_tight_s4.txt,14,clustered,tight,4,87.5887,dp_par,0.000000,87.588738,1.000000,77566,0,3.596050,3.922916,1
instances/k14_clustered_tight_s4.txt,14,clustered,tight,4,87.5887,dp_prune,0.000000,87.588738,1.000000,142,381,1.146001,1.189998,1
instances/k14_clustered_tight_s4.txt,14,clustered,tight,4,87.5887,approx,0.000000,87.588738,1.000000,142,381,1.207166,1.353354,1
instances/k14_clustered_tight_s4.txt,14,clustered,tight,4,87.5887,approx,0.020000,87.588738,1.000000,142,381,1.145109,1.192344,1
instances/k14_clustered_tight_s4.txt,14,clustered,tight,4,87.5887,approx,0.050000,87.588738,1.000000,142,381,1.157402,1.193432,1
instances/k14_clustered_tight_s4.txt,14,clustered,tight,4,87.5887,approx,0.100000,87.588738,1.000000,135,388,1.143957,1.185433,1
instances/k14_clustered_tight_s4.txt,14,clustered,tight,4,87.5887,approx,0.200000,88.201524,1.006997,103,402,1.153785,1.239762,1
instances/k14_linear_loose_s0.txt,14,linear,loose,0,54.5816,dp,0.000000,54.581551,0.999999,110904,0,8.747844,9.190923,1
instances/k14_linear_loose_s0.txt,14,linear,loose,0,54.5816,dp_par,0.000000,54.581551,0.999999,110904,0,4.623618,4.672378,1
instances/k14_linear_loose_s0.txt,14,linear,loose,0,54.5816,dp_prune,0.000000,54.581551,0.999999,64408,26100,10.463870,10.608783,1
instances/k14_linear_loose_s0.txt,14,linear,loose,0,54.5816,approx,0.000000,54.581551,0.999999,62244,28264,10.626837,11.140936,1
instances/k14_linear_loose_s0.txt,14,linear,loose,0,54.5816,approx,0.020000,54.581551,0.999999,58924,31584,10.547237,10.847878,1
instances/k14_linear_loose_s0.txt,14,linear,loose,0,54.5816,approx,0.050000,54.620452,1.000712,53312,36332,9.410083,10.090288,1
instances/k14_linear_loose_s0.txt,14,linear,loose,0,54.5816,approx,0.100000,54.620452,1.000712,41313,35977,8.528370,8.670047,1
instances/k14_linear_loose_s0.txt,14,linear,loose,0,54.5816,approx,0.200000,54.634694,1.000973,19114,22961,4.950213,5.095840,1
instances/k14_linear_loose_s1.txt,14,linear,loose,1,51.0621,dp,0.000000,51.062086,1.000000,99109,0,8.039809,8.485453,1
instances/k14_linear_loose_s1.txt,14,linear,loose,1,51.0621,dp_par,0.000000,51.062086,1.000000,99109,0,4.428179,4.531448,1
instances/k14_linear_loose_s1.txt,14,linear,loose,1,51.0621,dp_prune,0.000000,51.062086,1.000000,12132,11354,2.972725,3.239354,1
instances/k14_linear_loose_s1.txt,14,linear,loose,1,51.0621,approx,0.000000,51.062086,1.000000,12095,11391,2.969849,3.062679,1
instances/k14_linear_loose_s1.txt,14,linear,loose,1,51.0621,approx,0.020000,51.062086,1.000000,11716,11770,2.952667,3.078312,1
instances/k14_linear_loose_s1.txt,14,linear,loose,1,51.0621,approx,0.050000,51.062086,1.000000,11206,12175,2.923342,2.981085,1
instances/k14_linear_loose_s1.txt,14,linear,loose,1,51.0621,approx,0.100000,51.062086,1.000000,9713,12136,2.764462,2.825774,1
instances/k14_linear_loose_s1.txt,14,linear,loose,1,51.0621,approx,0.200000,51.094712,1.000639,5907,7728,2.078749,2.148625,1
instances/k14_linear_loose_s2.txt,14,linear,loose,2,51.7071,dp,0.000000,51.707097,1.000000,114688,0,8.874593,9.420238,1
instances/k14_linear_loose_s2.txt,14,linear,loose,2,51.7071,dp_par,0.000000,51.707097,1.000000,114688,0,4.577801,4.789629,1
instances/k14_linear_loose_s2.txt,14,linear,loose,2,51.7071,dp_prune,0.000000,51.707097,1.000000,93060,21628,14.020455,14.168802,1
instances/k14_linear_loose_s2.txt,14,linear,loose,2,51.7071,approx,0.000000,51.707097,1.000000,92390,22298,13.750226,14.716129,1
instances/k14_linear_loose_s2.txt,14,linear,loose,2,51.7071,approx,0.020000,51.707097,1.000000,85856,28832,14.084547,14.379703,1
instances/k14_linear_loose_s2.txt,14,linear,loose,2,51.7071,approx,0.050000,51.707097,1.000000,75316,37657,13.365250,13.931492,1
instances/k14_linear_loose_s2.txt,14,linear,loose,2,51.7071,approx,0.100000,51.707097,1.000000,54558,41384,10.739549,10.959128,1
instances/k14_linear_loose_s2.txt,14,linear,loose,2,51.7071,approx,0.200000,51.715619,1.000165,21161,26052,5.378872,5.510358,1
instances/k14_linear_loose_s3.txt,14,linear,loose,3,53.9045,dp,0.000000,53.904485,1.000000,114688,0,8.588133,9.342748,1
instances/k14_linear_loose_s3.txt,14,linear,loose,3,53.9045,dp_par,0.000000,53.904485,1.000000,114688,0,4.532556,4.598394,1
instances/k14_linear_loose_s3.txt,14,linear,loose,3,53.9045,dp_prune,0.000000,53.904485,1.000000,102965,11723,14.210183,14.502541,1
instances/k14_linear_loose_s3.txt,14,linear,loose,3,53.9045,approx,0.000000,53.904485,1.000000,97535,16947,14.574371,14.850397,1
instances/k14_linear_loose_s3.txt,14,linear,loose,3,53.9045,approx,0.020000,53.904485,1.000000,89341,23556,13.862037,14.225945,1
instances/k14_linear_loose_s3.txt,14,linear,loose,3,53.9045,approx,0.050000,53.904485,1.000000,73621,30505,12.342462,12.698403,1
instances/k14_linear_loose_s3.txt,14,linear,loose,3,53.9045,approx,0.100000,53.904485,1.000000,46094,31658,9.118964,9.332168,1
instances/k14_linear_loose_s3.txt,14,linear,loose,3,53.9045,approx,0.200000,53.904485,1.000000,13448,21020,4.145406,4.283960,1
instances/k14_linear_loose_s4.txt,14,linear,loose,4,42.4752,dp,0.000000,42.475221,1.000001,106934,0,8.478666,9.022301,1
instances/k14_linear_loose_s4.txt,14,linear,loose,4,42.4752,dp_par,0.000000,42.475221,1.000001,106934,0,4.355943,4.464797,1
instances/k14_linear_loose_s4.txt,14,linear,loose,4,42.4752,dp_prune,0.000000,42.475221,1.000001,54722,3177,7.192732,7.905991,1
instances/k14_linear_loose_s4.txt,14,linear,loose,4,42.4752,approx,0.000000,42.475221,1.000001,35190,22709,6.476913,7.277041,1
instances/k14_linear_loose_s4.txt,14,linear,loose,4,42.4752,approx,0.020000,42.475221,1.000001,32769,25130,7.025918,7.276666,1
instances/k14_linear_loose_s4.txt,14,linear,loose,4,42.4752,approx,0.050000,42.475221,1.000001,29288,28588,6.720993,6.877957,1
instances/k14_linear_loose_s4.txt,14,linear,loose,4,42.4752,approx,0.100000,42.475221,1.000001,22192,30565,5.939930,6.133662,1
instances/k14_linear_loose_s4.txt,14,linear,loose,4,42.4752,approx,0.200000,42.475221,1.000001,4506,11078,2.385468,2.457476,1
instances/k14_linear_tight_s0.txt,14,linear,tight,0,106.8594,dp,0.000000,106.859408,1.000000,81274,0,6.934425,7.757032,1
instances/k14_linear_tight_s0.txt,14,linear,tight,0,106.8594,dp_par,0.000000,106.859408,1.000000,81274,0,3.763566,3.830338,1
instances/k14_linear_tight_s0.txt,14,linear,tight,0,106.8594,dp_prune,0.000000,106.859408,1.000000,223,528,1.429666,1.492951,1
instances/k14_linear_tight_s0.txt,14,linear,tight,0,106.8594,approx,0.000000,106.859408,1.000000,223,528,1.173101,1.300758,1
instances/k14_linear_tight_s0.txt,14,linear,tight,0,106.8594,approx,0.020000,106.859408,1.000000,214,537,1.153074,1.188952,1
instances/k14_linear_tight_s0.txt,14,linear,tight,0,106.8594,approx,0.050000,106.859408,1.000000,214,537,1.152814,1.203421,1
instances/k14_linear_tight_s0.txt,14,linear,tight,0,106.8594,approx,0.100000,106.859408,1.000000,197,554,1.150339,1.182764,1
instances/k14_linear_tight_s0.txt,14,linear,tight,0,106.8594,approx,0.200000,113.545291,1.062567,129,572,1.177410,1.208480,1
instances/k14_linear_tight_s1.txt,14,linear,tight,1,58.1724,dp,0.000000,58.172418,1.000000,65181,0,5.361239,5.772244,1
instances/k14_linear_tight_s1.txt,14,linear,tight,1,58.1724,dp_par,0.000000,58.172418,1.000000,65181,0,3.654931,3.704264,1
instances/k14_linear_tight_s1.txt,14,linear,tight,1,58.1724,dp_prune,0.000000,58.172418,1.000000,308,540,0.655626,1.107265,1
instances/k14_linear_tight_s1.txt,14,linear,tight,1,58.1724,approx,0.000000,58.172418,1.000000,300,548,1.160118,1.201096,1
instances/k14_linear_tight_s1.txt,14,linear,tight,1,58.1724,approx,0.020000,58.172418,1.000000,294,547,1.195825,1.263943,1
instances/k14_linear_tight_s1.txt,14,linear,tight,1,58.1724,approx,0.050000,58.172418,1.000000,277,546,1.145179,1.204341,1
instances/k14_linear_tight_s1.txt,14,linear,tight,1,58.1724,approx,0.100000,58.172418,1.000000,268,548,1.245899,1.379104,1
instances/k14_linear_tight_s1.txt,14,linear,tight,1,58.1724,approx,0.200000,58.172418,1.000000,253,555,1.160088,1.270937,1
instances/k14_linear_tight_s2.txt,14,linear,tight,2,58.2037,dp,0.000000,58.203733,1.000001,89628,0,7.481496,7.881969,1
instances/k14_linear_tight_s2.txt,14,linear,tight,2,58.2037,dp_par,0.000000,58.203733,1.000001,89628,0,4.129636,4.207908,1
instances/k14_linear_tight_s2.txt,14,linear,tight,2,58.2037,dp_prune,0.000000,58.203733,1.000001,4916,1289,1.698723,2.018604,1
instances/k14_linear_tight_s2.txt,14,linear,tight,2,58.2037,approx,0.000000,58.203733,1.000001,1970,4091,1.523282,1.747783,1
instances/k14_linear_tight_s2.txt,14,linear,tight,2,58.2037,approx,0.020000,58.203733,1.000001,1612,4215,1.903369,2.037919,1
instances/k14_linear_tight_s2.txt,14,linear,tight,2,58.2037,approx,0.050000,58.203733,1.000001,810,2530,1.473238,1.617552,1
instances/k14_linear_tight_s2.txt,14,linear,tight,2,58.2037,approx,0.100000,58.203733,1.000001,252,1218,1.556084,1.629917,1
instances/k14_linear_tight_s2.txt,14,linear,tight,2,58.2037,approx,0.200000,58.203733,1.000001,156,1066,1.539082,1.618881,1
instances/k14_linear_tight_s3.txt,14,linear,tight,3,61.2894,dp,0.000000,61.289365,0.999999,80025,0,7.358184,8.507493,1
instances/k14_linear_tight_s3.txt,14,linear,tight,3,61.2894,dp_par,0.000000,61.289365,0.999999,80025,0,3.950589,4.108793,1
instances/k14_linear_tight_s3.txt,14,linear,tight,3,61.2894,dp_prune,0.000000,61.289365,0.999999,1732,1405,1.771059,1.855204,1
instances/k14_linear_tight_s3.txt,14,linear,tight,3,61.2894,approx,0.000000,61.289365,0.999999,1722,1415,1.838136,1.898612,1
instances/k14_linear_tight_s3.txt,14,linear,tight,3,61.2894,approx,0.020000,61.289365,0.999999,1718,1419,1.566233,1.751627,1
instances/k14_linear_tight_s3.txt,14,linear,tight,3,61.2894,approx,0.050000,61.289365,0.999999,1718,1419,1.379171,1.423614,1
instances/k14_linear_tight_s3.txt,14,linear,tight,3,61.2894,approx,0.100000,61.289365,0.999999,1718,1419,1.356448,1.389650,1
instances/k14_linear_tight_s3.txt,14,linear,tight,3,61.2894,approx,0.200000,61.289365,0.999999,1451,1659,1.349665,1.412716,1
instances/k14_linear_tight_s4.txt,14,linear,tight,4,65.4487,dp,0.000000,65.448714,1.000000,73956,0,6.381092,6.787404,1
instances/k14_linear_tight_s4.txt,14,linear,tight,4,65.4487,dp_par,0.000000,65.448714,1.000000,73956,0,4.047963,4.084113,1
instances/k14_linear_tight_s4.txt,14,linear,tight,4,65.4487,dp_prune,0.000000,65.448714,1.000000,932,1811,1.569900,1.618303,1
instances/k14_linear_tight_s4.txt,14,linear,tight,4,65.4487,approx,0.000000,65.448714,1.000000,932,1811,1.290423,1.324796,1
instances/k14_linear_tight_s4.txt,14,linear,tight,4,65.4487,approx,0.020000,65.448714,1.000000,932,1811,1.272990,1.375479,1
instances/k14_linear_tight_s4.txt,14,linear,tight,4,65.4487,approx,0.050000,65.448714,1.000000,932,1811,1.280113,1.335614,1
instances/k14_linear_tight_s4.txt,14,linear,tight,4,65.4487,approx,0.100000,65.448714,1.000000,932,1811,1.682392,1.743868,1
instances/k14_linear_tight_s4.txt,14,linear,tight,4,65.4487,approx,0.200000,65.448714,1.000000,925,1818,1.691760,1.720566,1
instances/k14_spiral_loose_s0.txt,14,spiral,loose,0,81.103,dp,0.000000,81.103016,1.000000,106527,0,8.919969,10.046801,1
instances/k14_spiral_loose_s0.txt,14,spiral,loose,0,81.103,dp_par,0.000000,81.103016,1.000000,106527,0,4.021613,4.077759,1
instances/k14_spiral_loose_s0.txt,14,spiral,loose,0,81.103,dp_prune,0.000000,81.103016,1.000000,50551,3536,7.351902,7.617249,1
instances/k14_spiral_loose_s0.txt,14,spiral,loose,0,81.103,approx,0.000000,81.103016,1.000000,50104,3983,6.739688,7.375094,1
instances/k14_spiral_loose_s0.txt,14,spiral,loose,0,81.103,approx,0.020000,81.103016,1.000000,48767,5320,7.001311,7.863314,1
instances/k14_spiral_loose_s0.txt,14,spiral,loose,0,81.103,approx,0.050000,81.103016,1.000000,43440,10419,7.127579,8.019248,1
instances/k14_spiral_loose_s0.txt,14,spiral,loose,0,81.103,approx,0.100000,84.717326,1.044565,25911,21529,5.734913,5.916410,1
instances/k14_spiral_loose_s0.txt,14,spiral,loose,0,81.103,approx,0.200000,86.820351,1.070495,2306,9076,1.569359,1.934680,1
instances/k14_spiral_loose_s1.txt,14,spiral,loose,1,81.5323,dp,0.000000,81.532280,1.000000,114684,0,8.601859,10.687309,1
instances/k14_spiral_loose_s1.txt,14,spiral,loose,1,81.5323,dp_par,0.000000,81.532280,1.000000,114684,0,4.558586,5.492504,1
instances/k14_spiral_loose_s1.txt,14,spiral,loose,1,81.5323,dp_prune,0.000000,81.532280,1.000000,112444,2237,15.047662,17.057320,1
instances/k14_spiral_loose_s1.txt,14,spiral,loose,1,81.5323,approx,0.000000,81.532280,1.000000,99628,14209,14.543322,17.538709,1
instances/k14_spiral_loose_s1.txt,14,spiral,loose,1,81.5323,approx,0.020000,81.532280,1.000000,88085,23978,15.234254,16.963078,1
instances/k14_spiral_loose_s1.txt,14,spiral,loose,1,81.5323,approx,0.050000,81.532280,1.000000,64237,39924,11.998739,14.107865,1
instances/k14_spiral_loose_s1.txt,14,spiral,loose,1,81.5323,approx,0.100000,83.606234,1.025437,24353,42302,6.828565,6.965145,1
instances/k14_spiral_loose_s1.txt,14,spiral,loose,1,81.5323,approx,0.200000,83.744902,1.027138,576,4128,1.432992,1.479678,1
instances/k14_spiral_loose_s2.txt,14,spiral,loose,2,79.1093,dp,0.000000,79.109252,0.999999,105773,0,8.652364,9.393898,1
instances/k14_spiral_loose_s2.txt,14,spiral,loose,2,79.1093,dp_par,0.000000,79.109252,0.999999,105773,0,4.603730,4.685366,1
instances/k14_spiral_loose_s2.txt,14,spiral,loose,2,79.1093,dp_prune,0.000000,79.109252,0.999999,37448,18892,6.649718,6.857438,1
instances/k14_spiral_loose_s2.txt,14,spiral,loose,2,79.1093,approx,0.000000,79.109252,0.999999,34092,21886,6.690345,6.813659,1
instances/k14_spiral_loose_s2.txt,14,spiral,loose,2,79.1093,approx,0.020000,79.109252,0.999999,30783,24398,6.346556,6.494948,1
instances/k14_spiral_loose_s2.txt,14,spiral,loose,2,79.1093,approx,0.050000,79.109252,0.999999,23483,27526,5.702963,5.795842,1
instances/k14_spiral_loose_s2.txt,14,spiral,loose,2,79.1093,approx,0.100000,81.041327,1.024422,10807,25401,4.054735,4.227497,1
instances/k14_spiral_loose_s2.txt,14,spiral,loose,2,79.1093,approx,0.200000,82.806990,1.046742,1077,6496,1.643999,1.689261,1
instances/k14_spiral_loose_s3.txt,14,spiral,loose,3,79.1557,dp,0.000000,79.155669,1.000000,103710,0,8.741021,9.162730,1
instances/k14_spiral_loose_s3.txt,14,spiral,loose,3,79.1557,dp_par,0.000000,79.155669,1.000000,103710,0,4.021332,4.413951,1
instances/k14_spiral_loose_s3.txt,14,spiral,loose,3,79.1557,dp_prune,0.000000,79.155669,1.000000,40897,18384,6.454851,6.664462,1
instances/k14_spiral_loose_s3.txt,14,spiral,loose,3,79.1557,approx,0.000000,79.155669,1.000000,40723,18558,6.748875,7.367037,1
instances/k14_spiral_loose_s3.txt,14,spiral,loose,3,79.1557,approx,0.020000,79.155669,1.000000,40282,18990,6.628047,7.019848,1
instances/k14_spiral_loose_s3.txt,14,spiral,loose,3,79.1557,approx,0.050000,79.155669,1.000000,38359,20685,6.477534,6.600674,1
instances/k14_spiral_loose_s3.txt,14,spiral,loose,3,79.1557,approx,0.100000,79.155669,1.000000,29370,26915,6.126733,6.515541,1
instances/k14_spiral_loose_s3.txt,14,spiral,loose,3,79.1557,approx,0.200000,85.785354,1.083755,4475,17403,2.623497,2.713206,1
instances/k14_spiral_loose_s4.txt,14,spiral,loose,4,83.0563,dp,0.000000,83.056297,1.000000,99886,0,8.652734,9.110470,1
instances/k14_spiral_loose_s4.txt,14,spiral,loose,4,83.0563,dp_par,0.000000,83.056297,1.000000,99886,0,4.108877,4.167895,1
instances/k14_spiral_loose_s4.txt,14,spiral,loose,4,83.0563,dp_prune,0.000000,83.056297,1.000000,23036,11202,4.340885,4.597238,1
instances/k14_spiral_loose_s4.txt,14,spiral,loose,4,83.0563,approx,0.000000,83.056297,1.000000,23028,11210,4.499784,4.697663,1
instances/k14_spiral_loose_s4.txt,14,spiral,loose,4,83.0563,approx,0.020000,83.056297,1.000000,22945,11279,4.516156,4.660133,1
instances/k14_spiral_loose_s4.txt,14,spiral,loose,4,83.0563,approx,0.050000,83.056297,1.000000,22332,11874,4.490888,4.608432,1
instances/k14_spiral_loose_s4.txt,14,spiral,loose,4,83.0563,approx,0.100000,83.056297,1.000000,18779,15106,4.204809,4.434151,1
instances/k14_spiral_loose_s4.txt,14,spiral,loose,4,83.0563,approx,0.200000,85.081054,1.024378,6464,16287,2.552052,2.917633,1
instances/k14_spiral_tight_s0.txt,14,spiral,tight,0,96.9149,dp,0.000000,96.914895,1.000000,67998,0,6.049627,6.426417,1
instances/k14_spiral_tight_s0.txt,14,spiral,tight,0,96.9149,dp_par,0.000000,96.914895,1.000000,67998,0,3.804243,3.903095,1
instances/k14_spiral_tight_s0.txt,14,spiral,tight,0,96.9149,dp_prune,0.000000,96.914895,1.000000,213,439,1.425148,1.463610,1
instances/k14_spiral_tight_s0.txt,14,spiral,tight,0,96.9149,approx,0.000000,96.914895,1.000000,213,439,1.185585,1.224849,1
instances/k14_spiral_tight_s0.txt,14,spiral,tight,0,96.9149,approx,0.020000,96.914895,1.000000,213,439,0.805238,1.102371,1
instances/k14_spiral_tight_s0.txt,14,spiral,tight,0,96.9149,approx,0.050000,96.914895,1.000000,213,439,1.147634,1.199315,1
instances/k14_spiral_tight_s0.txt,14,spiral,tight,0,96.9149,approx,0.100000,96.914895,1.000000,213,439,1.163374,1.182255,1
instances/k14_spiral_tight_s0.txt,14,spiral,tight,0,96.9149,approx,0.200000,96.914895,1.000000,212,440,1.151882,1.175308,1
instances/k14_spiral_tight_s1.txt,14,spiral,tight,1,110.993,dp,0.000000,110.992988,1.000000,64168,0,5.515309,5.940721,1
instances/k14_spiral_tight_s1.txt,14,spiral,tight,1,110.993,dp_par,0.000000,110.992988,1.000000,64168,0,3.618973,3.687745,1
instances/k14_spiral_tight_s1.txt,14,spiral,tight,1,110.993,dp_prune,0.000000,110.992988,1.000000,18,108,1.400471,1.455406,1
instances/k14_spiral_tight_s1.txt,14,spiral,tight,1,110.993,approx,0.000000,110.992988,1.000000,18,108,1.150670,1.230406,1
instances/k14_spiral_tight_s1.txt,14,spiral,tight,1,110.993,approx,0.020000,110.992988,1.000000,18,108,1.127847,1.190827,1
instances/k14_spiral_tight_s1.txt,14,spiral,tight,1,110.993,approx,0.050000,110.992988,1.000000,18,108,1.154637,1.162111,1
instances/k14_spiral_tight_s1.txt,14,spiral,tight,1,110.993,approx,0.100000,110.992988,1.000000,13,107,1.122697,1.194340,1
instances/k14_spiral_tight_s1.txt,14,spiral,tight,1,110.993,approx,0.200000,110.992988,1.000000,11,102,1.157543,1.205900,1
instances/k14_spiral_tight_s2.txt,14,spiral,tight,2,126.4837,dp,0.000000,126.483676,1.000000,79064,0,6.895482,7.315542,1
instances/k14_spiral_tight_s2.txt,14,spiral,tight,2,126.4837,dp_par,0.000000,126.483676,1.000000,79064,0,3.822507,3.991522,1
instances/k14_spiral_tight_s2.txt,14,spiral,tight,2,126.4837,dp_prune,0.000000,126.483676,1.000000,60,362,1.425208,1.465269,1
instances/k14_spiral_tight_s2.txt,14,spiral,tight,2,126.4837,approx,0.000000,126.483676,1.000000,60,362,1.127687,1.173382,1
instances/k14_spiral_tight_s2.txt,14,spiral,tight,2,126.4837,approx,0.020000,126.483676,1.000000,60,362,1.114622,1.151904,1
instances/k14_spiral_tight_s2.txt,14,spiral,tight,2,126.4837,approx,0.050000,126.483676,1.000000,60,362,1.118529,1.188353,1
instances/k14_spiral_tight_s2.txt,14,spiral,tight,2,126.4837,approx,0.100000,126.657045,1.001370,57,362,1.127256,1.159252,1
instances/k14_spiral_tight_s2.txt,14,spiral,tight,2,126.4837,approx,0.200000,126.657045,1.001370,50,352,1.132746,1.149993,1
instances/k14_spiral_tight_s3.txt,14,spiral,tight,3,108.8775,dp,0.000000,108.877456,1.000000,76943,0,6.644859,7.000157,1
instances/k14_spiral_tight_s3.txt,14,spiral,tight,3,108.8775,dp_par,0.000000,108.877456,1.000000,76943,0,3.834771,3.889951,1
instances/k14_spiral_tight_s3.txt,14,spiral,tight,3,108.8775,dp_prune,0.000000,108.877456,1.000000,52,239,1.415809,1.442089,1
instances/k14_spiral_tight_s3.txt,14,spiral,tight,3,108.8775,approx,0.000000,108.877456,1.000000,52,239,1.127946,1.186996,1
instances/k14_spiral_tight_s3.txt,14,spiral,tight,3,108.8775,approx,0.020000,108.877456,1.000000,52,239,1.133828,1.233452,1
instances/k14_spiral_tight_s3.txt,14,spiral,tight,3,108.8775,approx,0.050000,108.877456,1.000000,52,239,1.157282,1.196017,1
instances/k14_spiral_tight_s3.txt,14,spiral,tight,3,108.8775,approx,0.100000,108.989268,1.001027,45,242,1.124961,1.190899,1
instances/k14_spiral_tight_s3.txt,14,spiral,tight,3,108.8775,approx,0.200000,108.989268,1.001027,19,179,1.133517,1.181357,1
instances/k14_spiral_tight_s4.txt,14,spiral,tight,4,108.013,dp,0.000000,108.013038,1.000000,76501,0,6.072971,6.869511,1
instances/k14_spiral_tight_s4.txt,14,spiral,tight,4,108.013,dp_par,0.000000,108.013038,1.000000,76501,0,4.009981,4.141251,1
instances/k14_spiral_tight_s4.txt,14,spiral,tight,4,108.013,dp_prune,0.000000,108.013038,1.000000,40,148,1.448151,1.609513,1
instances/k14_spiral_tight_s4.txt,14,spiral,tight,4,108.013,approx,0.000000,108.013038,1.000000,40,148,1.124269,1.180165,1
instances/k14_spiral_tight_s4.txt,14,spiral,tight,4,108.013,approx,0.020000,108.013038,1.000000,40,148,1.135270,1.177154,1
instances/k14_spiral_tight_s4.txt,14,spiral,tight,4,108.013,approx,0.050000,108.013038,1.000000,40,148,1.123829,1.156098,1
instances/k14_spiral_tight_s4.txt,14,spiral,tight,4,108.013,approx,0.100000,108.013038,1.000000,37,150,1.121314,1.183846,1
instances/k14_spiral_tight_s4.txt,14,spiral,tight,4,108.013,approx,0.200000,108.013038,1.000000,8,93,1.112829,1.166183,1
instances/k14_sparse_loose_s0.txt,14,sparse,loose,0,210.4789,dp,0.000000,210.478853,1.000000,87520,0,7.157165,8.023040,1
instances/k14_sparse_loose_s0.txt,14,sparse,loose,0,210.4789,dp_par,0.000000,210.478853,1.000000,87520,0,4.151768,4.250364,1
instances/k14_sparse_loose_s0.txt,14,sparse,loose,0,210.4789,dp_prune,0.000000,210.478853,1.000000,6750,10933,2.345382,2.651766,1
instances/k14_sparse_loose_s0.txt,14,sparse,loose,0,210.4789,approx,0.000000,210.478853,1.000000,6750,10933,2.381871,2.461233,1
instances/k14_sparse_loose_s0.txt,14,sparse,loose,0,210.4789,approx,0.020000,210.478853,1.000000,6750,10933,2.387682,2.447533,1
instances/k14_sparse_loose_s0.txt,14,sparse,loose,0,210.4789,approx,0.050000,210.478853,1.000000,6750,10933,2.393442,2.441263,1
instances/k14_sparse_loose_s0.txt,14,sparse,loose,0,210.4789,approx,0.100000,210.478853,1.000000,6750,10933,2.357035,2.475482,1
instances/k14_sparse_loose_s0.txt,14,sparse,loose,0,210.4789,approx,0.200000,210.478853,1.000000,6750,10933,2.362515,2.467571,1
instances/k14_sparse_loose_s1.txt,14,sparse,loose,1,259.6381,dp,0.000000,259.638121,1.000000,101821,0,8.837433,9.207301,1
instances/k14_sparse_loose_s1.txt,14,sparse,loose,1,259.6381,dp_par,0.000000,259.638121,1.000000,101821,0,4.422850,4.456872,1
instances/k14_sparse_loose_s1.txt,14,sparse,loose,1,259.6381,dp_prune,0.000000,259.638121,1.000000,24615,20712,5.111237,5.598803,1
instances/k14_sparse_loose_s1.txt,14,sparse,loose,1,259.6381,approx,0.000000,259.638121,1.000000,16476,24984,4.611846,4.685486,1
instances/k14_sparse_loose_s1.txt,14,sparse,loose,1,259.6381,approx,0.020000,259.638121,1.000000,13809,24689,4.382193,4.504154,1
instances/k14_sparse_loose_s1.txt,14,sparse,loose,1,259.6381,approx,0.050000,259.723151,1.000328,9961,22173,3.715465,3.884011,1
instances/k14_sparse_loose_s1.txt,14,sparse,loose,1,259.6381,approx,0.100000,262.154554,1.009692,5165,15061,2.693238,2.738746,1
instances/k14_sparse_loose_s1.txt,14,sparse,loose,1,259.6381,approx,0.200000,262.154554,1.009692,737,3701,1.401803,1.447726,1
instances/k14_sparse_loose_s2.txt,14,sparse,loose,2,232.5326,dp,0.000000,232.532639,1.000000,87353,0,7.537422,7.719361,1
instances/k14_sparse_loose_s2.txt,14,sparse,loose,2,232.5326,dp_par,0.000000,232.532639,1.000000,87353,0,4.110851,4.173239,1
instances/k14_sparse_loose_s2.txt,14,sparse,loose,2,232.5326,dp_prune,0.000000,232.532639,1.000000,4521,4414,1.789043,2.146070,1
instances/k14_sparse_loose_s2.txt,14,sparse,loose,2,232.5326,approx,0.000000,232.532639,1.000000,4521,4414,1.827215,1.879638,1
instances/k14_sparse_loose_s2.txt,14,sparse,loose,2,232.5326,approx,0.020000,232.532639,1.000000,4521,4414,1.804633,1.866041,1
instances/k14_sparse_loose_s2.txt,14,sparse,loose,2,232.5326,approx,0.050000,232.532639,1.000000,4520,4415,1.784725,1.846676,1
instances/k14_sparse_loose_s2.txt,14,sparse,loose,2,232.5326,approx,0.100000,232.532639,1.000000,4493,4442,1.815784,1.886068,1
instances/k14_sparse_loose_s2.txt,14,sparse,loose,2,232.5326,approx,0.200000,232.532639,1.000000,3780,4805,1.765720,1.828466,1
instances/k14_sparse_loose_s3.txt,14,sparse,loose,3,219.1944,dp,0.000000,219.194425,1.000000,98921,0,8.243483,8.660636,1
instances/k14_sparse_loose_s3.txt,14,sparse,loose,3,219.1944,dp_par,0.000000,219.194425,1.000000,98921,0,4.313784,4.425100,1
instances/k14_sparse_loose_s3.txt,14,sparse,loose,3,219.1944,dp_prune,0.000000,219.194425,1.000000,12412,8206,2.803376,3.128525,1
instances/k14_sparse_loose_s3.txt,14,sparse,loose,3,219.1944,approx,0.000000,219.194425,1.000000,10567,10051,2.743994,2.860209,1
instances/k14_sparse_loose_s3.txt,14,sparse,loose,3,219.1944,approx,0.020000,219.194425,1.000000,10267,10351,2.092596,2.674533,1
instances/k14_sparse_loose_s3.txt,14,sparse,loose,3,219.1944,approx,0.050000,219.194425,1.000000,9661,10834,2.683580,2.724605,1
instances/k14_sparse_loose_s3.txt,14,sparse,loose,3,219.1944,approx,0.100000,219.194425,1.000000,7857,12037,2.496708,2.581043,1
instances/k14_sparse_loose_s3.txt,14,sparse,loose,3,219.1944,approx,0.200000,226.691571,1.034203,3467,9779,1.961168,1.974467,1
instances/k14_sparse_loose_s4.txt,14,sparse,loose,4,187.9599,dp,0.000000,187.959860,1.000000,76190,0,6.543498,7.073677,1
instances/k14_sparse_loose_s4.txt,14,sparse,loose,4,187.9599,dp_par,0.000000,187.959860,1.000000,76190,0,4.022975,4.068175,1
instances/k14_sparse_loose_s4.txt,14,sparse,loose,4,187.9599,dp_prune,0.000000,187.959860,1.000000,1446,1591,1.655281,1.695782,1
instances/k14_sparse_loose_s4.txt,14,sparse,loose,4,187.9599,approx,0.000000,187.959860,1.000000,1442,1595,1.335047,1.364404,1
instances/k14_sparse_loose_s4.txt,14,sparse,loose,4,187.9599,approx,0.020000,187.959860,1.000000,1430,1607,1.332362,1.365625,1
instances/k14_sparse_loose_s4.txt,14,sparse,loose,4,187.9599,approx,0.050000,187.959860,1.000000,1391,1646,1.342602,1.434236,1
instances/k14_sparse_loose_s4.txt,14,sparse,loose,4,187.9599,approx,0.100000,187.959860,1.000000,1296,1741,1.317064,1.394385,1
instances/k14_sparse_loose_s4.txt,14,sparse,loose,4,187.9599,approx,0.200000,187.959860,1.000000,1051,1913,1.295052,1.341041,1
instances/k14_sparse_tight_s0.txt,14,sparse,tight,0,356.1373,dp,0.000000,356.137312,1.000000,64488,0,5.669440,6.037840,1
instances/k14_sparse_tight_s0.txt,14,sparse,tight,0,356.1373,dp_par,0.000000,356.137312,1.000000,64488,0,3.570222,3.712676,1
instances/k14_sparse_tight_s0.txt,14,sparse,tight,0,356.1373,dp_prune,0.000000,356.137312,1.000000,26,118,1.374973,1.408348,1
instances/k14_sparse_tight_s0.txt,14,sparse,tight,0,356.1373,approx,0.000000,356.137312,1.000000,26,118,1.125102,1.229781,1
instances/k14_sparse_tight_s0.txt,14,sparse,tight,0,356.1373,approx,0.020000,356.137312,1.000000,26,118,1.108400,1.136733,1
instances/k14_sparse_tight_s0.txt,14,sparse,tight,0,356.1373,approx,0.050000,356.137312,1.000000,26,118,1.123619,1.184626,1
instances/k14_sparse_tight_s0.txt,14,sparse,tight,0,356.1373,approx,0.100000,356.137312,1.000000,26,118,1.130261,1.170317,1
instances/k14_sparse_tight_s0.txt,14,sparse,tight,0,356.1373,approx,0.200000,356.137312,1.000000,25,119,1.132545,1.240501,1
instances/k14_sparse_tight_s1.txt,14,sparse,tight,1,250.2971,dp,0.000000,250.297102,1.000000,88447,0,7.480685,8.183781,1
instances/k14_sparse_tight_s1.txt,14,sparse,tight,1,250.2971,dp_par,0.000000,250.297102,1.000000,88447,0,4.183117,4.438619,1
instances/k14_sparse_tight_s1.txt,14,sparse,tight,1,250.2971,dp_prune,0.000000,250.297102,1.000000,1299,772,1.661583,1.680144,1
instances/k14_sparse_tight_s1.txt,14,sparse,tight,1,250.2971,approx,0.000000,250.297102,1.000000,1299,772,1.268252,1.303572,1
instances/k14_sparse_tight_s1.txt,14,sparse,tight,1,250.2971,approx,0.020000,250.297102,1.000000,1299,772,1.292407,1.327239,1
instances/k14_sparse_tight_s1.txt,14,sparse,tight,1,250.2971,approx,0.050000,250.297102,1.000000,1299,772,1.295082,1.400761,1
instances/k14_sparse_tight_s1.txt,14,sparse,tight,1,250.2971,approx,0.100000,250.297102,1.000000,1299,772,1.271828,1.458664,1
instances/k14_sparse_tight_s1.txt,14,sparse,tight,1,250.2971,approx,0.200000,250.297102,1.000000,1299,772,1.258723,1.335154,1
instances/k14_sparse_tight_s2.txt,14,sparse,tight,2,425.2276,dp,0.000000,425.227553,1.000000,78832,0,6.868991,7.207882,1
instances/k14_sparse_tight_s2.txt,14,sparse,tight,2,425.2276,dp_par,0.000000,425.227553,1.000000,78832,0,3.926243,4.023084,1
instances/k14_sparse_tight_s2.txt,14,sparse,tight,2,425.2276,dp_prune,0.000000,425.227553,1.000000,89,150,1.407053,1.455665,1
instances/k14_sparse_tight_s2.txt,14,sparse,tight,2,425.2276,approx,0.000000,425.227553,1.000000,89,150,1.175586,1.261807,1
instances/k14_sparse_tight_s2.txt,14,sparse,tight,2,425.2276,approx,0.020000,425.227553,1.000000,82,157,1.125091,1.170064,1
instances/k14_sparse_tight_s2.txt,14,sparse,tight,2,425.2276,approx,0.050000,425.227553,1.000000,67,172,1.138967,1.194468,1
instances/k14_sparse_tight_s2.txt,14,sparse,tight,2,425.2276,approx,0.100000,432.444252,1.016971,28,158,1.131494,1.176310,1
instances/k14_sparse_tight_s2.txt,14,sparse,tight,2,425.2276,approx,0.200000,432.444252,1.016971,17,115,1.151882,1.171601,1
instances/k14_sparse_tight_s3.txt,14,sparse,tight,3,579.7077,dp,0.000000,579.707732,1.000000,74513,0,6.565099,7.000269,1
instances/k14_sparse_tight_s3.txt,14,sparse,tight,3,579.7077,dp_par,0.000000,579.707732,1.000000,74513,0,4.156838,4.319502,1
instances/k14_sparse_tight_s3.txt,14,sparse,tight,3,579.7077,dp_prune,0.000000,579.707732,1.000000,23,137,1.401142,1.439394,1
instances/k14_sparse_tight_s3.txt,14,sparse,tight,3,579.7077,approx,0.000000,579.707732,1.000000,23,137,1.114181,1.142532,1
instances/k14_sparse_tight_s3.txt,14,sparse,tight,3,579.7077,approx,0.020000,579.707732,1.000000,23,137,1.125473,1.146223,1
instances/k14_sparse_tight_s3.txt,14,sparse,tight,3,579.7077,approx,0.050000,579.707732,1.000000,21,138,1.125944,1.172751,1
instances/k14_sparse_tight_s3.txt,14,sparse,tight,3,579.7077,approx,0.100000,579.707732,1.000000,21,138,1.129810,1.151479,1
instances/k14_sparse_tight_s3.txt,14,sparse,tight,3,579.7077,approx,0.200000,579.707732,1.000000,20,137,1.165818,1.225234,1
instances/k14_sparse_tight_s4.txt,14,sparse,tight,4,490.2269,dp,0.000000,490.226869,1.000000,64005,0,5.563019,6.010507,1
instances/k14_sparse_tight_s4.txt,14,sparse,tight,4,490.2269,dp_par,0.000000,490.226869,1.000000,64005,0,3.759108,3.855828,1
instances/k14_sparse_tight_s4.txt,14,sparse,tight,4,490.2269,dp_prune,0.000000,490.226869,1.000000,17,126,1.408175,1.438534,1
instances/k14_sparse_tight_s4.txt,14,sparse,tight,4,490.2269,approx,0.000000,490.226869,1.000000,17,126,1.089775,1.167964,1
instances/k14_sparse_tight_s4.txt,14,sparse,tight,4,490.2269,approx,0.020000,490.226869,1.000000,17,126,1.139980,1.175190,1
instances/k14_sparse_tight_s4.txt,14,sparse,tight,4,490.2269,approx,0.050000,490.226869,1.000000,17,126,1.118188,1.140432,1
instances/k14_sparse_tight_s4.txt,14,sparse,tight,4,490.2269,approx,0.100000,490.226869,1.000000,14,126,1.118749,1.171521,1
instances/k14_sparse_tight_s4.txt,14,sparse,tight,4,490.2269,approx,0.200000,490.226869,1.000000,13,124,1.113390,1.146688,1
instances/k16_uniform_loose_s0.txt,16,uniform,loose,0,87.1403,dp,0.000000,87.140324,1.000000,441153,0,39.026695,41.186582,1
instances/k16_uniform_loose_s0.txt,16,uniform,loose,0,87.1403,dp_par,0.000000,87.140324,1.000000,441153,0,20.194247,20.335930,1
instances/k16_uniform_loose_s0.txt,16,uniform,loose,0,87.1403,dp_prune,0.000000,87.140324,1.000000,29600,26088,9.473292,9.546781,1
instances/k16_uniform_loose_s0.txt,16,uniform,loose,0,87.1403,approx,0.000000,87.140324,1.000000,29068,26596,9.701718,10.009112,1
instances/k16_uniform_loose_s0.txt,16,uniform,loose,0,87.1403,approx,0.020000,87.140324,1.000000,28385,27255,9.734545,10.133986,1
instances/k16_uniform_loose_s0.txt,16,uniform,loose,0,87.1403,approx,0.050000,87.140324,1.000000,26161,29054,9.729405,10.452270,1
instances/k16_uniform_loose_s0.txt,16,uniform,loose,0,87.1403,approx,0.100000,87.140324,1.000000,20240,33275,9.190679,9.819134,1
instances/k16_uniform_loose_s0.txt,16,uniform,loose,0,87.1403,approx,0.200000,87.140324,1.000000,6404,19611,6.829136,7.179950,1
instances/k16_uniform_loose_s1.txt,16,uniform,loose,1,81.9239,dp,0.000000,81.923896,1.000000,487468,0,43.236182,44.823351,1
instances/k16_uniform_loose_s1.txt,16,uniform,loose,1,81.9239,dp_par,0.000000,81.923896,1.000000,487468,0,19.863723,19.961796,1
instances/k16_uniform_loose_s1.txt,16,uniform,loose,1,81.9239,dp_prune,0.000000,81.923896,1.000000,69210,131512,19.522630,19.814188,1
instances/k16_uniform_loose_s1.txt,16,uniform,loose,1,81.9239,approx,0.000000,81.923896,1.000000,69210,131512,19.908487,20.357556,1
instances/k16_uniform_loose_s1.txt,16,uniform,loose,1,81.9239,approx,0.020000,81.923896,1.000000,52704,116187,15.621285,17.123927,1
instances/k16_uniform_loose_s1.txt,16,uniform,loose,1,81.9239,approx,0.050000,82.876307,1.011626,33169,88626,13.484826,13.853360,1
instances/k16_uniform_loose_s1.txt,16,uniform,loose,1,81.9239,approx,0.100000,82.876307,1.011626,13343,46937,8.525395,8.866276,1
instances/k16_uniform_loose_s1.txt,16,uniform,loose,1,81.9239,approx,0.200000,82.876307,1.011626,1265,5590,5.554222,5.992413,1
instances/k16_uniform_loose_s2.txt,16,uniform,loose,2,91.0582,dp,0.000000,91.058224,1.000000,498176,0,44.630852,46.783607,1
instances/k16_uniform_loose_s2.txt,16,uniform,loose,2,91.0582,dp_par,0.000000,91.058224,1.000000,498176,0,20.569234,20.788191,1
instances/k16_uniform_loose_s2.txt,16,uniform,loose,2,91.0582,dp_prune,0.000000,91.058224,1.000000,214243,132787,39.979512,40.893185,1
instances/k16_uniform_loose_s2.txt,16,uniform,loose,2,91.0582,approx,0.000000,91.058224,1.000000,121218,155917,30.542398,32.092769,1
instances/k16_uniform_loose_s2.txt,16,uniform,loose,2,91.0582,approx,0.020000,91.058224,1.000000,96554,142914,27.611642,28.213585,1
instances/k16_uniform_loose_s2.txt,16,uniform,loose,2,91.0582,approx,0.050000,92.665061,1.017647,63702,117100,21.582865,22.339515,1
instances/k16_uniform_loose_s2.txt,16,uniform,loose,2,91.0582,approx,0.100000,94.407278,1.036780,23819,62564,12.439515,12.931699,1
instances/k16_uniform_loose_s2.txt,16,uniform,loose,2,91.0582,approx,0.200000,94.407278,1.036780,1668,9014,5.693084,5.895528,1
instances/k16_uniform_loose_s3.txt,16,uniform,loose,3,96.2265,dp,0.000000,96.226480,1.000000,449283,0,39.696558,41.296207,1
instances/k16_uniform_loose_s3.txt,16,uniform,loose,3,96.2265,dp_par,0.000000,96.226480,1.000000,449283,0,19.267579,20.393621,1
instances/k16_uniform_loose_s3.txt,16,uniform,loose,3,96.2265,dp_prune,0.000000,96.226480,1.000000,64970,37786,14.619465,15.521600,1
instances/k16_uniform_loose_s3.txt,16,uniform,loose,3,96.2265,approx,0.000000,96.226480,1.000000,58709,42238,15.452926,15.665828,1
instances/k16_uniform_loose_s3.txt,16,uniform,loose,3,96.2265,approx,0.020000,96.226480,1.000000,54113,44213,15.181545,16.391887,1
instances/k16_uniform_loose_s3.txt,16,uniform,loose,3,96.2265,approx,0.050000,96.226480,1.000000,43988,45828,14.243196,16.285052,1
instances/k16_uniform_loose_s3.txt,16,uniform,loose,3,96.2265,approx,0.100000,96.226480,1.000000,25241,40974,11.745336,13.425875,1
instances/k16_uniform_loose_s3.txt,16,uniform,loose,3,96.2265,approx,0.200000,102.268428,1.062789,6627,20565,7.586865,8.299499,1
instances/k16_uniform_loose_s4.txt,16,uniform,loose,4,87.4359,dp,0.000000,87.435929,1.000000,495016,0,42.806232,45.794354,1
instances/k16_uniform_loose_s4.txt,16,uniform,loose,4,87.4359,dp_par,0.000000,87.435929,1.000000,495016,0,20.990879,21.151197,1
instances/k16_uniform_loose_s4.txt,16,uniform,loose,4,87.4359,dp_prune,0.000000,87.435929,1.000000,158872,101605,32.664289,33.112765,1
instances/k16_uniform_loose_s4.txt,16,uniform,loose,4,87.4359,approx,0.000000,87.435929,1.000000,158872,101605,32.973472,34.013439,1
instances/k16_uniform_loose_s4.txt,16,uniform,loose,4,87.4359,approx,0.020000,87.435929,1.000000,123386,113921,29.616533,30.431038,1
instances/k16_uniform_loose_s4.txt,16,uniform,loose,4,87.4359,approx,0.050000,87.435929,1.000000,76029,108078,22.809668,23.226923,1
instances/k16_uniform_loose_s4.txt,16,uniform,loose,4,87.4359,approx,0.100000,89.470888,1.023274,28559,67821,13.050547,13.499700,1
instances/k16_uniform_loose_s4.txt,16,uniform,loose,4,87.4359,approx,0.200000,89.470888,1.023274,3761,15859,6.325637,6.498683,1
instances/k16_uniform_tight_s0.txt,16,uniform,tight,0,214.7483,dp,0.000000,214.748287,1.000000,364188,0,35.037915,36.326354,1
instances/k16_uniform_tight_s0.txt,16,uniform,tight,0,214.7483,dp_par,0.000000,214.748287,1.000000,364188,0,17.249515,17.515500,1
instances/k16_uniform_tight_s0.txt,16,uniform,tight,0,214.7483,dp_prune,0.000000,214.748287,1.000000,27,239,4.757771,4.960145,1
instances/k16_uniform_tight_s0.txt,16,uniform,tight,0,214.7483,approx,0.000000,214.748287,1.000000,27,239,4.817744,5.147465,1
instances/k16_uniform_tight_s0.txt,16,uniform,tight,0,214.7483,approx,0.020000,214.748287,1.000000,27,239,4.877186,5.072450,1
instances/k16_uniform_tight_s0.txt,16,uniform,tight,0,214.7483,approx,0.050000,214.748287,1.000000,25,240,4.912783,5.198520,1
instances/k16_uniform_tight_s0.txt,16,uniform,tight,0,214.7483,approx,0.100000,214.748287,1.000000,25,240,4.970362,5.827889,1
instances/k16_uniform_tight_s0.txt,16,uniform,tight,0,214.7483,approx,0.200000,214.748287,1.000000,23,237,4.958269,5.023937,1
instances/k16_uniform_tight_s1.txt,16,uniform,tight,1,120.86,dp,0.000000,120.859972,1.000000,343992,0,31.645017,36.489976,1
instances/k16_uniform_tight_s1.txt,16,uniform,tight,1,120.86,dp_par,0.000000,120.859972,1.000000,343992,0,17.997986,18.190543,1
instances/k16_uniform_tight_s1.txt,16,uniform,tight,1,120.86,dp_prune,0.000000,120.859972,1.000000,613,1005,4.466912,5.076149,1
instances/k16_uniform_tight_s1.txt,16,uniform,tight,1,120.86,approx,0.000000,120.859972,1.000000,613,1005,4.908785,5.053641,1
instances/k16_uniform_tight_s1.txt,16,uniform,tight,1,120.86,approx,0.020000,120.859972,1.000000,613,1005,5.052947,5.162037,1
instances/k16_uniform_tight_s1.txt,16,uniform,tight,1,120.86,approx,0.050000,120.859972,1.000000,613,1005,4.956766,5.059991,1
instances/k16_uniform_tight_s1.txt,16,uniform,tight,1,120.86,approx,0.100000,120.859972,1.000000,613,1005,4.943361,5.086703,1
instances/k16_uniform_tight_s1.txt,16,uniform,tight,1,120.86,approx,0.200000,120.859972,1.000000,613,1005,5.109023,5.362862,1
instances/k16_uniform_tight_s2.txt,16,uniform,tight,2,153.9943,dp,0.000000,153.994267,1.000000,299685,0,27.542321,31.129307,1
instances/k16_uniform_tight_s2.txt,16,uniform,tight,2,153.9943,dp_par,0.000000,153.994267,1.000000,299685,0,17.175916,17.430989,1
instances/k16_uniform_tight_s2.txt,16,uniform,tight,2,153.9943,dp_prune,0.000000,153.994267,1.000000,137,393,4.902384,5.124891,1
instances/k16_uniform_tight_s2.txt,16,uniform,tight,2,153.9943,approx,0.000000,153.994267,1.000000,137,393,4.954321,5.293927,1
instances/k16_uniform_tight_s2.txt,16,uniform,tight,2,153.9943,approx,0.020000,153.994267,1.000000,137,393,4.920548,5.141118,1
instances/k16_uniform_tight_s2.txt,16,uniform,tight,2,153.9943,approx,0.050000,153.994267,1.000000,137,393,4.880883,5.008840,1
instances/k16_uniform_tight_s2.txt,16,uniform,tight,2,153.9943,approx,0.100000,153.994267,1.000000,137,393,4.948310,5.229460,1
instances/k16_uniform_tight_s2.txt,16,uniform,tight,2,153.9943,approx,0.200000,170.957880,1.110157,105,410,5.050573,5.325413,1
instances/k16_uniform_tight_s3.txt,16,uniform,tight,3,182.076,dp,0.000000,182.076009,1.000000,381277,0,35.131621,37.046484,1
instances/k16_uniform_tight_s3.txt,16,uniform,tight,3,182.076,dp_par,0.000000,182.076009,1.000000,381277,0,18.355579,19.065808,1
instances/k16_uniform_tight_s3.txt,16,uniform,tight,3,182.076,dp_prune,0.000000,182.076009,1.000000,21,152,4.871254,4.935154,1
instances/k16_uniform_tight_s3.txt,16,uniform,tight,3,182.076,approx,0.000000,182.076009,1.000000,21,152,5.105867,5.901453,1
instances/k16_uniform_tight_s3.txt,16,uniform,tight,3,182.076,approx,0.020000,182.076009,1.000000,21,152,4.872813,5.071745,1
instances/k16_uniform_tight_s3.txt,16,uniform,tight,3,182.076,approx,0.050000,182.076009,1.000000,21,152,4.053833,5.133004,1
instances/k16_uniform_tight_s3.txt,16,uniform,tight,3,182.076,approx,0.100000,182.076009,1.000000,18,152,4.874751,5.016960,1
instances/k16_uniform_tight_s3.txt,16,uniform,tight,3,182.076,approx,0.200000,182.076009,1.000000,16,147,4.900550,4.986530,1
instances/k16_uniform_tight_s4.txt,16,uniform,tight,4,126.0375,dp,0.000000,126.037511,1.000000,340893,0,31.672449,33.109767,1
instances/k16_uniform_tight_s4.txt,16,uniform,tight,4,126.0375,dp_par,0.000000,126.037511,1.000000,340893,0,17.037535,17.387404,1
instances/k16_uniform_tight_s4.txt,16,uniform,tight,4,126.0375,dp_prune,0.000000,126.037511,1.000000,188,502,4.907573,5.136285,1
instances/k16_uniform_tight_s4.txt,16,uniform,tight,4,126.0375,approx,0.000000,126.037511,1.000000,188,502,5.136304,5.281819,1
instances/k16_uniform_tight_s4.txt,16,uniform,tight,4,126.0375,approx,0.020000,126.037511,1.000000,188,502,4.926008,5.026722,1
instances/k16_uniform_tight_s4.txt,16,uniform,tight,4,126.0375,approx,0.050000,126.037511,1.000000,188,502,4.914406,5.131325,1
instances/k16_uniform_tight_s4.txt,16,uniform,tight,4,126.0375,approx,0.100000,126.037511,1.000000,188,502,4.891613,5.164532,1
instances/k16_uniform_tight_s4.txt,16,uniform,tight,4,126.0375,approx,0.200000,126.037511,1.000000,185,505,4.910239,5.420923,1
instances/k16_clustered_loose_s0.txt,16,clustered,loose,0,68.2851,dp,0.000000,68.285078,1.000000,491523,0,41.508886,43.512373,1
instances/k16_clustered_loose_s0.txt,16,clustered,loose,0,68.2851,dp_par,0.000000,68.285078,1.000000,491523,0,20.364157,20.651613,1
instances/k16_clustered_loose_s0.txt,16,clustered,loose,0,68.2851,dp_prune,0.000000,68.285078,1.000000,106333,128893,24.167007,24.463490,1
instances/k16_clustered_loose_s0.txt,16,clustered,loose,0,68.2851,approx,0.000000,68.285078,1.000000,105123,128881,24.547525,25.777087,1
instances/k16_clustered_loose_s0.txt,16,clustered,loose,0,68.2851,approx,0.020000,68.285078,1.000000,79736,117820,21.453420,22.055101,1
instances/k16_clustered_loose_s0.txt,16,clustered,loose,0,68.2851,approx,0.050000,68.285078,1.000000,50419,85373,16.250541,16.658370,1
instances/k16_clustered_loose_s0.txt,16,clustered,loose,0,68.2851,approx,0.100000,68.285078,1.000000,28186,26857,10.213688,11.125033,1
instances/k16_clustered_loose_s0.txt,16,clustered,loose,0,68.2851,approx,0.200000,68.285078,1.000000,18928,18781,8.251718,8.578457,1
instances/k16_clustered_loose_s1.txt,16,clustered,loose,1,69.2864,dp,0.000000,69.286403,1.000000,448257,0,39.413354,41.351387,1
instances/k16_clustered_loose_s1.txt,16,clustered,loose,1,69.2864,dp_par,0.000000,69.286403,1.000000,448257,0,20.400595,20.508152,1
instances/k16_clustered_loose_s1.txt,16,clustered,loose,1,69.2864,dp_prune,0.000000,69.286403,1.000000,59909,26012,13.704791,13.923012,1
instances/k16_clustered_loose_s1.txt,16,clustered,loose,1,69.2864,approx,0.000000,69.286403,1.000000,59909,26012,13.672820,14.153721,1
instances/k16_clustered_loose_s1.txt,16,clustered,loose,1,69.2864,approx,0.020000,69.286403,1.000000,59909,26012,12.537860,14.074081,1
instances/k16_clustered_loose_s1.txt,16,clustered,loose,1,69.2864,approx,0.050000,69.286403,1.000000,59909,26012,14.180348,14.512546,1
instances/k16_clustered_loose_s1.txt,16,clustered,loose,1,69.2864,approx,0.100000,69.286403,1.000000,59907,26014,13.725006,14.251695,1
instances/k16_clustered_loose_s1.txt,16,clustered,loose,1,69.2864,approx,0.200000,69.286403,1.000000,47031,38890,13.496047,13.799942,1
instances/k16_clustered_loose_s2.txt,16,clustered,loose,2,59.6874,dp,0.000000,59.687422,1.000000,524288,0,42.909136,44.977313,1
instances/k16_clustered_loose_s2.txt,16,clustered,loose,2,59.6874,dp_par,0.000000,59.687422,1.000000,524288,0,20.954100,21.076670,1
instances/k16_clustered_loose_s2.txt,16,clustered,loose,2,59.6874,dp_prune,0.000000,59.687422,1.000000,522928,1360,72.319029,72.730054,1
instances/k16_clustered_loose_s2.txt,16,clustered,loose,2,59.6874,approx,0.000000,59.687422,1.000000,453969,70319,72.597474,74.373811,1
instances/k16_clustered_loose_s2.txt,16,clustered,loose,2,59.6874,approx,0.020000,59.687422,1.000000,388385,135903,68.392194,69.111188,1
instances/k16_clustered_loose_s2.txt,16,clustered,loose,2,59.6874,approx,0.050000,59.687422,1.000000,297894,225244,60.995408,62.714551,1
instances/k16_clustered_loose_s2.txt,16,clustered,loose,2,59.6874,approx,0.100000,59.687422,1.000000,157572,260221,43.896127,44.104446,1
instances/k16_clustered_loose_s2.txt,16,clustered,loose,2,59.6874,approx,0.200000,59.687422,1.000000,30295,30609,11.027603,11.307288,1
instances/k16_clustered_loose_s3.txt,16,clustered,loose,3,65.6758,dp,0.000000,65.675845,1.000001,524288,0,44.297924,45.983446,1
instances/k16_clustered_loose_s3.txt,16,clustered,loose,3,65.6758,dp_par,0.000000,65.675845,1.000001,524288,0,20.789259,21.054994,1
instances/k16_clustered_loose_s3.txt,16,clustered,loose,3,65.6758,dp_prune,0.000000,65.675845,1.000001,520741,3547,72.050643,73.427042,1
instances/k16_clustered_loose_s3.txt,16,clustered,loose,3,65.6758,approx,0.000000,65.675845,1.000001,287977,236181,58.921317,59.999281,1
instances/k16_clustered_loose_s3.txt,16,clustered,loose,3,65.6758,approx,0.020000,65.675845,1.000001,216160,290274,53.014309,53.353840,1
instances/k16_clustered_loose_s3.txt,16,clustered,loose,3,65.6758,approx,0.050000,65.675845,1.000001,121828,225794,36.832408,37.485259,1
instances/k16_clustered_loose_s3.txt,16,clustered,loose,3,65.6758,approx,0.100000,65.675845,1.000001,33876,78203,14.669309,14.992737,1
instances/k16_clustered_loose_s3.txt,16,clustered,loose,3,65.6758,approx,0.200000,65.675845,1.000001,5968,18920,6.902805,7.229191,1
instances/k16_clustered_loose_s4.txt,16,clustered,loose,4,83.0809,dp,0.000000,83.080894,1.000000,523761,0,43.759228,45.788292,1
instances/k16_clustered_loose_s4.txt,16,clustered,loose,4,83.0809,dp_par,0.000000,83.080894,1.000000,523761,0,20.718606,20.873848,1
instances/k16_clustered_loose_s4.txt,16,clustered,loose,4,83.0809,dp_prune,0.000000,83.080894,1.000000,370169,151940,54.358214,56.437376,1
instances/k16_clustered_loose_s4.txt,16,clustered,loose,4,83.0809,approx,0.000000,83.080894,1.000000,303945,217767,54.460537,55.308279,1
instances/k16_clustered_loose_s4.txt,16,clustered,loose,4,83.0809,approx,0.020000,83.080894,1.000000,256154,245367,50.150029,50.484031,1
instances/k16_clustered_loose_s4.txt,16,clustered,loose,4,83.0809,approx,0.050000,83.080894,1.000000,160063,191490,35.345064,35.993667,1
instances/k16_clustered_loose_s4.txt,16,clustered,loose,4,83.0809,approx,0.100000,83.080894,1.000000,55175,54896,14.880638,15.368444,1
instances/k16_clustered_loose_s4.txt,16,clustered,loose,4,83.0809,approx,0.200000,83.884976,1.009678,23380,48119,10.492253,11.134152,1
instances/k16_clustered_tight_s0.txt,16,clustered,tight,0,162.4426,dp,0.000000,162.442566,1.000000,401576,0,36.319421,38.093111,1
instances/k16_clustered_tight_s0.txt,16,clustered,tight,0,162.4426,dp_par,0.000000,162.442566,1.000000,401576,0,17.821954,17.981715,1
instances/k16_clustered_tight_s0.txt,16,clustered,tight,0,162.4426,dp_prune,0.000000,162.442566,1.000000,77,416,4.757982,4.946044,1
instances/k16_clustered_tight_s0.txt,16,clustered,tight,0,162.4426,approx,0.000000,162.442566,1.000000,77,416,4.855876,4.989235,1
instances/k16_clustered_tight_s0.txt,16,clustered,tight,0,162.4426,approx,0.020000,162.442566,1.000000,77,416,4.888247,4.954652,1
instances/k16_clustered_tight_s0.txt,16,clustered,tight,0,162.4426,approx,0.050000,162.442566,1.000000,77,416,4.888056,5.067719,1
instances/k16_clustered_tight_s0.txt,16,clustered,tight,0,162.4426,approx,0.100000,162.442566,1.000000,77,416,4.936378,5.110596,1
instances/k16_clustered_tight_s0.txt,16,clustered,tight,0,162.4426,approx,0.200000,162.442566,1.000000,72,421,4.921189,5.016960,1
instances/k16_clustered_tight_s1.txt,16,clustered,tight,1,84.1349,dp,0.000000,84.134935,1.000000,293179,0,25.955720,32.709916,1
instances/k16_clustered_tight_s1.txt,16,clustered,tight,1,84.1349,dp_par,0.000000,84.134935,1.000000,293179,0,14.753327,15.937902,1
instances/k16_clustered_tight_s1.txt,16,clustered,tight,1,84.1349,dp_prune,0.000000,84.134935,1.000000,344,746,4.846808,5.067915,1
instances/k16_clustered_tight_s1.txt,16,clustered,tight,1,84.1349,approx,0.000000,84.134935,1.000000,344,746,4.958038,5.108571,1
instances/k16_clustered_tight_s1.txt,16,clustered,tight,1,84.1349,approx,0.020000,84.134935,1.000000,337,753,4.920668,5.036342,1
instances/k16_clustered_tight_s1.txt,16,clustered,tight,1,84.1349,approx,0.050000,84.134935,1.000000,331,759,5.033631,5.521547,1
instances/k16_clustered_tight_s1.txt,16,clustered,tight,1,84.1349,approx,0.100000,84.134935,1.000000,301,789,5.041035,5.259489,1
instances/k16_clustered_tight_s1.txt,16,clustered,tight,1,84.1349,approx,0.200000,95.733945,1.137862,243,796,4.936869,5.250939,1
instances/k16_clustered_tight_s2.txt,16,clustered,tight,2,89.2513,dp,0.000000,89.251260,1.000000,389150,0,33.849564,35.251028,1
instances/k16_clustered_tight_s2.txt,16,clustered,tight,2,89.2513,dp_par,0.000000,89.251260,1.000000,389150,0,19.710304,20.206303,1
instances/k16_clustered_tight_s2.txt,16,clustered,tight,2,89.2513,dp_prune,0.000000,89.251260,1.000000,1695,2652,5.224000,5.410251,1
instances/k16_clustered_tight_s2.txt,16,clustered,tight,2,89.2513,approx,0.000000,89.251260,1.000000,1695,2652,5.200997,5.299767,1
instances/k16_clustered_tight_s2.txt,16,clustered,tight,2,89.2513,approx,0.020000,89.251260,1.000000,1695,2652,5.189726,5.321195,1
instances/k16_clustered_tight_s2.txt,16,clustered,tight,2,89.2513,approx,0.050000,89.251260,1.000000,1695,2652,5.154229,5.255966,1
instances/k16_clustered_tight_s2.txt,16,clustered,tight,2,89.2513,approx,0.100000,89.251260,1.000000,1695,2652,5.166291,5.393594,1
instances/k16_clustered_tight_s2.txt,16,clustered,tight,2,89.2513,approx,0.200000,89.251260,1.000000,1695,2652,5.214031,5.395465,1
instances/k16_clustered_tight_s3.txt,16,clustered,tight,3,79.3771,dp,0.000000,79.377110,1.000000,370143,0,32.228047,33.940720,1
instances/k16_clustered_tight_s3.txt,16,clustered,tight,3,79.3771,dp_par,0.000000,79.377110,1.000000,370143,0,18.069761,18.204798,1
instances/k16_clustered_tight_s3.txt,16,clustered,tight,3,79.3771,dp_prune,0.000000,79.377110,1.000000,5025,3602,5.649011,5.778311,1
instances/k16_clustered_tight_s3.txt,16,clustered,tight,3,79.3771,approx,0.000000,79.377110,1.000000,5025,3602,5.822288,6.340726,1
instances/k16_clustered_tight_s3.txt,16,clustered,tight,3,79.3771,approx,0.020000,79.377110,1.000000,5022,3605,5.715446,5.774462,1
instances/k16_clustered_tight_s3.txt,16,clustered,tight,3,79.3771,approx,0.050000,79.377110,1.000000,4860,3767,5.726968,5.906661,1
instances/k16_clustered_tight_s3.txt,16,clustered,tight,3,79.3771,approx,0.100000,79.377110,1.000000,4760,3867,5.147576,5.684510,1
instances/k16_clustered_tight_s3.txt,16,clustered,tight,3,79.3771,approx,0.200000,79.377110,1.000000,3248,5318,5.494209,5.685235,1
instances/k16_clustered_tight_s4.txt,16,clustered,tight,4,93.0009,dp,0.000000,93.000907,1.000000,286239,0,25.819493,27.421684,1
instances/k16_clustered_tight_s4.txt,16,clustered,tight,4,93.0009,dp_par,0.000000,93.000907,1.000000,286239,0,17.334815,17.541805,1
instances/k16_clustered_tight_s4.txt,16,clustered,tight,4,93.0009,dp_prune,0.000000,93.000907,1.000000,97,492,4.852399,5.060562,1
instances/k16_clustered_tight_s4.txt,16,clustered,tight,4,93.0009,approx,0.000000,93.000907,1.000000,97,492,4.941246,5.005983,1
instances/k16_clustered_tight_s4.txt,16,clustered,tight,4,93.0009,approx,0.020000,93.000907,1.000000,97,492,4.965763,5.126143,1
instances/k16_clustered_tight_s4.txt,16,clustered,tight,4,93.0009,approx,0.050000,93.000907,1.000000,97,492,4.898125,4.953499,1
instances/k16_clustered_tight_s4.txt,16,clustered,tight,4,93.0009,approx,0.100000,93.000907,1.000000,97,492,4.892585,4.964214,1
instances/k16_clustered_tight_s4.txt,16,clustered,tight,4,93.0009,approx,0.200000,93.000907,1.000000,97,492,4.858300,5.033677,1
instances/k16_linear_loose_s0.txt,16,linear,loose,0,46.0778,dp,0.000000,46.077765,0.999999,524288,0,41.990153,43.747104,1
instances/k16_linear_loose_s0.txt,16,linear,loose,0,46.0778,dp_par,0.000000,46.077765,0.999999,524288,0,20.912661,21.323087,1
instances/k16_linear_loose_s0.txt,16,linear,loose,0,46.0778,dp_prune,0.000000,46.077765,0.999999,406565,117723,66.642114,67.533681,1
instances/k16_linear_loose_s0.txt,16,linear,loose,0,46.0778,approx,0.000000,46.077765,0.999999,379065,145171,66.406811,67.508260,1
instances/k16_linear_loose_s0.txt,16,linear,loose,0,46.0778,approx,0.020000,46.077765,0.999999,325027,197778,63.246633,64.927540,1
instances/k16_linear_loose_s0.txt,16,linear,loose,0,46.0778,approx,0.050000,46.077765,0.999999,240896,259570,56.033402,60.791527,1
instances/k16_linear_loose_s0.txt,16,linear,loose,0,46.0778,approx,0.100000,46.110522,1.000710,123818,232382,38.294575,38.985660,1
instances/k16_linear_loose_s0.txt,16,linear,loose,0,46.0778,approx,0.200000,46.112976,1.000763,23140,62615,12.280415,13.417718,1
instances/k16_linear_loose_s1.txt,16,linear,loose,1,50.8667,dp,0.000000,50.866747,1.000001,493950,0,46.184191,47.998789,1
instances/k16_linear_loose_s1.txt,16,linear,loose,1,50.8667,dp_par,0.000000,50.866747,1.000001,493950,0,19.392274,20.139387,1
instances/k16_linear_loose_s1.txt,16,linear,loose,1,50.8667,dp_prune,0.000000,50.866747,1.000001,247814,24415,39.972579,42.064628,1
instances/k16_linear_loose_s1.txt,16,linear,loose,1,50.8667,approx,0.000000,50.866747,1.000001,228966,43263,37.266596,40.121722,1
instances/k16_linear_loose_s1.txt,16,linear,loose,1,50.8667,approx,0.020000,50.866747,1.000001,213750,58479,36.685030,37.647421,1
instances/k16_linear_loose_s1.txt,16,linear,loose,1,50.8667,approx,0.050000,50.866747,1.000001,181214,90944,34.322085,35.368911,1
instances/k16_linear_loose_s1.txt,16,linear,loose,1,50.8667,approx,0.100000,50.881790,1.000297,133162,112805,29.351473,30.996929,1
instances/k16_linear_loose_s1.txt,16,linear,loose,1,50.8667,approx,0.200000,50.881790,1.000297,62470,69566,17.352318,22.273551,1
instances/k16_linear_loose_s2.txt,16,linear,loose,2,51.9135,dp,0.000000,51.913479,1.000000,524288,0,43.332064,46.181264,1
instances/k16_linear_loose_s2.txt,16,linear,loose,2,51.9135,dp_par,0.000000,51.913479,1.000000,524288,0,20.608588,20.973215,1
instances/k16_linear_loose_s2.txt,16,linear,loose,2,51.9135,dp_prune,0.000000,51.913479,1.000000,453950,70338,69.668622,70.540804,1
instances/k16_linear_loose_s2.txt,16,linear,loose,2,51.9135,approx,0.000000,51.913479,1.000000,411831,112457,69.284497,74.008877,1
instances/k16_linear_loose_s2.txt,16,linear,loose,2,51.9135,approx,0.020000,51.913479,1.000000,378919,145369,67.726880,79.413349,1
instances/k16_linear_loose_s2.txt,16,linear,loose,2,51.9135,approx,0.050000,51.913479,1.000000,335568,188706,73.488233,83.387098,1
instances/k16_linear_loose_s2.txt,16,linear,loose,2,51.9135,approx,0.100000,51.913479,1.000000,256175,223220,55.650139,67.380130,1
instances/k16_linear_loose_s2.txt,16,linear,loose,2,51.9135,approx,0.200000,51.975789,1.001200,101994,145757,28.752914,33.743509,1
instances/k16_linear_loose_s3.txt,16,linear,loose,3,46.3133,dp,0.000000,46.313267,0.999999,491542,0,42.263458,53.597739,1
instances/k16_linear_loose_s3.txt,16,linear,loose,3,46.3133,dp_par,0.000000,46.313267,0.999999,491542,0,19.589276,20.407117,1
instances/k16_linear_loose_s3.txt,16,linear,loose,3,46.3133,dp_prune,0.000000,46.313267,0.999999,189480,56597,33.178589,34.409642,1
instances/k16_linear_loose_s3.txt,16,linear,loose,3,46.3133,approx,0.000000,46.313267,0.999999,105292,140297,27.096741,29.034098,1
instances/k16_linear_loose_s3.txt,16,linear,loose,3,46.3133,approx,0.020000,46.313267,0.999999,94027,145331,26.979371,27.374591,1
instances/k16_linear_loose_s3.txt,16,linear,loose,3,46.3133,approx,0.050000,46.313267,0.999999,70986,131547,22.474546,23.079142,1
instances/k16_linear_loose_s3.txt,16,linear,loose,3,46.3133,approx,0.100000,46.313267,0.999999,33596,74667,13.968989,14.323521,1
instances/k16_linear_loose_s3.txt,16,linear,loose,3,46.3133,approx,0.200000,46.899254,1.012652,4417,13479,6.202795,6.255385,1
instances/k16_linear_loose_s4.txt,16,linear,loose,4,52.7523,dp,0.000000,52.752257,0.999999,524288,0,43.105817,50.150023,1
instances/k16_linear_loose_s4.txt,16,linear,loose,4,52.7523,dp_par,0.000000,52.752257,0.999999,524288,0,20.862717,21.065442,1
instances/k16_linear_loose_s4.txt,16,linear,loose,4,52.7523,dp_prune,0.000000,52.752257,0.999999,434257,90031,67.186240,68.503963,1
instances/k16_linear_loose_s4.txt,16,linear,loose,4,52.7523,approx,0.000000,52.752257,0.999999,414549,109739,68.777602,86.752976,1
instances/k16_linear_loose_s4.txt,16,linear,loose,4,52.7523,approx,0.020000,52.759275,1.000132,374835,148611,82.605885,85.332504,1
instances/k16_linear_loose_s4.txt,16,linear,loose,4,52.7523,approx,0.050000,52.759275,1.000132,307932,194998,65.390164,77.602465,1
instances/k16_linear_loose_s4.txt,16,linear,loose,4,52.7523,approx,0.100000,52.781857,1.000560,183700,232317,45.152375,45.881153,1
instances/k16_linear_loose_s4.txt,16,linear,loose,4,52.7523,approx,0.200000,52.781857,1.000560,43654,141788,19.407053,19.718736,1
instances/k16_linear_tight_s0.txt,16,linear,tight,0,68.0814,dp,0.000000,68.081444,1.000001,326946,0,30.131324,31.863343,1
instances/k16_linear_tight_s0.txt,16,linear,tight,0,68.0814,dp_par,0.000000,68.081444,1.000001,326946,0,17.702098,17.794818,1
instances/k16_linear_tight_s0.txt,16,linear,tight,0,68.0814,dp_prune,0.000000,68.081444,1.000001,2086,1906,4.351385,5.192264,1
instances/k16_linear_tight_s0.txt,16,linear,tight,0,68.0814,approx,0.000000,68.081444,1.000001,1338,2654,5.165980,5.405410,1
instances/k16_linear_tight_s0.txt,16,linear,tight,0,68.0814,approx,0.020000,68.081444,1.000001,1265,2727,5.285546,5.541106,1
instances/k16_linear_tight_s0.txt,16,linear,tight,0,68.0814,approx,0.050000,68.081444,1.000001,1163,2747,5.171201,6.328761,1
instances/k16_linear_tight_s0.txt,16,linear,tight,0,68.0814,approx,0.100000,68.081444,1.000001,872,2150,5.155721,5.510297,1
instances/k16_linear_tight_s0.txt,16,linear,tight,0,68.0814,approx,0.200000,68.081444,1.000001,520,1567,4.974910,5.529063,1
instances/k16_linear_tight_s1.txt,16,linear,tight,1,68.0946,dp,0.000000,68.094632,1.000000,313783,0,29.535540,31.633391,1
instances/k16_linear_tight_s1.txt,16,linear,tight,1,68.0946,dp_par,0.000000,68.094632,1.000000,313783,0,17.618440,17.763732,1
instances/k16_linear_tight_s1.txt,16,linear,tight,1,68.0946,dp_prune,0.000000,68.094632,1.000000,1046,1063,5.032169,5.193396,1
instances/k16_linear_tight_s1.txt,16,linear,tight,1,68.0946,approx,0.000000,68.094632,1.000000,1046,1063,5.048909,5.260028,1
instances/k16_linear_tight_s1.txt,16,linear,tight,1,68.0946,approx,0.020000,68.094632,1.000000,1046,1063,5.132738,5.536521,1
instances/k16_linear_tight_s1.txt,16,linear,tight,1,68.0946,approx,0.050000,68.094632,1.000000,1046,1063,4.479436,5.060648,1
instances/k16_linear_tight_s1.txt,16,linear,tight,1,68.0946,approx,0.100000,68.094632,1.000000,1046,1063,5.037458,5.231350,1
instances/k16_linear_tight_s1.txt,16,linear,tight,1,68.0946,approx,0.200000,68.094632,1.000000,1042,1067,5.048439,5.612807,1
instances/k16_linear_tight_s2.txt,16,linear,tight,2,83.6466,dp,0.000000,83.646639,1.000000,391025,0,33.663804,35.493918,1
instances/k16_linear_tight_s2.txt,16,linear,tight,2,83.6466,dp_par,0.000000,83.646639,1.000000,391025,0,18.749953,18.999393,1
instances/k16_linear_tight_s2.txt,16,linear,tight,2,83.6466,dp_prune,0.000000,83.646639,1.000000,385,1329,4.842361,4.947548,1
instances/k16_linear_tight_s2.txt,16,linear,tight,2,83.6466,approx,0.000000,83.646639,1.000000,385,1329,4.986443,5.118641,1
instances/k16_linear_tight_s2.txt,16,linear,tight,2,83.6466,approx,0.020000,83.646639,1.000000,385,1329,5.038150,5.388813,1
instances/k16_linear_tight_s2.txt,16,linear,tight,2,83.6466,approx,0.050000,83.646639,1.000000,385,1329,4.420164,4.925361,1
instances/k16_linear_tight_s2.txt,16,linear,tight,2,83.6466,approx,0.100000,83.646639,1.000000,384,1330,4.877657,5.365060,1
instances/k16_linear_tight_s2.txt,16,linear,tight,2,83.6466,approx,0.200000,92.122747,1.101333,291,1346,4.970301,5.136289,1
instances/k16_linear_tight_s3.txt,16,linear,tight,3,66.5164,dp,0.000000,66.516417,1.000000,322883,0,30.391213,33.513652,1
instances/k16_linear_tight_s3.txt,16,linear,tight,3,66.5164,dp_par,0.000000,66.516417,1.000000,322883,0,15.739211,16.741749,1
instances/k16_linear_tight_s3.txt,16,linear,tight,3,66.5164,dp_prune,0.000000,66.516417,1.000000,594,1362,5.594067,6.574449,1
instances/k16_linear_tight_s3.txt,16,linear,tight,3,66.5164,approx,0.000000,66.516417,1.000000,594,1362,6.637525,6.861726,1
instances/k16_linear_tight_s3.txt,16,linear,tight,3,66.5164,approx,0.020000,66.516417,1.000000,581,1375,6.776547,6.860415,1
instances/k16_linear_tight_s3.txt,16,linear,tight,3,66.5164,approx,0.050000,66.516417,1.000000,541,1415,4.982063,5.444510,1
instances/k16_linear_tight_s3.txt,16,linear,tight,3,66.5164,approx,0.100000,66.516417,1.000000,470,1486,4.993666,5.087250,1
instances/k16_linear_tight_s3.txt,16,linear,tight,3,66.5164,approx,0.200000,66.528938,1.000188,439,1517,5.021970,5.872537,1
instances/k16_linear_tight_s4.txt,16,linear,tight,4,74.457,dp,0.000000,74.456976,1.000000,367784,0,40.726701,45.076068,1
instances/k16_linear_tight_s4.txt,16,linear,tight,4,74.457,dp_par,0.000000,74.456976,1.000000,367784,0,19.467968,19.817823,1
instances/k16_linear_tight_s4.txt,16,linear,tight,4,74.457,dp_prune,0.000000,74.456976,1.000000,497,837,4.968859,5.190549,1
instances/k16_linear_tight_s4.txt,16,linear,tight,4,74.457,approx,0.000000,74.456976,1.000000,497,837,4.395007,6.142832,1
instances/k16_linear_tight_s4.txt,16,linear,tight,4,74.457,approx,0.020000,74.456976,1.000000,497,837,7.034614,7.077835,1
instances/k16_linear_tight_s4.txt,16,linear,tight,4,74.457,approx,0.050000,74.456976,1.000000,497,837,7.029023,7.050149,1
instances/k16_linear_tight_s4.txt,16,linear,tight,4,74.457,approx,0.100000,74.456976,1.000000,497,837,6.942079,7.150340,1
instances/k16_linear_tight_s4.txt,16,linear,tight,4,74.457,approx,0.200000,74.456976,1.000000,497,837,6.957830,7.061909,1
instances/k16_spiral_loose_s0.txt,16,spiral,loose,0,83.7221,dp,0.000000,83.722108,1.000000,498082,0,58.594040,60.692405,1
instances/k16_spiral_loose_s0.txt,16,spiral,loose,0,83.7221,dp_par,0.000000,83.722108,1.000000,498082,0,20.310015,20.629810,1
instances/k16_spiral_loose_s0.txt,16,spiral,loose,0,83.7221,dp_prune,0.000000,83.722108,1.000000,233357,130124,56.313009,56.707499,1
instances/k16_spiral_loose_s0.txt,16,spiral,loose,0,83.7221,approx,0.000000,83.722108,1.000000,233357,130124,56.346893,58.657293,1
instances/k16_spiral_loose_s0.txt,16,spiral,loose,0,83.7221,approx,0.020000,83.722108,1.000000,219582,141549,41.067433,44.993898,1
instances/k16_spiral_loose_s0.txt,16,spiral,loose,0,83.7221,approx,0.050000,83.722108,1.000000,179648,164887,38.951348,39.588523,1
instances/k16_spiral_loose_s0.txt,16,spiral,loose,0,83.7221,approx,0.100000,84.274961,1.006604,79879,158822,26.259693,27.371830,1
instances/k16_spiral_loose_s0.txt,16,spiral,loose,0,83.7221,approx,0.200000,88.341233,1.055172,1228,9801,5.720716,5.887231,1
instances/k16_spiral_loose_s1.txt,16,spiral,loose,1,85.9106,dp,0.000000,85.910603,1.000000,471255,0,43.830012,46.691944,1
instances/k16_spiral_loose_s1.txt,16,spiral,loose,1,85.9106,dp_par,0.000000,85.910603,1.000000,471255,0,18.986309,19.114904,1
instances/k16_spiral_loose_s1.txt,16,spiral,loose,1,85.9106,dp_prune,0.000000,85.910603,1.000000,126215,107841,26.695545,26.762123,1
instances/k16_spiral_loose_s1.txt,16,spiral,loose,1,85.9106,approx,0.000000,85.910603,1.000000,125986,108070,27.514919,28.015987,1
instances/k16_spiral_loose_s1.txt,16,spiral,loose,1,85.9106,approx,0.020000,85.910603,1.000000,124484,109548,27.318058,28.428467,1
instances/k16_spiral_loose_s1.txt,16,spiral,loose,1,85.9106,approx,0.050000,85.910603,1.000000,117813,115974,27.431383,27.672577,1
instances/k16_spiral_loose_s1.txt,16,spiral,loose,1,85.9106,approx,0.100000,85.910603,1.000000,90121,131601,24.436315,25.026438,1
instances/k16_spiral_loose_s1.txt,16,spiral,loose,1,85.9106,approx,0.200000,87.928095,1.023484,13274,57917,10.437009,10.644162,1
instances/k16_spiral_loose_s2.txt,16,spiral,loose,2,85.2146,dp,0.000000,85.214557,0.999999,469398,0,42.210639,45.127438,1
instances/k16_spiral_loose_s2.txt,16,spiral,loose,2,85.2146,dp_par,0.000000,85.214557,0.999999,469398,0,19.783753,20.009953,1
instances/k16_spiral_loose_s2.txt,16,spiral,loose,2,85.2146,dp_prune,0.000000,85.214557,0.999999,127757,33389,21.971187,22.423592,1
instances/k16_spiral_loose_s2.txt,16,spiral,loose,2,85.2146,approx,0.000000,85.214557,0.999999,111886,48064,21.700757,22.979516,1
instances/k16_spiral_loose_s2.txt,16,spiral,loose,2,85.2146,approx,0.020000,85.214557,0.999999,97221,59160,20.614308,21.054797,1
instances/k16_spiral_loose_s2.txt,16,spiral,loose,2,85.2146,approx,0.050000,85.214557,0.999999,68023,74973,17.305560,17.995826,1
instances/k16_spiral_loose_s2.txt,16,spiral,loose,2,85.2146,approx,0.100000,86.391091,1.013806,23541,62138,11.402720,11.627532,1
instances/k16_spiral_loose_s2.txt,16,spiral,loose,2,85.2146,approx,0.200000,88.266441,1.035814,489,4448,5.189735,5.290906,1
instances/k16_spiral_loose_s3.txt,16,spiral,loose,3,84.2133,dp,0.000000,84.213269,1.000000,459302,0,41.594888,43.417887,1
instances/k16_spiral_loose_s3.txt,16,spiral,loose,3,84.2133,dp_par,0.000000,84.213269,1.000000,459302,0,18.989966,19.237547,1
instances/k16_spiral_loose_s3.txt,16,spiral,loose,3,84.2133,dp_prune,0.000000,84.213269,1.000000,74930,46141,16.327947,16.535973,1
instances/k16_spiral_loose_s3.txt,16,spiral,loose,3,84.2133,approx,0.000000,84.213269,1.000000,74930,46141,16.908260,19.380628,1
instances/k16_spiral_loose_s3.txt,16,spiral,loose,3,84.2133,approx,0.020000,84.213269,1.000000,74930,46141,21.219429,22.409884,1
instances/k16_spiral_loose_s3.txt,16,spiral,loose,3,84.2133,approx,0.050000,84.213269,1.000000,74849,46222,17.248262,18.800402,1
instances/k16_spiral_loose_s3.txt,16,spiral,loose,3,84.2133,approx,0.100000,84.213269,1.000000,71751,49046,17.272819,17.727740,1
instances/k16_spiral_loose_s3.txt,16,spiral,loose,3,84.2133,approx,0.200000,92.968374,1.103963,23198,62909,11.412408,11.731530,1
instances/k16_spiral_loose_s4.txt,16,spiral,loose,4,85.3869,dp,0.000000,85.386922,1.000000,497204,0,44.061849,45.587742,1
instances/k16_spiral_loose_s4.txt,16,spiral,loose,4,85.3869,dp_par,0.000000,85.386922,1.000000,497204,0,20.490836,20.735559,1
instances/k16_spiral_loose_s4.txt,16,spiral,loose,4,85.3869,dp_prune,0.000000,85.386922,1.000000,242649,65284,38.928140,40.243706,1
instances/k16_spiral_loose_s4.txt,16,spiral,loose,4,85.3869,approx,0.000000,85.386922,1.000000,166473,120263,33.641020,34.643851,1
instances/k16_spiral_loose_s4.txt,16,spiral,loose,4,85.3869,approx,0.020000,85.386922,1.000000,120610,134915,27.686904,28.473081,1
instances/k16_spiral_loose_s4.txt,16,spiral,loose,4,85.3869,approx,0.050000,85.386922,1.000000,59130,121821,19.807457,19.941708,1
instances/k16_spiral_loose_s4.txt,16,spiral,loose,4,85.3869,approx,0.100000,85.446832,1.000702,9467,43448,8.710314,8.974021,1
instances/k16_spiral_loose_s4.txt,16,spiral,loose,4,85.3869,approx,0.200000,85.446832,1.000702,0,16,4.910539,4.973632,1
instances/k16_spiral_tight_s0.txt,16,spiral,tight,0,155.5816,dp,0.000000,155.581567,1.000000,375543,0,34.589459,36.094609,1
instances/k16_spiral_tight_s0.txt,16,spiral,tight,0,155.5816,dp_par,0.000000,155.581567,1.000000,375543,0,17.966647,18.436527,1
instances/k16_spiral_tight_s0.txt,16,spiral,tight,0,155.5816,dp_prune,0.000000,155.581567,1.000000,88,469,4.930396,5.298499,1
instances/k16_spiral_tight_s0.txt,16,spiral,tight,0,155.5816,approx,0.000000,155.581567,1.000000,88,469,4.971644,5.134447,1
instances/k16_spiral_tight_s0.txt,16,spiral,tight,0,155.5816,approx,0.020000,155.581567,1.000000,88,469,4.874732,4.964669,1
instances/k16_spiral_tight_s0.txt,16,spiral,tight,0,155.5816,approx,0.050000,155.581567,1.000000,88,469,4.948380,5.231366,1
instances/k16_spiral_tight_s0.txt,16,spiral,tight,0,155.5816,approx,0.100000,155.581567,1.000000,88,469,4.965613,5.117738,1
instances/k16_spiral_tight_s0.txt,16,spiral,tight,0,155.5816,approx,0.200000,163.199827,1.048966,72,474,5.000078,5.060648,1
instances/k16_spiral_tight_s1.txt,16,spiral,tight,1,145.9143,dp,0.000000,145.914290,1.000000,373720,0,33.527988,35.701580,1
instances/k16_spiral_tight_s1.txt,16,spiral,tight,1,145.9143,dp_par,0.000000,145.914290,1.000000,373720,0,18.157887,18.385975,1
instances/k16_spiral_tight_s1.txt,16,spiral,tight,1,145.9143,dp_prune,0.000000,145.914290,1.000000,69,361,4.892425,5.130029,1
instances/k16_spiral_tight_s1.txt,16,spiral,tight,1,145.9143,approx,0.000000,145.914290,1.000000,69,361,4.811592,4.946749,1
instances/k16_spiral_tight_s1.txt,16,spiral,tight,1,145.9143,approx,0.020000,145.914290,1.000000,69,361,4.838252,5.123378,1
instances/k16_spiral_tight_s1.txt,16,spiral,tight,1,145.9143,approx,0.050000,145.914290,1.000000,69,361,4.894568,4.996810,1
instances/k16_spiral_tight_s1.txt,16,spiral,tight,1,145.9143,approx,0.100000,145.914290,1.000000,63,366,4.879029,4.937422,1
instances/k16_spiral_tight_s1.txt,16,spiral,tight,1,145.9143,approx,0.200000,154.579450,1.059385,49,347,4.828534,5.113141,1
instances/k16_spiral_tight_s2.txt,16,spiral,tight,2,111.8281,dp,0.000000,111.828083,1.000000,294008,0,25.765501,27.647193,1
instances/k16_spiral_tight_s2.txt,16,spiral,tight,2,111.8281,dp_par,0.000000,111.828083,1.000000,294008,0,16.939520,17.188084,1
instances/k16_spiral_tight_s2.txt,16,spiral,tight,2,111.8281,dp_prune,0.000000,111.828083,1.000000,80,414,4.939062,5.557250,1
instances/k16_spiral_tight_s2.txt,16,spiral,tight,2,111.8281,approx,0.000000,111.828083,1.000000,80,414,4.968358,5.052104,1
instances/k16_spiral_tight_s2.txt,16,spiral,tight,2,111.8281,approx,0.020000,111.828083,1.000000,80,414,5.005387,5.165283,1
instances/k16_spiral_tight_s2.txt,16,spiral,tight,2,111.8281,approx,0.050000,111.828083,1.000000,80,414,4.807294,4.943333,1
instances/k16_spiral_tight_s2.txt,16,spiral,tight,2,111.8281,approx,0.100000,111.828083,1.000000,80,414,4.891583,5.058181,1
instances/k16_spiral_tight_s2.txt,16,spiral,tight,2,111.8281,approx,0.200000,111.828083,1.000000,80,414,4.872187,5.048091,1
instances/k16_spiral_tight_s3.txt,16,spiral,tight,3,138.1963,dp,0.000000,138.196309,1.000000,289592,0,26.577513,28.188895,1
instances/k16_spiral_tight_s3.txt,16,spiral,tight,3,138.1963,dp_par,0.000000,138.196309,1.000000,289592,0,16.257934,16.374448,1
instances/k16_spiral_tight_s3.txt,16,spiral,tight,3,138.1963,dp_prune,0.000000,138.196309,1.000000,38,192,4.785463,5.043842,1
instances/k16_spiral_tight_s3.txt,16,spiral,tight,3,138.1963,approx,0.000000,138.196309,1.000000,38,192,3.974193,4.784455,1
instances/k16_spiral_tight_s3.txt,16,spiral,tight,3,138.1963,approx,0.020000,138.196309,1.000000,38,192,4.853761,5.017448,1
instances/k16_spiral_tight_s3.txt,16,spiral,tight,3,138.1963,approx,0.050000,138.196309,1.000000,37,193,4.872667,4.912359,1
instances/k16_spiral_tight_s3.txt,16,spiral,tight,3,138.1963,approx,0.100000,138.196309,1.000000,34,193,4.768150,5.029006,1
instances/k16_spiral_tight_s3.txt,16,spiral,tight,3,138.1963,approx,0.200000,143.827048,1.040745,23,180,4.861607,4.975724,1
instances/k16_spiral_tight_s4.txt,16,spiral,tight,4,115.4743,dp,0.000000,115.474259,1.000000,377171,0,33.335034,35.294272,1
instances/k16_spiral_tight_s4.txt,16,spiral,tight,4,115.4743,dp_par,0.000000,115.474259,1.000000,377171,0,14.954828,17.754123,1
instances/k16_spiral_tight_s4.txt,16,spiral,tight,4,115.4743,dp_prune,0.000000,115.474259,1.000000,438,1010,4.951732,4.985864,1
instances/k16_spiral_tight_s4.txt,16,spiral,tight,4,115.4743,approx,0.000000,115.474259,1.000000,438,1010,4.970552,5.584350,1
instances/k16_spiral_tight_s4.txt,16,spiral,tight,4,115.4743,approx,0.020000,115.474259,1.000000,438,1010,5.018172,5.201259,1
instances/k16_spiral_tight_s4.txt,16,spiral,tight,4,115.4743,approx,0.050000,115.474259,1.000000,432,1016,5.178585,5.263551,1
instances/k16_spiral_tight_s4.txt,16,spiral,tight,4,115.4743,approx,0.100000,115.474259,1.000000,375,1063,5.000488,5.084938,1
instances/k16_spiral_tight_s4.txt,16,spiral,tight,4,115.4743,approx,0.200000,122.430533,1.060241,93,707,4.952989,5.249758,1
instances/k16_sparse_loose_s0.txt,16,sparse,loose,0,235.7705,dp,0.000000,235.770463,1.000000,455667,0,39.343854,41.265114,1
instances/k16_sparse_loose_s0.txt,16,sparse,loose,0,235.7705,dp_par,0.000000,235.770463,1.000000,455667,0,20.404393,20.732976,1
instances/k16_sparse_loose_s0.txt,16,sparse,loose,0,235.7705,dp_prune,0.000000,235.770463,1.000000,57580,31878,12.494910,12.824266,1
instances/k16_sparse_loose_s0.txt,16,sparse,loose,0,235.7705,approx,0.000000,235.770463,1.000000,57580,31878,13.005673,13.365432,1
instances/k16_sparse_loose_s0.txt,16,sparse,loose,0,235.7705,approx,0.020000,235.770463,1.000000,57574,31884,13.179260,13.625105,1
instances/k16_sparse_loose_s0.txt,16,sparse,loose,0,235.7705,approx,0.050000,235.770463,1.000000,57503,31955,12.363862,13.269776,1
instances/k16_sparse_loose_s0.txt,16,sparse,loose,0,235.7705,approx,0.100000,235.770463,1.000000,56064,33394,13.403071,13.802004,1
instances/k16_sparse_loose_s0.txt,16,sparse,loose,0,235.7705,approx,0.200000,235.770463,1.000000,31910,47999,11.126119,11.563389,1
instances/k16_sparse_loose_s1.txt,16,sparse,loose,1,224.1541,dp,0.000000,224.154110,1.000000,442106,0,38.520811,40.240165,1
instances/k16_sparse_loose_s1.txt,16,sparse,loose,1,224.1541,dp_par,0.000000,224.154110,1.000000,442106,0,17.102910,17.954553,1
instances/k16_sparse_loose_s1.txt,16,sparse,loose,1,224.1541,dp_prune,0.000000,224.154110,1.000000,33633,50863,10.001578,10.115986,1
instances/k16_sparse_loose_s1.txt,16,sparse,loose,1,224.1541,approx,0.000000,224.154110,1.000000,33633,50863,10.358721,10.497824,1
instances/k16_sparse_loose_s1.txt,16,sparse,loose,1,224.1541,approx,0.020000,224.154110,1.000000,33633,50863,9.957134,10.269672,1
instances/k16_sparse_loose_s1.txt,16,sparse,loose,1,224.1541,approx,0.050000,224.154110,1.000000,33633,50863,10.184553,10.639006,1
instances/k16_sparse_loose_s1.txt,16,sparse,loose,1,224.1541,approx,0.100000,224.154110,1.000000,33633,50863,9.638153,10.126440,1
instances/k16_sparse_loose_s1.txt,16,sparse,loose,1,224.1541,approx,0.200000,224.154110,1.000000,33633,50863,10.305672,10.497383,1
instances/k16_sparse_loose_s2.txt,16,sparse,loose,2,301.1879,dp,0.000000,301.187853,1.000000,391615,0,37.331419,38.695868,1
instances/k16_sparse_loose_s2.txt,16,sparse,loose,2,301.1879,dp_par,0.000000,301.187853,1.000000,391615,0,17.668234,17.924864,1
instances/k16_sparse_loose_s2.txt,16,sparse,loose,2,301.1879,dp_prune,0.000000,301.187853,1.000000,10983,15843,6.819278,6.973360,1
instances/k16_sparse_loose_s2.txt,16,sparse,loose,2,301.1879,approx,0.000000,301.187853,1.000000,10983,15843,6.279210,6.927192,1
instances/k16_sparse_loose_s2.txt,16,sparse,loose,2,301.1879,approx,0.020000,301.187853,1.000000,10983,15843,6.883910,7.763182,1
instances/k16_sparse_loose_s2.txt,16,sparse,loose,2,301.1879,approx,0.050000,301.187853,1.000000,10983,15843,7.000439,7.301902,1
instances/k16_sparse_loose_s2.txt,16,sparse,loose,2,301.1879,approx,0.100000,301.187853,1.000000,10983,15843,7.026458,7.284639,1
instances/k16_sparse_loose_s2.txt,16,sparse,loose,2,301.1879,approx,0.200000,301.187853,1.000000,10983,15843,6.926971,7.045020,1
instances/k16_sparse_loose_s3.txt,16,sparse,loose,3,254.0498,dp,0.000000,254.049757,1.000000,450114,0,40.263037,41.889834,1
instances/k16_sparse_loose_s3.txt,16,sparse,loose,3,254.0498,dp_par,0.000000,254.049757,1.000000,450114,0,20.342476,20.511990,1
instances/k16_sparse_loose_s3.txt,16,sparse,loose,3,254.0498,dp_prune,0.000000,254.049757,1.000000,50851,34249,12.447551,12.679586,1
instances/k16_sparse_loose_s3.txt,16,sparse,loose,3,254.0498,approx,0.000000,254.049757,1.000000,50849,34251,12.795376,13.167960,1
instances/k16_sparse_loose_s3.txt,16,sparse,loose,3,254.0498,approx,0.020000,254.049757,1.000000,50808,34292,12.870357,13.187029,1
instances/k16_sparse_loose_s3.txt,16,sparse,loose,3,254.0498,approx,0.050000,254.049757,1.000000,50419,34590,13.191532,13.560935,1
instances/k16_sparse_loose_s3.txt,16,sparse,loose,3,254.0498,approx,0.100000,254.049757,1.000000,47271,37158,11.927690,12.917488,1
instances/k16_sparse_loose_s3.txt,16,sparse,loose,3,254.0498,approx,0.200000,259.345823,1.020846,28212,41087,10.702981,11.011250,1
instances/k16_sparse_loose_s4.txt,16,sparse,loose,4,263.0604,dp,0.000000,263.060366,1.000000,416315,0,36.924111,38.814578,1
instances/k16_sparse_loose_s4.txt,16,sparse,loose,4,263.0604,dp_par,0.000000,263.060366,1.000000,416315,0,18.081563,18.279037,1
instances/k16_sparse_loose_s4.txt,16,sparse,loose,4,263.0604,dp_prune,0.000000,263.060366,1.000000,29401,12827,8.845429,9.006715,1
instances/k16_sparse_loose_s4.txt,16,sparse,loose,4,263.0604,approx,0.000000,263.060366,1.000000,29401,12827,8.255987,8.931046,1
instances/k16_sparse_loose_s4.txt,16,sparse,loose,4,263.0604,approx,0.020000,263.060366,1.000000,29401,12827,8.879141,9.073798,1
instances/k16_sparse_loose_s4.txt,16,sparse,loose,4,263.0604,approx,0.050000,263.060366,1.000000,29401,12827,8.300000,9.219093,1
instances/k16_sparse_loose_s4.txt,16,sparse,loose,4,263.0604,approx,0.100000,263.060366,1.000000,29401,12827,8.891024,8.977271,1
instances/k16_sparse_loose_s4.txt,16,sparse,loose,4,263.0604,approx,0.200000,263.060366,1.000000,29401,12827,9.088557,9.603439,1
instances/k16_sparse_tight_s0.txt,16,sparse,tight,0,463.4989,dp,0.000000,463.498925,1.000000,364548,0,34.682264,35.941842,1
instances/k16_sparse_tight_s0.txt,16,sparse,tight,0,463.4989,dp_par,0.000000,463.498925,1.000000,364548,0,17.950005,18.427908,1
instances/k16_sparse_tight_s0.txt,16,sparse,tight,0,463.4989,dp_prune,0.000000,463.498925,1.000000,91,251,4.825378,5.050220,1
instances/k16_sparse_tight_s0.txt,16,sparse,tight,0,463.4989,approx,0.000000,463.498925,1.000000,91,251,4.866486,5.118815,1
instances/k16_sparse_tight_s0.txt,16,sparse,tight,0,463.4989,approx,0.020000,463.498925,1.000000,91,251,4.819597,4.996695,1
instances/k16_sparse_tight_s0.txt,16,sparse,tight,0,463.4989,approx,0.050000,463.498925,1.000000,91,251,4.932701,4.959796,1
instances/k16_sparse_tight_s0.txt,16,sparse,tight,0,463.4989,approx,0.100000,463.498925,1.000000,91,251,4.808346,4.987726,1
instances/k16_sparse_tight_s0.txt,16,sparse,tight,0,463.4989,approx,0.200000,463.498925,1.000000,91,251,4.832351,4.975357,1
instances/k16_sparse_tight_s1.txt,16,sparse,tight,1,532.7334,dp,0.000000,532.733371,1.000000,361547,0,33.051939,34.369929,1
instances/k16_sparse_tight_s1.txt,16,sparse,tight,1,532.7334,dp_par,0.000000,532.733371,1.000000,361547,0,18.472761,18.870775,1
instances/k16_sparse_tight_s1.txt,16,sparse,tight,1,532.7334,dp_prune,0.000000,532.733371,1.000000,26,195,4.482823,5.026077,1
instances/k16_sparse_tight_s1.txt,16,sparse,tight,1,532.7334,approx,0.000000,532.733371,1.000000,26,195,4.810179,4.991157,1
instances/k16_sparse_tight_s1.txt,16,sparse,tight,1,532.7334,approx,0.020000,532.733371,1.000000,26,195,4.046980,4.716128,1
instances/k16_sparse_tight_s1.txt,16,sparse,tight,1,532.7334,approx,0.050000,532.733371,1.000000,26,195,4.938551,5.245138,1
instances/k16_sparse_tight_s1.txt,16,sparse,tight,1,532.7334,approx,0.100000,532.733371,1.000000,26,195,4.912242,5.112846,1
instances/k16_sparse_tight_s1.txt,16,sparse,tight,1,532.7334,approx,0.200000,563.279957,1.057339,24,196,4.879240,5.038414,1
instances/k16_sparse_tight_s2.txt,16,sparse,tight,2,518.5222,dp,0.000000,518.522151,1.000000,382551,0,36.428957,38.298360,1
instances/k16_sparse_tight_s2.txt,16,sparse,tight,2,518.5222,dp_par,0.000000,518.522151,1.000000,382551,0,17.934806,18.041840,1
instances/k16_sparse_tight_s2.txt,16,sparse,tight,2,518.5222,dp_prune,0.000000,518.522151,1.000000,34,303,4.847730,5.069565,1
instances/k16_sparse_tight_s2.txt,16,sparse,tight,2,518.5222,approx,0.000000,518.522151,1.000000,34,303,4.818395,5.062391,1
instances/k16_sparse_tight_s2.txt,16,sparse,tight,2,518.5222,approx,0.020000,518.522151,1.000000,34,303,4.136689,4.650202,1
instances/k16_sparse_tight_s2.txt,16,sparse,tight,2,518.5222,approx,0.050000,518.522151,1.000000,34,303,4.879340,5.035813,1
instances/k16_sparse_tight_s2.txt,16,sparse,tight,2,518.5222,approx,0.100000,518.522151,1.000000,34,303,4.858591,5.055791,1
instances/k16_sparse_tight_s2.txt,16,sparse,tight,2,518.5222,approx,0.200000,518.522151,1.000000,31,303,4.795632,5.029323,1
instances/k16_sparse_tight_s3.txt,16,sparse,tight,3,430.593,dp,0.000000,430.592958,1.000000,321558,0,29.020488,30.580592,1
instances/k16_sparse_tight_s3.txt,16,sparse,tight,3,430.593,dp_par,0.000000,430.592958,1.000000,321558,0,17.525194,17.735056,1
instances/k16_sparse_tight_s3.txt,16,sparse,tight,3,430.593,dp_prune,0.000000,430.592958,1.000000,18,142,4.857298,5.097044,1
instances/k16_sparse_tight_s3.txt,16,sparse,tight,3,430.593,approx,0.000000,430.592958,1.000000,18,142,4.145346,4.761393,1
instances/k16_sparse_tight_s3.txt,16,sparse,tight,3,430.593,approx,0.020000,430.592958,1.000000,18,142,4.898826,4.990117,1
instances/k16_sparse_tight_s3.txt,16,sparse,tight,3,430.593,approx,0.050000,430.592958,1.000000,18,142,4.870874,5.252768,1
instances/k16_sparse_tight_s3.txt,16,sparse,tight,3,430.593,approx,0.100000,430.592958,1.000000,16,143,4.400316,4.827610,1
instances/k16_sparse_tight_s3.txt,16,sparse,tight,3,430.593,approx,0.200000,430.592958,1.000000,14,140,4.845496,5.075723,1
instances/k16_sparse_tight_s4.txt,16,sparse,tight,4,359.1213,dp,0.000000,359.121311,1.000000,382912,0,33.466191,38.896033,1
instances/k16_sparse_tight_s4.txt,16,sparse,tight,4,359.1213,dp_par,0.000000,359.121311,1.000000,382912,0,16.518916,17.202886,1
instances/k16_sparse_tight_s4.txt,16,sparse,tight,4,359.1213,dp_prune,0.000000,359.121311,1.000000,1542,1131,4.320747,5.021917,1
instances/k16_sparse_tight_s4.txt,16,sparse,tight,4,359.1213,approx,0.000000,359.121311,1.000000,1542,1131,4.629338,5.173771,1
instances/k16_sparse_tight_s4.txt,16,sparse,tight,4,359.1213,approx,0.020000,359.121311,1.000000,1542,1131,5.189725,5.748164,1
instances/k16_sparse_tight_s4.txt,16,sparse,tight,4,359.1213,approx,0.050000,359.121311,1.000000,1542,1131,5.056624,5.174308,1
instances/k16_sparse_tight_s4.txt,16,sparse,tight,4,359.1213,approx,0.100000,359.121311,1.000000,1542,1131,4.403453,5.064034,1
instances/k16_sparse_tight_s4.txt,16,sparse,tight,4,359.1213,approx,0.200000,359.121311,1.000000,1412,1253,5.075259,5.335055,1
instances/k18_uniform_loose_s0.txt,18,uniform,loose,0,88.9862,dp,0.000000,88.986235,1.000000,2112129,0,232.856434,235.883820,1
instances/k18_uniform_loose_s0.txt,18,uniform,loose,0,88.9862,dp_par,0.000000,88.986235,1.000000,2112129,0,121.340470,123.638689,1
instances/k18_uniform_loose_s0.txt,18,uniform,loose,0,88.9862,dp_prune,0.000000,88.986235,1.000000,514370,98276,128.903801,130.514301,1
instances/k18_uniform_loose_s0.txt,18,uniform,loose,0,88.9862,approx,0.000000,88.986235,1.000000,513481,99165,131.406599,136.046620,1
instances/k18_uniform_loose_s0.txt,18,uniform,loose,0,88.9862,approx,0.020000,88.986235,1.000000,510132,102514,131.652463,133.709509,1
instances/k18_uniform_loose_s0.txt,18,uniform,loose,0,88.9862,approx,0.050000,88.986235,1.000000,495147,117499,129.753933,131.869632,1
instances/k18_uniform_loose_s0.txt,18,uniform,loose,0,88.9862,approx,0.100000,88.986235,1.000000,428646,181197,126.145369,127.595295,1
instances/k18_uniform_loose_s0.txt,18,uniform,loose,0,88.9862,approx,0.200000,88.986235,1.000000,196254,258431,99.163545,100.842560,1
instances/k18_uniform_loose_s1.txt,18,uniform,loose,1,89.6782,dp,0.000000,89.678231,1.000000,2359296,0,248.180960,251.569854,1
instances/k18_uniform_loose_s1.txt,18,uniform,loose,1,89.6782,dp_par,0.000000,89.678231,1.000000,2359296,0,125.870671,127.336633,1
instances/k18_uniform_loose_s1.txt,18,uniform,loose,1,89.6782,dp_prune,0.000000,89.678231,1.000000,2269042,90254,370.882725,392.392338,1
instances/k18_uniform_loose_s1.txt,18,uniform,loose,1,89.6782,approx,0.000000,89.678231,1.000000,1763473,501294,345.076799,348.029583,1
instances/k18_uniform_loose_s1.txt,18,uniform,loose,1,89.6782,approx,0.020000,89.678231,1.000000,1484768,673236,314.011695,317.099034,1
instances/k18_uniform_loose_s1.txt,18,uniform,loose,1,89.6782,approx,0.050000,89.678231,1.000000,1039286,850403,259.624776,270.689477,1
instances/k18_uniform_loose_s1.txt,18,uniform,loose,1,89.6782,approx,0.100000,91.050138,1.015298,440992,734892,166.475652,168.526952,1
instances/k18_uniform_loose_s1.txt,18,uniform,loose,1,89.6782,approx,0.200000,97.176021,1.083608,31231,143299,67.224643,67.989127,1
instances/k18_uniform_loose_s2.txt,18,uniform,loose,2,88.6434,dp,0.000000,88.643403,1.000000,2236116,0,232.497628,236.188846,1
instances/k18_uniform_loose_s2.txt,18,uniform,loose,2,88.6434,dp_par,0.000000,88.643403,1.000000,2236116,0,116.649474,120.254225,1
instances/k18_uniform_loose_s2.txt,18,uniform,loose,2,88.6434,dp_prune,0.000000,88.643403,1.000000,1128213,87452,207.050868,210.213172,1
instances/k18_uniform_loose_s2.txt,18,uniform,loose,2,88.6434,approx,0.000000,88.643403,1.000000,928533,285270,201.039152,207.090811,1
instances/k18_uniform_loose_s2.txt,18,uniform,loose,2,88.6434,approx,0.020000,88.643403,1.000000,817545,394021,195.947222,197.467873,1
instances/k18_uniform_loose_s2.txt,18,uniform,loose,2,88.6434,approx,0.050000,88.643403,1.000000,643333,538084,182.881837,184.561310,1
instances/k18_uniform_loose_s2.txt,18,uniform,loose,2,88.6434,approx,0.100000,88.643403,1.000000,365688,522346,141.807952,143.227819,1
instances/k18_uniform_loose_s2.txt,18,uniform,loose,2,88.6434,approx,0.200000,91.630055,1.033693,105066,204234,79.971266,81.481451,1
instances/k18_uniform_loose_s3.txt,18,uniform,loose,3,95.0802,dp,0.000000,95.080212,1.000000,2228016,0,232.192393,235.495130,1
instances/k18_uniform_loose_s3.txt,18,uniform,loose,3,95.0802,dp_par,0.000000,95.080212,1.000000,2228016,0,121.011159,126.347695,1
instances/k18_uniform_loose_s3.txt,18,uniform,loose,3,95.0802,dp_prune,0.000000,95.080212,1.000000,886402,228920,182.230648,183.979142,1
instances/k18_uniform_loose_s3.txt,18,uniform,loose,3,95.0802,approx,0.000000,95.080212,1.000000,196369,351583,106.896665,109.290979,1
instances/k18_uniform_loose_s3.txt,18,uniform,loose,3,95.0802,approx,0.020000,95.080212,1.000000,110867,266074,85.774460,87.095599,1
instances/k18_uniform_loose_s3.txt,18,uniform,loose,3,95.0802,approx,0.050000,95.080212,1.000000,43117,152733,68.605467,69.630551,1
instances/k18_uniform_loose_s3.txt,18,uniform,loose,3,95.0802,approx,0.100000,99.123652,1.042527,8123,43744,56.352143,57.015624,1
instances/k18_uniform_loose_s3.txt,18,uniform,loose,3,95.0802,approx,0.200000,99.123652,1.042527,265,2610,51.977314,52.727721,1
instances/k18_uniform_loose_s4.txt,18,uniform,loose,4,105.9666,dp,0.000000,105.966587,1.000000,2213246,0,233.572023,237.699807,1
instances/k18_uniform_loose_s4.txt,18,uniform,loose,4,105.9666,dp_par,0.000000,105.966587,1.000000,2213246,0,123.342054,125.830784,1
instances/k18_uniform_loose_s4.txt,18,uniform,loose,4,105.9666,dp_prune,0.000000,105.966587,1.000000,857907,157895,168.514257,171.680477,1
instances/k18_uniform_loose_s4.txt,18,uniform,loose,4,105.9666,approx,0.000000,105.966587,1.000000,624183,366977,162.044788,163.745384,1
instances/k18_uniform_loose_s4.txt,18,uniform,loose,4,105.9666,approx,0.020000,105.966587,1.000000,532718,430258,153.560351,155.678813,1
instances/k18_uniform_loose_s4.txt,18,uniform,loose,4,105.9666,approx,0.050000,107.789598,1.017204,389690,458440,136.473062,138.650373,1
instances/k18_uniform_loose_s4.txt,18,uniform,loose,4,105.9666,approx,0.100000,107.789598,1.017204,163625,376604,100.474577,102.231714,1
instances/k18_uniform_loose_s4.txt,18,uniform,loose,4,105.9666,approx,0.200000,110.468713,1.042486,10895,53424,57.295321,57.987859,1
instances/k18_uniform_tight_s0.txt,18,uniform,tight,0,132.9123,dp,0.000000,132.912322,1.000000,1514973,0,179.807320,186.874145,1
instances/k18_uniform_tight_s0.txt,18,uniform,tight,0,132.9123,dp_par,0.000000,132.912322,1.000000,1514973,0,113.061419,115.477928,1
instances/k18_uniform_tight_s0.txt,18,uniform,tight,0,132.9123,dp_prune,0.000000,132.912322,1.000000,737,1270,52.638201,53.123085,1
instances/k18_uniform_tight_s0.txt,18,uniform,tight,0,132.9123,approx,0.000000,132.912322,1.000000,737,1270,52.581383,53.974287,1
instances/k18_uniform_tight_s0.txt,18,uniform,tight,0,132.9123,approx,0.020000,132.912322,1.000000,737,1270,52.090497,53.258433,1
instances/k18_uniform_tight_s0.txt,18,uniform,tight,0,132.9123,approx,0.050000,132.912322,1.000000,737,1270,52.637419,53.209059,1
instances/k18_uniform_tight_s0.txt,18,uniform,tight,0,132.9123,approx,0.100000,132.912322,1.000000,737,1270,52.467077,54.472465,1
instances/k18_uniform_tight_s0.txt,18,uniform,tight,0,132.9123,approx,0.200000,132.912322,1.000000,737,1270,52.876229,56.747863,1
instances/k18_uniform_tight_s1.txt,18,uniform,tight,1,151.0062,dp,0.000000,151.006195,1.000000,1539254,0,181.607273,184.473812,1
instances/k18_uniform_tight_s1.txt,18,uniform,tight,1,151.0062,dp_par,0.000000,151.006195,1.000000,1539254,0,113.027556,114.858503,1
instances/k18_uniform_tight_s1.txt,18,uniform,tight,1,151.0062,dp_prune,0.000000,151.006195,1.000000,237,435,52.978852,53.445635,1
instances/k18_uniform_tight_s1.txt,18,uniform,tight,1,151.0062,approx,0.000000,151.006195,1.000000,215,457,53.215338,53.804652,1
instances/k18_uniform_tight_s1.txt,18,uniform,tight,1,151.0062,approx,0.020000,151.006195,1.000000,182,487,53.196553,54.551219,1
instances/k18_uniform_tight_s1.txt,18,uniform,tight,1,151.0062,approx,0.050000,151.006195,1.000000,155,493,53.267496,53.639758,1
instances/k18_uniform_tight_s1.txt,18,uniform,tight,1,151.0062,approx,0.100000,156.849829,1.038698,60,370,52.796408,53.279548,1
instances/k18_uniform_tight_s1.txt,18,uniform,tight,1,151.0062,approx,0.200000,156.849829,1.038698,22,272,52.815545,54.873369,1
instances/k18_uniform_tight_s2.txt,18,uniform,tight,2,183.4079,dp,0.000000,183.407934,1.000000,1812232,0,207.079071,211.421322,1
instances/k18_uniform_tight_s2.txt,18,uniform,tight,2,183.4079,dp_par,0.000000,183.407934,1.000000,1812232,0,114.431688,121.492460,1
instances/k18_uniform_tight_s2.txt,18,uniform,tight,2,183.4079,dp_prune,0.000000,183.407934,1.000000,113,452,52.159938,53.214473,1
instances/k18_uniform_tight_s2.txt,18,uniform,tight,2,183.4079,approx,0.000000,183.407934,1.000000,113,452,51.988215,53.193417,1
instances/k18_uniform_tight_s2.txt,18,uniform,tight,2,183.4079,approx,0.020000,183.407934,1.000000,113,452,53.331577,54.187130,1
instances/k18_uniform_tight_s2.txt,18,uniform,tight,2,183.4079,approx,0.050000,183.407934,1.000000,113,452,52.768105,54.128180,1
instances/k18_uniform_tight_s2.txt,18,uniform,tight,2,183.4079,approx,0.100000,183.407934,1.000000,113,452,52.912027,53.286198,1
instances/k18_uniform_tight_s2.txt,18,uniform,tight,2,183.4079,approx,0.200000,193.685997,1.056040,76,447,53.990730,60.029725,1
instances/k18_uniform_tight_s3.txt,18,uniform,tight,3,103.8986,dp,0.000000,103.898594,1.000000,1606815,0,188.484439,191.280186,1
instances/k18_uniform_tight_s3.txt,18,uniform,tight,3,103.8986,dp_par,0.000000,103.898594,1.000000,1606815,0,115.573746,117.746151,1
instances/k18_uniform_tight_s3.txt,18,uniform,tight,3,103.8986,dp_prune,0.000000,103.898594,1.000000,7336,9011,54.429688,55.141099,1
instances/k18_uniform_tight_s3.txt,18,uniform,tight,3,103.8986,approx,0.000000,103.898594,1.000000,7336,9011,53.495286,54.676764,1
instances/k18_uniform_tight_s3.txt,18,uniform,tight,3,103.8986,approx,0.020000,103.898594,1.000000,7336,9011,54.091200,54.619781,1
instances/k18_uniform_tight_s3.txt,18,uniform,tight,3,103.8986,approx,0.050000,103.898594,1.000000,7336,9011,54.509589,55.731882,1
instances/k18_uniform_tight_s3.txt,18,uniform,tight,3,103.8986,approx,0.100000,103.898594,1.000000,7336,9011,53.977014,54.582093,1
instances/k18_uniform_tight_s3.txt,18,uniform,tight,3,103.8986,approx,0.200000,103.898594,1.000000,7336,9011,52.974113,57.019044,1
instances/k18_uniform_tight_s4.txt,18,uniform,tight,4,179.9383,dp,0.000000,179.938347,1.000000,1465455,0,162.373919,182.967342,1
instances/k18_uniform_tight_s4.txt,18,uniform,tight,4,179.9383,dp_par,0.000000,179.938347,1.000000,1465455,0,110.617110,111.827467,1
instances/k18_uniform_tight_s4.txt,18,uniform,tight,4,179.9383,dp_prune,0.000000,179.938347,1.000000,46,272,50.014934,51.711205,1
instances/k18_uniform_tight_s4.txt,18,uniform,tight,4,179.9383,approx,0.000000,179.938347,1.000000,46,272,49.569174,50.916794,1
instances/k18_uniform_tight_s4.txt,18,uniform,tight,4,179.9383,approx,0.020000,179.938347,1.000000,46,272,47.560156,49.125603,1
instances/k18_uniform_tight_s4.txt,18,uniform,tight,4,179.9383,approx,0.050000,179.938347,1.000000,46,272,47.329481,51.409131,1
instances/k18_uniform_tight_s4.txt,18,uniform,tight,4,179.9383,approx,0.100000,179.938347,1.000000,46,272,48.232554,50.397235,1
instances/k18_uniform_tight_s4.txt,18,uniform,tight,4,179.9383,approx,0.200000,194.227781,1.079413,41,274,49.162977,50.160137,1
instances/k18_clustered_loose_s0.txt,18,clustered,loose,0,70.4332,dp,0.000000,70.433199,1.000000,2096587,0,214.948259,223.297287,1
instances/k18_clustered_loose_s0.txt,18,clustered,loose,0,70.4332,dp_par,0.000000,70.433199,1.000000,2096587,0,117.547909,120.887031,1
instances/k18_clustered_loose_s0.txt,18,clustered,loose,0,70.4332,dp_prune,0.000000,70.433199,1.000000,264827,302839,101.016458,115.169594,1
instances/k18_clustered_loose_s0.txt,18,clustered,loose,0,70.4332,approx,0.000000,70.433199,1.000000,193769,306563,98.099057,98.846821,1
instances/k18_clustered_loose_s0.txt,18,clustered,loose,0,70.4332,approx,0.020000,70.433199,1.000000,159848,257581,90.923838,92.733239,1
instances/k18_clustered_loose_s0.txt,18,clustered,loose,0,70.4332,approx,0.050000,70.433199,1.000000,116551,136429,75.697729,77.692631,1
instances/k18_clustered_loose_s0.txt,18,clustered,loose,0,70.4332,approx,0.100000,71.174100,1.010519,103702,87543,72.248586,75.245190,1
instances/k18_clustered_loose_s0.txt,18,clustered,loose,0,70.4332,approx,0.200000,71.174100,1.010519,90785,89914,70.244527,71.164364,1
instances/k18_clustered_loose_s1.txt,18,clustered,loose,1,62.0249,dp,0.000000,62.024901,1.000000,2208754,0,235.963142,265.943244,1
instances/k18_clustered_loose_s1.txt,18,clustered,loose,1,62.0249,dp_par,0.000000,62.024901,1.000000,2208754,0,127.722503,132.392876,1
instances/k18_clustered_loose_s1.txt,18,clustered,loose,1,62.0249,dp_prune,0.000000,62.024901,1.000000,844747,161728,182.830279,189.168568,1
instances/k18_clustered_loose_s1.txt,18,clustered,loose,1,62.0249,approx,0.000000,62.024901,1.000000,721562,284551,176.121260,183.664040,1
instances/k18_clustered_loose_s1.txt,18,clustered,loose,1,62.0249,approx,0.020000,62.024901,1.000000,635521,357571,177.904282,199.100908,1
instances/k18_clustered_loose_s1.txt,18,clustered,loose,1,62.0249,approx,0.050000,63.503590,1.023840,445219,461966,149.579315,154.307850,1
instances/k18_clustered_loose_s1.txt,18,clustered,loose,1,62.0249,approx,0.100000,63.503590,1.023840,306036,482800,131.357457,147.567509,1
instances/k18_clustered_loose_s1.txt,18,clustered,loose,1,62.0249,approx,0.200000,63.503590,1.023840,115424,188427,83.321314,84.573621,1
instances/k18_clustered_loose_s2.txt,18,clustered,loose,2,73.2006,dp,0.000000,73.200593,1.000000,2169868,0,236.456592,253.857314,1
instances/k18_clustered_loose_s2.txt,18,clustered,loose,2,73.2006,dp_par,0.000000,73.200593,1.000000,2169868,0,126.251209,131.674376,1
instances/k18_clustered_loose_s2.txt,18,clustered,loose,2,73.2006,dp_prune,0.000000,73.200593,1.000000,554240,353020,148.683520,173.328490,1
instances/k18_clustered_loose_s2.txt,18,clustered,loose,2,73.2006,approx,0.000000,73.200593,1.000000,442980,456048,148.604716,172.744522,1
instances/k18_clustered_loose_s2.txt,18,clustered,loose,2,73.2006,approx,0.020000,73.650356,1.006144,375924,514438,136.532835,143.739323,1
instances/k18_clustered_loose_s2.txt,18,clustered,loose,2,73.2006,approx,0.050000,73.650356,1.006144,300163,582528,126.267650,128.115121,1
instances/k18_clustered_loose_s2.txt,18,clustered,loose,2,73.2006,approx,0.100000,73.650356,1.006144,273326,584293,122.479216,123.546128,1
instances/k18_clustered_loose_s2.txt,18,clustered,loose,2,73.2006,approx,0.200000,73.650356,1.006144,151684,216102,85.541430,89.067643,1
instances/k18_clustered_loose_s3.txt,18,clustered,loose,3,59.9166,dp,0.000000,59.916598,1.000000,2228656,0,234.829044,236.972273,1
instances/k18_clustered_loose_s3.txt,18,clustered,loose,3,59.9166,dp_par,0.000000,59.916598,1.000000,2228656,0,119.610177,127.473761,1
instances/k18_clustered_loose_s3.txt,18,clustered,loose,3,59.9166,dp_prune,0.000000,59.916598,1.000000,572024,548105,178.646873,182.680876,1
instances/k18_clustered_loose_s3.txt,18,clustered,loose,3,59.9166,approx,0.000000,59.916598,1.000000,545554,574575,179.611420,181.440208,1
instances/k18_clustered_loose_s3.txt,18,clustered,loose,3,59.9166,approx,0.020000,59.916598,1.000000,498566,621563,175.075117,177.989111,1
instances/k18_clustered_loose_s3.txt,18,clustered,loose,3,59.9166,approx,0.050000,59.916598,1.000000,396000,724129,164.899351,167.172280,1
instances/k18_clustered_loose_s3.txt,18,clustered,loose,3,59.9166,approx,0.100000,59.990638,1.001236,258913,765866,142.227252,144.528142,1
instances/k18_clustered_loose_s3.txt,18,clustered,loose,3,59.9166,approx,0.200000,60.541080,1.010422,17605,82001,60.348789,61.034358,1
instances/k18_clustered_loose_s4.txt,18,clustered,loose,4,84.9528,dp,0.000000,84.952781,1.000000,2288371,0,237.822007,241.026820,1
instances/k18_clustered_loose_s4.txt,18,clustered,loose,4,84.9528,dp_par,0.000000,84.952781,1.000000,2288371,0,126.048587,127.341952,1
instances/k18_clustered_loose_s4.txt,18,clustered,loose,4,84.9528,dp_prune,0.000000,84.952781,1.000000,1224322,557362,248.879426,253.951642,1
instances/k18_clustered_loose_s4.txt,18,clustered,loose,4,84.9528,approx,0.000000,84.952781,1.000000,398640,755304,153.923155,171.758399,1
instances/k18_clustered_loose_s4.txt,18,clustered,loose,4,84.9528,approx,0.020000,84.952781,1.000000,248641,478007,117.797860,122.173995,1
instances/k18_clustered_loose_s4.txt,18,clustered,loose,4,84.9528,approx,0.050000,84.952781,1.000000,155284,227144,89.105560,91.004500,1
instances/k18_clustered_loose_s4.txt,18,clustered,loose,4,84.9528,approx,0.100000,86.858921,1.022437,130668,144060,81.774568,82.654595,1
instances/k18_clustered_loose_s4.txt,18,clustered,loose,4,84.9528,approx,0.200000,86.858921,1.022437,82151,108170,72.408277,73.244055,1
instances/k18_clustered_tight_s0.txt,18,clustered,tight,0,132.3161,dp,0.000000,132.316082,1.000000,1601275,0,186.556666,193.392082,1
instances/k18_clustered_tight_s0.txt,18,clustered,tight,0,132.3161,dp_par,0.000000,132.316082,1.000000,1601275,0,119.987879,123.681570,1
instances/k18_clustered_tight_s0.txt,18,clustered,tight,0,132.3161,dp_prune,0.000000,132.316082,1.000000,213,634,54.733050,61.602781,1
instances/k18_clustered_tight_s0.txt,18,clustered,tight,0,132.3161,approx,0.000000,132.316082,1.000000,213,634,52.182852,53.315722,1
instances/k18_clustered_tight_s0.txt,18,clustered,tight,0,132.3161,approx,0.020000,132.316082,1.000000,213,634,52.289923,52.926802,1
instances/k18_clustered_tight_s0.txt,18,clustered,tight,0,132.3161,approx,0.050000,132.316082,1.000000,213,634,59.152874,61.137181,1
instances/k18_clustered_tight_s0.txt,18,clustered,tight,0,132.3161,approx,0.100000,132.316082,1.000000,213,634,56.420116,57.971760,1
instances/k18_clustered_tight_s0.txt,18,clustered,tight,0,132.3161,approx,0.200000,132.316082,1.000000,212,635,53.877667,58.191982,1
instances/k18_clustered_tight_s1.txt,18,clustered,tight,1,69.0929,dp,0.000000,69.092853,0.999999,1854366,0,232.389233,239.337046,1
instances/k18_clustered_tight_s1.txt,18,clustered,tight,1,69.0929,dp_par,0.000000,69.092853,0.999999,1854366,0,120.701965,122.698594,1
instances/k18_clustered_tight_s1.txt,18,clustered,tight,1,69.0929,dp_prune,0.000000,69.092853,0.999999,8542,6442,53.876305,54.356560,1
instances/k18_clustered_tight_s1.txt,18,clustered,tight,1,69.0929,approx,0.000000,69.092853,0.999999,8542,6442,52.913960,54.212330,1
instances/k18_clustered_tight_s1.txt,18,clustered,tight,1,69.0929,approx,0.020000,69.092853,0.999999,8542,6442,55.280853,55.588836,1
instances/k18_clustered_tight_s1.txt,18,clustered,tight,1,69.0929,approx,0.050000,69.092853,0.999999,8542,6442,54.758388,61.497635,1
instances/k18_clustered_tight_s1.txt,18,clustered,tight,1,69.0929,approx,0.100000,69.092853,0.999999,8542,6442,53.881454,58.405871,1
instances/k18_clustered_tight_s1.txt,18,clustered,tight,1,69.0929,approx,0.200000,69.092853,0.999999,8542,6442,54.465025,55.734801,1
instances/k18_clustered_tight_s2.txt,18,clustered,tight,2,117.7359,dp,0.000000,117.735876,1.000000,1627456,0,185.699559,188.847315,1
instances/k18_clustered_tight_s2.txt,18,clustered,tight,2,117.7359,dp_par,0.000000,117.735876,1.000000,1627456,0,113.186585,114.064987,1
instances/k18_clustered_tight_s2.txt,18,clustered,tight,2,117.7359,dp_prune,0.000000,117.735876,1.000000,2722,3071,52.948275,55.058758,1
instances/k18_clustered_tight_s2.txt,18,clustered,tight,2,117.7359,approx,0.000000,117.735876,1.000000,2722,3071,52.144139,53.114330,1
instances/k18_clustered_tight_s2.txt,18,clustered,tight,2,117.7359,approx,0.020000,117.735876,1.000000,2722,3071,52.536799,57.563237,1
instances/k18_clustered_tight_s2.txt,18,clustered,tight,2,117.7359,approx,0.050000,117.735876,1.000000,2722,3071,54.986287,65.035494,1
instances/k18_clustered_tight_s2.txt,18,clustered,tight,2,117.7359,approx,0.100000,117.735876,1.000000,2722,3071,53.140217,54.019609,1
instances/k18_clustered_tight_s2.txt,18,clustered,tight,2,117.7359,approx,0.200000,117.735876,1.000000,2722,3071,53.434301,54.631523,1
instances/k18_clustered_tight_s3.txt,18,clustered,tight,3,90.2748,dp,0.000000,90.274846,1.000001,1615549,0,188.138328,190.110394,1
instances/k18_clustered_tight_s3.txt,18,clustered,tight,3,90.2748,dp_par,0.000000,90.274846,1.000001,1615549,0,111.226750,112.993678,1
instances/k18_clustered_tight_s3.txt,18,clustered,tight,3,90.2748,dp_prune,0.000000,90.274846,1.000001,10154,4400,54.643932,56.068604,1
instances/k18_clustered_tight_s3.txt,18,clustered,tight,3,90.2748,approx,0.000000,90.274846,1.000001,10154,4400,54.183584,54.445275,1
instances/k18_clustered_tight_s3.txt,18,clustered,tight,3,90.2748,approx,0.020000,90.274846,1.000001,10154,4400,53.641862,54.521992,1
instances/k18_clustered_tight_s3.txt,18,clustered,tight,3,90.2748,approx,0.050000,90.274846,1.000001,10154,4400,55.429203,58.281220,1
instances/k18_clustered_tight_s3.txt,18,clustered,tight,3,90.2748,approx,0.100000,90.274846,1.000001,10154,4400,54.378903,54.727808,1
instances/k18_clustered_tight_s3.txt,18,clustered,tight,3,90.2748,approx,0.200000,90.274846,1.000001,9092,5462,50.782000,52.323495,1
instances/k18_clustered_tight_s4.txt,18,clustered,tight,4,99.183,dp,0.000000,99.182991,1.000000,1548664,0,176.692707,183.874311,1
instances/k18_clustered_tight_s4.txt,18,clustered,tight,4,99.183,dp_par,0.000000,99.182991,1.000000,1548664,0,104.908717,113.885074,1
instances/k18_clustered_tight_s4.txt,18,clustered,tight,4,99.183,dp_prune,0.000000,99.182991,1.000000,1196,2256,52.573529,54.261926,1
instances/k18_clustered_tight_s4.txt,18,clustered,tight,4,99.183,approx,0.000000,99.182991,1.000000,1196,2256,53.667460,54.500798,1
instances/k18_clustered_tight_s4.txt,18,clustered,tight,4,99.183,approx,0.020000,99.182991,1.000000,1196,2256,52.226404,52.823311,1
instances/k18_clustered_tight_s4.txt,18,clustered,tight,4,99.183,approx,0.050000,99.182991,1.000000,1196,2256,52.535456,52.964902,1
instances/k18_clustered_tight_s4.txt,18,clustered,tight,4,99.183,approx,0.100000,99.182991,1.000000,1196,2256,52.764539,53.726278,1
instances/k18_clustered_tight_s4.txt,18,clustered,tight,4,99.183,approx,0.200000,99.182991,1.000000,1082,2314,51.477642,52.765460,1
instances/k18_linear_loose_s0.txt,18,linear,loose,0,56.25,dp,0.000000,56.250045,1.000001,2137131,0,222.066460,225.752777,1
instances/k18_linear_loose_s0.txt,18,linear,loose,0,56.25,dp_par,0.000000,56.250045,1.000001,2137131,0,117.526839,131.997187,1
instances/k18_linear_loose_s0.txt,18,linear,loose,0,56.25,dp_prune,0.000000,56.250045,1.000001,568232,147807,138.845696,140.344416,1
instances/k18_linear_loose_s0.txt,18,linear,loose,0,56.25,approx,0.000000,56.250045,1.000001,471585,244454,133.984310,141.106324,1
instances/k18_linear_loose_s0.txt,18,linear,loose,0,56.25,approx,0.020000,56.250045,1.000001,444912,271127,135.486562,137.350907,1
instances/k18_linear_loose_s0.txt,18,linear,loose,0,56.25,approx,0.050000,56.250045,1.000001,399720,315946,131.869632,132.912773,1
instances/k18_linear_loose_s0.txt,18,linear,loose,0,56.25,approx,0.100000,56.250045,1.000001,307410,394742,122.797968,124.674989,1
instances/k18_linear_loose_s0.txt,18,linear,loose,0,56.25,approx,0.200000,59.796175,1.063043,103026,317173,86.569418,89.554357,1
instances/k18_linear_loose_s1.txt,18,linear,loose,1,57.855,dp,0.000000,57.855023,1.000000,2359296,0,240.830460,250.178725,1
instances/k18_linear_loose_s1.txt,18,linear,loose,1,57.855,dp_par,0.000000,57.855023,1.000000,2359296,0,123.840332,126.415396,1
instances/k18_linear_loose_s1.txt,18,linear,loose,1,57.855,dp_prune,0.000000,57.855023,1.000000,1902177,456484,349.438943,352.408917,1
instances/k18_linear_loose_s1.txt,18,linear,loose,1,57.855,approx,0.000000,57.855023,1.000000,1639892,663859,338.437740,342.493577,1
instances/k18_linear_loose_s1.txt,18,linear,loose,1,57.855,approx,0.020000,57.855023,1.000000,1418712,775660,312.834054,316.366747,1
instances/k18_linear_loose_s1.txt,18,linear,loose,1,57.855,approx,0.050000,57.855023,1.000000,1090027,839971,276.002818,308.759172,1
instances/k18_linear_loose_s1.txt,18,linear,loose,1,57.855,approx,0.100000,57.862380,1.000128,675447,659891,215.817097,235.997972,1
instances/k18_linear_loose_s1.txt,18,linear,loose,1,57.855,approx,0.200000,57.945028,1.001556,291201,286524,129.584434,158.657525,1
instances/k18_linear_loose_s2.txt,18,linear,loose,2,57.8938,dp,0.000000,57.893768,0.999999,2347893,0,242.532538,256.301021,1
instances/k18_linear_loose_s2.txt,18,linear,loose,2,57.8938,dp_par,0.000000,57.893768,0.999999,2347893,0,123.134712,129.448163,1
instances/k18_linear_loose_s2.txt,18,linear,loose,2,57.8938,dp_prune,0.000000,57.893768,0.999999,1528154,760543,294.309766,300.041347,1
instances/k18_linear_loose_s2.txt,18,linear,loose,2,57.8938,approx,0.000000,57.893768,0.999999,1465610,822762,296.092537,300.537885,1
instances/k18_linear_loose_s2.txt,18,linear,loose,2,57.8938,approx,0.020000,57.893768,0.999999,1317373,962387,289.792138,294.916227,1
instances/k18_linear_loose_s2.txt,18,linear,loose,2,57.8938,approx,0.050000,57.941490,1.000824,1071335,1074717,265.883046,275.346139,1
instances/k18_linear_loose_s2.txt,18,linear,loose,2,57.8938,approx,0.100000,57.941490,1.000824,608809,949808,194.356793,196.345565,1
instances/k18_linear_loose_s2.txt,18,linear,loose,2,57.8938,approx,0.200000,57.941490,1.000824,220357,423123,109.892284,110.591352,1
instances/k18_linear_loose_s3.txt,18,linear,loose,3,46.9945,dp,0.000000,46.994462,0.999999,2147573,0,226.416673,229.459734,1
instances/k18_linear_loose_s3.txt,18,linear,loose,3,46.9945,dp_par,0.000000,46.994462,0.999999,2147573,0,116.587918,119.698099,1
instances/k18_linear_loose_s3.txt,18,linear,loose,3,46.9945,dp_prune,0.000000,46.994462,0.999999,588499,195882,135.379209,137.122822,1
instances/k18_linear_loose_s3.txt,18,linear,loose,3,46.9945,approx,0.000000,46.994462,0.999999,588499,195882,138.208925,139.752235,1
instances/k18_linear_loose_s3.txt,18,linear,loose,3,46.9945,approx,0.020000,46.994462,0.999999,588499,195882,139.911706,141.490455,1
instances/k18_linear_loose_s3.txt,18,linear,loose,3,46.9945,approx,0.050000,46.994462,0.999999,588498,195883,141.831005,143.054991,1
instances/k18_linear_loose_s3.txt,18,linear,loose,3,46.9945,approx,0.100000,46.994462,0.999999,563865,220516,139.153937,140.340207,1
instances/k18_linear_loose_s3.txt,18,linear,loose,3,46.9945,approx,0.200000,46.994462,0.999999,431957,340187,131.128986,134.927753,1
instances/k18_linear_loose_s4.txt,18,linear,loose,4,53.1943,dp,0.000000,53.194320,1.000000,2359296,0,239.746336,249.724508,1
instances/k18_linear_loose_s4.txt,18,linear,loose,4,53.1943,dp_par,0.000000,53.194320,1.000000,2359296,0,127.010891,127.532064,1
instances/k18_linear_loose_s4.txt,18,linear,loose,4,53.1943,dp_prune,0.000000,53.194320,1.000000,2010141,349155,356.650556,362.622545,1
instances/k18_linear_loose_s4.txt,18,linear,loose,4,53.1943,approx,0.000000,53.194320,1.000000,1657645,701635,341.926438,347.308636,1
instances/k18_linear_loose_s4.txt,18,linear,loose,4,53.1943,approx,0.020000,53.194320,1.000000,1434591,922899,324.783034,327.595707,1
instances/k18_linear_loose_s4.txt,18,linear,loose,4,53.1943,approx,0.050000,53.194320,1.000000,1101009,1201119,293.841082,296.504380,1
instances/k18_linear_loose_s4.txt,18,linear,loose,4,53.1943,approx,0.100000,53.215372,1.000396,613093,1054168,210.195166,219.778071,1
instances/k18_linear_loose_s4.txt,18,linear,loose,4,53.1943,approx,0.200000,53.215372,1.000396,109666,364333,94.619667,96.886019,1
instances/k18_linear_tight_s0.txt,18,linear,tight,0,78.5569,dp,0.000000,78.556920,1.000000,1859628,0,209.641293,216.512935,1
instances/k18_linear_tight_s0.txt,18,linear,tight,0,78.5569,dp_par,0.000000,78.556920,1.000000,1859628,0,118.215417,122.445357,1
instances/k18_linear_tight_s0.txt,18,linear,tight,0,78.5569,dp_prune,0.000000,78.556920,1.000000,4211,2799,53.062590,53.652402,1
instances/k18_linear_tight_s0.txt,18,linear,tight,0,78.5569,approx,0.000000,78.556920,1.000000,4211,2799,54.686112,55.433264,1
instances/k18_linear_tight_s0.txt,18,linear,tight,0,78.5569,approx,0.020000,78.556920,1.000000,4211,2799,52.946622,54.461096,1
instances/k18_linear_tight_s0.txt,18,linear,tight,0,78.5569,approx,0.050000,78.556920,1.000000,4211,2799,53.382784,53.883548,1
instances/k18_linear_tight_s0.txt,18,linear,tight,0,78.5569,approx,0.100000,78.556920,1.000000,4211,2799,54.234991,55.835573,1
instances/k18_linear_tight_s0.txt,18,linear,tight,0,78.5569,approx,0.200000,78.556920,1.000000,4211,2799,54.119974,55.726926,1
instances/k18_linear_tight_s1.txt,18,linear,tight,1,150.4413,dp,0.000000,150.441339,1.000000,1774005,0,200.624020,203.742101,1
instances/k18_linear_tight_s1.txt,18,linear,tight,1,150.4413,dp_par,0.000000,150.441339,1.000000,1774005,0,111.705773,114.918541,1
instances/k18_linear_tight_s1.txt,18,linear,tight,1,150.4413,dp_prune,0.000000,150.441339,1.000000,282,1620,52.815956,53.923696,1
instances/k18_linear_tight_s1.txt,18,linear,tight,1,150.4413,approx,0.000000,150.441339,1.000000,282,1620,50.944997,52.651150,1
instances/k18_linear_tight_s1.txt,18,linear,tight,1,150.4413,approx,0.020000,150.441339,1.000000,281,1621,53.344602,54.168704,1
instances/k18_linear_tight_s1.txt,18,linear,tight,1,150.4413,approx,0.050000,150.441339,1.000000,281,1621,52.407164,53.326792,1
instances/k18_linear_tight_s1.txt,18,linear,tight,1,150.4413,approx,0.100000,150.441339,1.000000,278,1621,52.973322,53.383131,1
instances/k18_linear_tight_s1.txt,18,linear,tight,1,150.4413,approx,0.200000,150.441339,1.000000,274,1621,52.970517,54.409182,1
instances/k18_linear_tight_s2.txt,18,linear,tight,2,71.7503,dp,0.000000,71.750254,0.999999,1730113,0,195.651744,200.432779,1
instances/k18_linear_tight_s2.txt,18,linear,tight,2,71.7503,dp_par,0.000000,71.750254,0.999999,1730113,0,114.820757,118.695699,1
instances/k18_linear_tight_s2.txt,18,linear,tight,2,71.7503,dp_prune,0.000000,71.750254,0.999999,4711,7189,53.603039,54.492372,1
instances/k18_linear_tight_s2.txt,18,linear,tight,2,71.7503,approx,0.000000,71.750254,0.999999,4680,7220,53.615663,54.422148,1
instances/k18_linear_tight_s2.txt,18,linear,tight,2,71.7503,approx,0.020000,71.750254,0.999999,4584,7217,54.333297,54.931386,1
instances/k18_linear_tight_s2.txt,18,linear,tight,2,71.7503,approx,0.050000,71.750254,0.999999,4020,7373,54.014445,54.835357,1
instances/k18_linear_tight_s2.txt,18,linear,tight,2,71.7503,approx,0.100000,71.750254,0.999999,2942,7717,52.595109,53.820177,1
instances/k18_linear_tight_s2.txt,18,linear,tight,2,71.7503,approx,0.200000,78.156826,1.089289,1203,6808,54.485343,55.166239,1
instances/k18_linear_tight_s3.txt,18,linear,tight,3,71.6704,dp,0.000000,71.670354,0.999999,1510119,0,174.932658,176.939843,1
instances/k18_linear_tight_s3.txt,18,linear,tight,3,71.6704,dp_par,0.000000,71.670354,0.999999,1510119,0,115.548058,116.890066,1
instances/k18_linear_tight_s3.txt,18,linear,tight,3,71.6704,dp_prune,0.000000,71.670354,0.999999,1943,2081,53.389777,54.821052,1
instances/k18_linear_tight_s3.txt,18,linear,tight,3,71.6704,approx,0.000000,71.670354,0.999999,1943,2081,52.853406,53.766420,1
instances/k18_linear_tight_s3.txt,18,linear,tight,3,71.6704,approx,0.020000,71.670354,0.999999,1943,2081,52.235671,53.098939,1
instances/k18_linear_tight_s3.txt,18,linear,tight,3,71.6704,approx,0.050000,71.670354,0.999999,1943,2081,54.082274,55.152309,1
instances/k18_linear_tight_s3.txt,18,linear,tight,3,71.6704,approx,0.100000,71.670354,0.999999,1943,2081,53.282325,53.665281,1
instances/k18_linear_tight_s3.txt,18,linear,tight,3,71.6704,approx,0.200000,71.670354,0.999999,1943,2081,51.670997,53.173385,1
instances/k18_linear_tight_s4.txt,18,linear,tight,4,87.0569,dp,0.000000,87.056946,1.000001,1872619,0,207.190291,208.955096,1
instances/k18_linear_tight_s4.txt,18,linear,tight,4,87.0569,dp_par,0.000000,87.056946,1.000001,1872619,0,115.672382,116.636109,1
instances/k18_linear_tight_s4.txt,18,linear,tight,4,87.0569,dp_prune,0.000000,87.056946,1.000001,8751,4586,55.004673,56.074241,1
instances/k18_linear_tight_s4.txt,18,linear,tight,4,87.0569,approx,0.000000,87.056946,1.000001,8667,4670,54.340369,55.450172,1
instances/k18_linear_tight_s4.txt,18,linear,tight,4,87.0569,approx,0.020000,87.056946,1.000001,8439,4898,53.608530,54.301763,1
instances/k18_linear_tight_s4.txt,18,linear,tight,4,87.0569,approx,0.050000,87.056946,1.000001,8269,5068,54.115595,54.820451,1
instances/k18_linear_tight_s4.txt,18,linear,tight,4,87.0569,approx,0.100000,87.056946,1.000001,6710,6513,54.132017,57.590815,1
instances/k18_linear_tight_s4.txt,18,linear,tight,4,87.0569,approx,0.200000,87.718169,1.007596,1415,4561,52.777533,60.486651,1
instances/k18_spiral_loose_s0.txt,18,spiral,loose,0,87.7635,dp,0.000000,87.763522,1.000000,2132592,0,229.196705,233.609140,1
instances/k18_spiral_loose_s0.txt,18,spiral,loose,0,87.7635,dp_par,0.000000,87.763522,1.000000,2132592,0,125.760965,127.132383,1
instances/k18_spiral_loose_s0.txt,18,spiral,loose,0,87.7635,dp_prune,0.000000,87.763522,1.000000,350756,328220,121.553621,124.170736,1
instances/k18_spiral_loose_s0.txt,18,spiral,loose,0,87.7635,approx,0.000000,87.763522,1.000000,350756,328220,123.284364,126.417835,1
instances/k18_spiral_loose_s0.txt,18,spiral,loose,0,87.7635,approx,0.020000,87.763522,1.000000,350756,328220,123.837618,126.619948,1
instances/k18_spiral_loose_s0.txt,18,spiral,loose,0,87.7635,approx,0.050000,87.763522,1.000000,350756,328220,124.659958,126.382360,1
instances/k18_spiral_loose_s0.txt,18,spiral,loose,0,87.7635,approx,0.100000,87.763522,1.000000,350283,328693,122.739738,124.291189,1
instances/k18_spiral_loose_s0.txt,18,spiral,loose,0,87.7635,approx,0.200000,87.763522,1.000000,213081,394955,110.684097,113.918491,1
instances/k18_spiral_loose_s1.txt,18,spiral,loose,1,88.9531,dp,0.000000,88.953051,0.999999,1977298,0,225.042776,226.896109,1
instances/k18_spiral_loose_s1.txt,18,spiral,loose,1,88.9531,dp_par,0.000000,88.953051,0.999999,1977298,0,112.313739,114.919683,1
instances/k18_spiral_loose_s1.txt,18,spiral,loose,1,88.9531,dp_prune,0.000000,88.953051,0.999999,182434,149524,84.806023,90.763518,1
instances/k18_spiral_loose_s1.txt,18,spiral,loose,1,88.9531,approx,0.000000,88.953051,0.999999,181743,150215,86.331860,87.501138,1
instances/k18_spiral_loose_s1.txt,18,spiral,loose,1,88.9531,approx,0.020000,88.953051,0.999999,178747,153125,87.534257,94.097226,1
instances/k18_spiral_loose_s1.txt,18,spiral,loose,1,88.9531,approx,0.050000,88.953051,0.999999,162614,167721,85.125826,86.369273,1
instances/k18_spiral_loose_s1.txt,18,spiral,loose,1,88.9531,approx,0.100000,88.953051,0.999999,102753,198475,78.869611,79.445113,1
instances/k18_spiral_loose_s1.txt,18,spiral,loose,1,88.9531,approx,0.200000,99.446564,1.117966,8723,55707,56.338978,57.699960,1
instances/k18_spiral_loose_s2.txt,18,spiral,loose,2,88.7098,dp,0.000000,88.709809,1.000000,2085295,0,229.688481,232.400651,1
instances/k18_spiral_loose_s2.txt,18,spiral,loose,2,88.7098,dp_par,0.000000,88.709809,1.000000,2085295,0,111.803888,119.281100,1
instances/k18_spiral_loose_s2.txt,18,spiral,loose,2,88.7098,dp_prune,0.000000,88.709809,1.000000,329179,245822,113.136110,119.853933,1
instances/k18_spiral_loose_s2.txt,18,spiral,loose,2,88.7098,approx,0.000000,88.709809,1.000000,253362,308615,108.674537,109.391928,1
instances/k18_spiral_loose_s2.txt,18,spiral,loose,2,88.7098,approx,0.020000,88.709809,1.000000,205841,329486,103.866623,105.121749,1
instances/k18_spiral_loose_s2.txt,18,spiral,loose,2,88.7098,approx,0.050000,88.709809,1.000000,128226,316829,93.151398,94.748942,1
instances/k18_spiral_loose_s2.txt,18,spiral,loose,2,88.7098,approx,0.100000,93.427531,1.053182,36397,178736,70.549892,71.811335,1
instances/k18_spiral_loose_s2.txt,18,spiral,loose,2,88.7098,approx,0.200000,93.427531,1.053182,445,4676,52.600589,53.886418,1
instances/k18_spiral_loose_s3.txt,18,spiral,loose,3,88.6076,dp,0.000000,88.607552,0.999999,2128498,0,238.666489,240.559791,1
instances/k18_spiral_loose_s3.txt,18,spiral,loose,3,88.6076,dp_par,0.000000,88.607552,0.999999,2128498,0,113.883830,116.236509,1
instances/k18_spiral_loose_s3.txt,18,spiral,loose,3,88.6076,dp_prune,0.000000,88.607552,0.999999,503876,233567,126.703282,130.035448,1
instances/k18_spiral_loose_s3.txt,18,spiral,loose,3,88.6076,approx,0.000000,88.607552,0.999999,503232,234176,131.166818,131.945181,1
instances/k18_spiral_loose_s3.txt,18,spiral,loose,3,88.6076,approx,0.020000,88.607552,0.999999,500128,237042,131.000524,133.396091,1
instances/k18_spiral_loose_s3.txt,18,spiral,loose,3,88.6076,approx,0.050000,88.607552,0.999999,481433,253356,127.400205,133.191390,1
instances/k18_spiral_loose_s3.txt,18,spiral,loose,3,88.6076,approx,0.100000,88.607552,0.999999,354951,333197,103.326484,117.229027,1
instances/k18_spiral_loose_s3.txt,18,spiral,loose,3,88.6076,approx,0.200000,95.057794,1.072795,26984,123322,65.775351,66.646251,1
instances/k18_spiral_loose_s4.txt,18,spiral,loose,4,88.3154,dp,0.000000,88.315433,1.000000,2119396,0,232.132059,237.188870,1
instances/k18_spiral_loose_s4.txt,18,spiral,loose,4,88.3154,dp_par,0.000000,88.315433,1.000000,2119396,0,116.442785,119.923612,1
instances/k18_spiral_loose_s4.txt,18,spiral,loose,4,88.3154,dp_prune,0.000000,88.315433,1.000000,293780,300133,106.271347,118.169342,1
instances/k18_spiral_loose_s4.txt,18,spiral,loose,4,88.3154,approx,0.000000,88.315433,1.000000,293780,300133,113.969021,117.072965,1
instances/k18_spiral_loose_s4.txt,18,spiral,loose,4,88.3154,approx,0.020000,88.315433,1.000000,206159,306202,100.822091,102.056146,1
instances/k18_spiral_loose_s4.txt,18,spiral,loose,4,88.3154,approx,0.050000,88.315433,1.000000,97034,244813,81.065901,82.797618,1
instances/k18_spiral_loose_s4.txt,18,spiral,loose,4,88.3154,approx,0.100000,88.389403,1.000838,14397,76162,59.167982,59.670199,1
instances/k18_spiral_loose_s4.txt,18,spiral,loose,4,88.3154,approx,0.200000,90.951164,1.029845,0,18,52.665301,52.857359,1
instances/k18_spiral_tight_s0.txt,18,spiral,tight,0,104.2999,dp,0.000000,104.299873,1.000000,1492003,0,175.451277,177.015266,1
instances/k18_spiral_tight_s0.txt,18,spiral,tight,0,104.2999,dp_par,0.000000,104.299873,1.000000,1492003,0,110.326763,114.542572,1
instances/k18_spiral_tight_s0.txt,18,spiral,tight,0,104.2999,dp_prune,0.000000,104.299873,1.000000,3733,4181,53.439411,53.764520,1
instances/k18_spiral_tight_s0.txt,18,spiral,tight,0,104.2999,approx,0.000000,104.299873,1.000000,3356,4558,53.799079,55.859210,1
instances/k18_spiral_tight_s0.txt,18,spiral,tight,0,104.2999,approx,0.020000,104.299873,1.000000,2977,4929,53.920277,55.642268,1
instances/k18_spiral_tight_s0.txt,18,spiral,tight,0,104.2999,approx,0.050000,104.299873,1.000000,2365,5149,53.760476,54.474857,1
instances/k18_spiral_tight_s0.txt,18,spiral,tight,0,104.2999,approx,0.100000,109.458687,1.049461,1392,4243,53.721553,54.767848,1
instances/k18_spiral_tight_s0.txt,18,spiral,tight,0,104.2999,approx,0.200000,111.560124,1.069609,545,2687,53.430484,54.465860,1
instances/k18_spiral_tight_s1.txt,18,spiral,tight,1,144.9149,dp,0.000000,144.914902,1.000000,1386939,0,170.344117,172.861849,1
instances/k18_spiral_tight_s1.txt,18,spiral,tight,1,144.9149,dp_par,0.000000,144.914902,1.000000,1386939,0,109.828423,112.178056,1
instances/k18_spiral_tight_s1.txt,18,spiral,tight,1,144.9149,dp_prune,0.000000,144.914902,1.000000,136,585,53.560599,53.742236,1
instances/k18_spiral_tight_s1.txt,18,spiral,tight,1,144.9149,approx,0.000000,144.914902,1.000000,136,585,52.333766,53.459711,1
instances/k18_spiral_tight_s1.txt,18,spiral,tight,1,144.9149,approx,0.020000,144.914902,1.000000,136,585,52.168956,53.953388,1
instances/k18_spiral_tight_s1.txt,18,spiral,tight,1,144.9149,approx,0.050000,144.914902,1.000000,134,587,53.000022,54.147372,1
instances/k18_spiral_tight_s1.txt,18,spiral,tight,1,144.9149,approx,0.100000,146.121136,1.008324,115,599,52.292398,52.814937,1
instances/k18_spiral_tight_s1.txt,18,spiral,tight,1,144.9149,approx,0.200000,146.121136,1.008324,79,540,53.453958,54.084567,1
instances/k18_spiral_tight_s2.txt,18,spiral,tight,2,126.1439,dp,0.000000,126.143893,1.000000,1332509,0,159.505901,160.965176,1
instances/k18_spiral_tight_s2.txt,18,spiral,tight,2,126.1439,dp_par,0.000000,126.143893,1.000000,1332509,0,111.667842,112.519275,1
instances/k18_spiral_tight_s2.txt,18,spiral,tight,2,126.1439,dp_prune,0.000000,126.143893,1.000000,63,471,52.389170,53.774210,1
instances/k18_spiral_tight_s2.txt,18,spiral,tight,2,126.1439,approx,0.000000,126.143893,1.000000,63,471,53.743915,54.142130,1
instances/k18_spiral_tight_s2.txt,18,spiral,tight,2,126.1439,approx,0.020000,126.143893,1.000000,63,471,53.099951,53.646247,1
instances/k18_spiral_tight_s2.txt,18,spiral,tight,2,126.1439,approx,0.050000,126.143893,1.000000,58,476,52.775518,53.720090,1
instances/k18_spiral_tight_s2.txt,18,spiral,tight,2,126.1439,approx,0.100000,126.143893,1.000000,43,456,53.684332,54.296473,1
instances/k18_spiral_tight_s2.txt,18,spiral,tight,2,126.1439,approx,0.200000,126.143893,1.000000,40,441,52.815945,53.399363,1
instances/k18_spiral_tight_s3.txt,18,spiral,tight,3,127.9144,dp,0.000000,127.914370,1.000000,1436233,0,172.766744,181.841759,1
instances/k18_spiral_tight_s3.txt,18,spiral,tight,3,127.9144,dp_par,0.000000,127.914370,1.000000,1436233,0,109.939032,111.017486,1
instances/k18_spiral_tight_s3.txt,18,spiral,tight,3,127.9144,dp_prune,0.000000,127.914370,1.000000,184,483,52.481715,53.312464,1
instances/k18_spiral_tight_s3.txt,18,spiral,tight,3,127.9144,approx,0.000000,127.914370,1.000000,184,483,52.647207,53.896549,1
instances/k18_spiral_tight_s3.txt,18,spiral,tight,3,127.9144,approx,0.020000,127.914370,1.000000,184,483,52.342162,53.598677,1
instances/k18_spiral_tight_s3.txt,18,spiral,tight,3,127.9144,approx,0.050000,127.914370,1.000000,184,483,52.384782,53.171808,1
instances/k18_spiral_tight_s3.txt,18,spiral,tight,3,127.9144,approx,0.100000,127.914370,1.000000,184,483,51.772518,53.515655,1
instances/k18_spiral_tight_s3.txt,18,spiral,tight,3,127.9144,approx,0.200000,127.914370,1.000000,181,486,52.918429,54.015217,1
instances/k18_spiral_tight_s4.txt,18,spiral,tight,4,110.4109,dp,0.000000,110.410851,1.000000,1449240,0,167.278426,170.586385,1
instances/k18_spiral_tight_s4.txt,18,spiral,tight,4,110.4109,dp_par,0.000000,110.410851,1.000000,1449240,0,107.181568,110.612351,1
instances/k18_spiral_tight_s4.txt,18,spiral,tight,4,110.4109,dp_prune,0.000000,110.410851,1.000000,671,1701,53.541754,54.173784,1
instances/k18_spiral_tight_s4.txt,18,spiral,tight,4,110.4109,approx,0.000000,110.410851,1.000000,671,1701,53.098488,53.563254,1
instances/k18_spiral_tight_s4.txt,18,spiral,tight,4,110.4109,approx,0.020000,110.410851,1.000000,671,1701,51.601847,53.621779,1
instances/k18_spiral_tight_s4.txt,18,spiral,tight,4,110.4109,approx,0.050000,110.410851,1.000000,671,1701,53.224586,54.958267,1
instances/k18_spiral_tight_s4.txt,18,spiral,tight,4,110.4109,approx,0.100000,110.410851,1.000000,665,1707,53.074693,53.737216,1
instances/k18_spiral_tight_s4.txt,18,spiral,tight,4,110.4109,approx,0.200000,110.410851,1.000000,622,1741,51.501206,52.729685,1
instances/k18_sparse_loose_s0.txt,18,sparse,loose,0,223.4775,dp,0.000000,223.477532,1.000000,1961241,0,224.615075,227.409781,1
instances/k18_sparse_loose_s0.txt,18,sparse,loose,0,223.4775,dp_par,0.000000,223.477532,1.000000,1961241,0,119.361878,120.982426,1
instances/k18_sparse_loose_s0.txt,18,sparse,loose,0,223.4775,dp_prune,0.000000,223.477532,1.000000,111044,191142,74.961021,75.603923,1
instances/k18_sparse_loose_s0.txt,18,sparse,loose,0,223.4775,approx,0.000000,223.477532,1.000000,111044,191142,74.876841,75.296637,1
instances/k18_sparse_loose_s0.txt,18,sparse,loose,0,223.4775,approx,0.020000,223.477532,1.000000,111044,191142,75.230278,78.217534,1
instances/k18_sparse_loose_s0.txt,18,sparse,loose,0,223.4775,approx,0.050000,223.477532,1.000000,111044,191142,74.818271,75.606239,1
instances/k18_sparse_loose_s0.txt,18,sparse,loose,0,223.4775,approx,0.100000,223.477532,1.000000,108859,193327,76.096852,77.003431,1
instances/k18_sparse_loose_s0.txt,18,sparse,loose,0,223.4775,approx,0.200000,223.477532,1.000000,94791,201797,74.290306,75.737046,1
instances/k18_sparse_loose_s1.txt,18,sparse,loose,1,261.1064,dp,0.000000,261.106450,1.000000,1668617,0,191.886255,194.904011,1
instances/k18_sparse_loose_s1.txt,18,sparse,loose,1,261.1064,dp_par,0.000000,261.106450,1.000000,1668617,0,115.553007,120.006578,1
instances/k18_sparse_loose_s1.txt,18,sparse,loose,1,261.1064,dp_prune,0.000000,261.106450,1.000000,22231,29909,56.937055,58.062294,1
instances/k18_sparse_loose_s1.txt,18,sparse,loose,1,261.1064,approx,0.000000,261.106450,1.000000,22231,29909,57.766981,58.331052,1
instances/k18_sparse_loose_s1.txt,18,sparse,loose,1,261.1064,approx,0.020000,261.106450,1.000000,22222,29918,57.586881,57.780039,1
instances/k18_sparse_loose_s1.txt,18,sparse,loose,1,261.1064,approx,0.050000,261.106450,1.000000,22153,29987,56.483801,58.431602,1
instances/k18_sparse_loose_s1.txt,18,sparse,loose,1,261.1064,approx,0.100000,261.106450,1.000000,21796,30269,56.860692,58.330972,1
instances/k18_sparse_loose_s1.txt,18,sparse,loose,1,261.1064,approx,0.200000,261.106450,1.000000,17510,31788,57.061200,57.634864,1
instances/k18_sparse_loose_s2.txt,18,sparse,loose,2,265.1977,dp,0.000000,265.197722,1.000000,1857321,0,207.863990,209.107521,1
instances/k18_sparse_loose_s2.txt,18,sparse,loose,2,265.1977,dp_par,0.000000,265.197722,1.000000,1857321,0,105.079900,112.845400,1
instances/k18_sparse_loose_s2.txt,18,sparse,loose,2,265.1977,dp_prune,0.000000,265.197722,1.000000,71713,36870,63.916776,64.826369,1
instances/k18_sparse_loose_s2.txt,18,sparse,loose,2,265.1977,approx,0.000000,265.197722,1.000000,71713,36870,65.138460,65.995754,1
instances/k18_sparse_loose_s2.txt,18,sparse,loose,2,265.1977,approx,0.020000,265.197722,1.000000,71679,36904,64.600094,65.001035,1
instances/k18_sparse_loose_s2.txt,18,sparse,loose,2,265.1977,approx,0.050000,265.197722,1.000000,70475,38108,65.396346,66.008064,1
instances/k18_sparse_loose_s2.txt,18,sparse,loose,2,265.1977,approx,0.100000,265.197722,1.000000,57819,50430,63.441600,66.211945,1
instances/k18_sparse_loose_s2.txt,18,sparse,loose,2,265.1977,approx,0.200000,276.690465,1.043337,28895,68781,61.794946,62.151977,1
instances/k18_sparse_loose_s3.txt,18,sparse,loose,3,240.7499,dp,0.000000,240.749910,1.000000,2130535,0,231.141061,243.128598,1
instances/k18_sparse_loose_s3.txt,18,sparse,loose,3,240.7499,dp_par,0.000000,240.749910,1.000000,2130535,0,120.498892,122.564181,1
instances/k18_sparse_loose_s3.txt,18,sparse,loose,3,240.7499,dp_prune,0.000000,240.749910,1.000000,353888,554598,118.595183,120.151291,1
instances/k18_sparse_loose_s3.txt,18,sparse,loose,3,240.7499,approx,0.000000,240.749910,1.000000,353888,554598,122.567553,123.173233,1
instances/k18_sparse_loose_s3.txt,18,sparse,loose,3,240.7499,approx,0.020000,240.749910,1.000000,353888,554598,121.613224,123.728623,1
instances/k18_sparse_loose_s3.txt,18,sparse,loose,3,240.7499,approx,0.050000,240.749910,1.000000,353888,554598,119.600645,122.739498,1
instances/k18_sparse_loose_s3.txt,18,sparse,loose,3,240.7499,approx,0.100000,240.749910,1.000000,353888,554598,121.546458,122.509247,1
instances/k18_sparse_loose_s3.txt,18,sparse,loose,3,240.7499,approx,0.200000,240.749910,1.000000,352552,555934,120.766427,126.888322,1
instances/k18_sparse_loose_s4.txt,18,sparse,loose,4,248.8656,dp,0.000000,248.865591,1.000000,1942871,0,219.466247,221.800154,1
instances/k18_sparse_loose_s4.txt,18,sparse,loose,4,248.8656,dp_par,0.000000,248.865591,1.000000,1942871,0,115.887277,118.510624,1
instances/k18_sparse_loose_s4.txt,18,sparse,loose,4,248.8656,dp_prune,0.000000,248.865591,1.000000,108271,113504,75.017967,83.336332,1
instances/k18_sparse_loose_s4.txt,18,sparse,loose,4,248.8656,approx,0.000000,248.865591,1.000000,108271,113504,73.347999,74.810236,1
instances/k18_sparse_loose_s4.txt,18,sparse,loose,4,248.8656,approx,0.020000,248.865591,1.000000,108271,113504,73.339243,75.621400,1
instances/k18_sparse_loose_s4.txt,18,sparse,loose,4,248.8656,approx,0.050000,248.865591,1.000000,108271,113504,74.383681,82.780352,1
instances/k18_sparse_loose_s4.txt,18,sparse,loose,4,248.8656,approx,0.100000,248.865591,1.000000,108271,113504,72.820835,74.180455,1
instances/k18_sparse_loose_s4.txt,18,sparse,loose,4,248.8656,approx,0.200000,248.865591,1.000000,108271,113504,74.028782,74.812744,1
instances/k18_sparse_tight_s0.txt,18,sparse,tight,0,432.9664,dp,0.000000,432.966412,1.000000,1576096,0,179.438789,183.229978,1
instances/k18_sparse_tight_s0.txt,18,sparse,tight,0,432.9664,dp_par,0.000000,432.966412,1.000000,1576096,0,111.130489,113.061742,1
instances/k18_sparse_tight_s0.txt,18,sparse,tight,0,432.9664,dp_prune,0.000000,432.966412,1.000000,298,548,51.695012,52.711713,1
instances/k18_sparse_tight_s0.txt,18,sparse,tight,0,432.9664,approx,0.000000,432.966412,1.000000,298,548,51.951987,52.775020,1
instances/k18_sparse_tight_s0.txt,18,sparse,tight,0,432.9664,approx,0.020000,432.966412,1.000000,298,548,53.230777,53.867001,1
instances/k18_sparse_tight_s0.txt,18,sparse,tight,0,432.9664,approx,0.050000,432.966412,1.000000,298,548,51.946025,52.937418,1
instances/k18_sparse_tight_s0.txt,18,sparse,tight,0,432.9664,approx,0.100000,432.966412,1.000000,280,566,51.177506,52.681092,1
instances/k18_sparse_tight_s0.txt,18,sparse,tight,0,432.9664,approx,0.200000,432.966412,1.000000,105,484,52.308199,53.325552,1
instances/k18_sparse_tight_s1.txt,18,sparse,tight,1,487.1159,dp,0.000000,487.115876,1.000000,1478103,0,177.781691,180.856157,1
instances/k18_sparse_tight_s1.txt,18,sparse,tight,1,487.1159,dp_par,0.000000,487.115876,1.000000,1478103,0,113.562925,115.067528,1
instances/k18_sparse_tight_s1.txt,18,sparse,tight,1,487.1159,dp_prune,0.000000,487.115876,1.000000,167,415,53.013077,53.687446,1
instances/k18_sparse_tight_s1.txt,18,sparse,tight,1,487.1159,approx,0.000000,487.115876,1.000000,167,415,53.174391,53.458415,1
instances/k18_sparse_tight_s1.txt,18,sparse,tight,1,487.1159,approx,0.020000,487.115876,1.000000,167,415,52.822969,53.313948,1
instances/k18_sparse_tight_s1.txt,18,sparse,tight,1,487.1159,approx,0.050000,487.115876,1.000000,167,415,54.087512,55.319241,1
instances/k18_sparse_tight_s1.txt,18,sparse,tight,1,487.1159,approx,0.100000,487.115876,1.000000,167,415,53.389497,56.030036,1
instances/k18_sparse_tight_s1.txt,18,sparse,tight,1,487.1159,approx,0.200000,487.115876,1.000000,167,415,52.605389,53.862413,1
instances/k18_sparse_tight_s2.txt,18,sparse,tight,2,518.0535,dp,0.000000,518.053510,1.000000,1439333,0,168.107530,169.526225,1
instances/k18_sparse_tight_s2.txt,18,sparse,tight,2,518.0535,dp_par,0.000000,518.053510,1.000000,1439333,0,111.633046,114.148803,1
instances/k18_sparse_tight_s2.txt,18,sparse,tight,2,518.0535,dp_prune,0.000000,518.053510,1.000000,37,208,52.259656,54.386808,1
instances/k18_sparse_tight_s2.txt,18,sparse,tight,2,518.0535,approx,0.000000,518.053510,1.000000,37,208,52.856572,53.583819,1
instances/k18_sparse_tight_s2.txt,18,sparse,tight,2,518.0535,approx,0.020000,518.053510,1.000000,37,208,51.646540,53.143972,1
instances/k18_sparse_tight_s2.txt,18,sparse,tight,2,518.0535,approx,0.050000,518.053510,1.000000,37,208,52.003243,53.526589,1
instances/k18_sparse_tight_s2.txt,18,sparse,tight,2,518.0535,approx,0.100000,518.053510,1.000000,37,208,53.138824,54.648312,1
instances/k18_sparse_tight_s2.txt,18,sparse,tight,2,518.0535,approx,0.200000,518.053510,1.000000,37,208,53.707887,54.533512,1
instances/k18_sparse_tight_s3.txt,18,sparse,tight,3,570.8538,dp,0.000000,570.853797,1.000000,1567975,0,184.923576,194.743181,1
instances/k18_sparse_tight_s3.txt,18,sparse,tight,3,570.8538,dp_par,0.000000,570.853797,1.000000,1567975,0,113.203918,114.483921,1
instances/k18_sparse_tight_s3.txt,18,sparse,tight,3,570.8538,dp_prune,0.000000,570.853797,1.000000,28,274,52.373280,52.766766,1
instances/k18_sparse_tight_s3.txt,18,sparse,tight,3,570.8538,approx,0.000000,570.853797,1.000000,28,274,52.818600,53.488479,1
instances/k18_sparse_tight_s3.txt,18,sparse,tight,3,570.8538,approx,0.020000,570.853797,1.000000,28,274,52.823019,53.545709,1
instances/k18_sparse_tight_s3.txt,18,sparse,tight,3,570.8538,approx,0.050000,570.853797,1.000000,28,274,51.194347,52.596359,1
instances/k18_sparse_tight_s3.txt,18,sparse,tight,3,570.8538,approx,0.100000,570.853797,1.000000,28,274,52.665982,53.289370,1
instances/k18_sparse_tight_s3.txt,18,sparse,tight,3,570.8538,approx,0.200000,570.853797,1.000000,25,274,51.974478,53.583018,1
instances/k18_sparse_tight_s4.txt,18,sparse,tight,4,632.5155,dp,0.000000,632.515470,1.000000,1525232,0,183.421364,185.367017,1
instances/k18_sparse_tight_s4.txt,18,sparse,tight,4,632.5155,dp_par,0.000000,632.515470,1.000000,1525232,0,115.305280,116.119988,1
instances/k18_sparse_tight_s4.txt,18,sparse,tight,4,632.5155,dp_prune,0.000000,632.515470,1.000000,31,229,52.504408,53.888750,1
instances/k18_sparse_tight_s4.txt,18,sparse,tight,4,632.5155,approx,0.000000,632.515470,1.000000,31,229,51.868038,53.182108,1
instances/k18_sparse_tight_s4.txt,18,sparse,tight,4,632.5155,approx,0.020000,632.515470,1.000000,31,229,53.052131,53.595036,1
instances/k18_sparse_tight_s4.txt,18,sparse,tight,4,632.5155,approx,0.050000,632.515470,1.000000,31,229,52.052896,53.584370,1
instances/k18_sparse_tight_s4.txt,18,sparse,tight,4,632.5155,approx,0.100000,632.515470,1.000000,31,229,52.831054,53.424044,1
instances/k18_sparse_tight_s4.txt,18,sparse,tight,4,632.5155,approx,0.200000,697.025667,1.101990,24,228,52.286517,53.695739,1
